payment_id,customer_id,amount,payment_method,status,failure_reason,attempt_number,created_at,recovered,recovered_amount
pay_00004,cust_0387,999,upi,failed,limit_exceeded,1,2026-08-13T18:07:57.926991,False,0
pay_00005,cust_0377,499,netbanking,failed,authentication_failed,1,2026-07-26T14:11:57.926996,True,499
pay_00006,cust_0185,1999,netbanking,failed,network_error,1,2026-07-24T17:07:57.927001,True,1999
pay_00009,cust_1120,499,upi,failed,limit_exceeded,1,2026-08-15T22:32:57.927014,True,499
pay_00011,cust_0041,4999,wallet,failed,insufficient_funds,1,2026-07-27T19:50:57.927023,False,0
pay_00012,cust_0040,199,netbanking,failed,limit_exceeded,1,2026-08-13T20:04:57.927028,False,0
pay_00013,cust_0994,499,wallet,failed,limit_exceeded,1,2026-08-04T18:04:57.927032,False,0
pay_00016,cust_0973,1999,card,failed,limit_exceeded,2,2026-08-06T22:53:57.927047,True,1999
pay_00017,cust_0887,299,netbanking,failed,insufficient_funds,1,2026-08-08T21:14:57.927051,False,0
pay_00019,cust_0900,9999,card,failed,insufficient_funds,1,2026-07-30T19:49:57.927060,True,9999
pay_00021,cust_0749,2499,netbanking,failed,limit_exceeded,2,2026-08-03T03:30:57.927070,True,2499
pay_00023,cust_0576,1999,card,failed,network_error,1,2026-08-21T04:16:57.927079,True,1999
pay_00025,cust_0746,2499,card,failed,limit_exceeded,1,2026-07-23T07:49:57.927087,True,2499
pay_00026,cust_0469,199,upi,failed,insufficient_funds,1,2026-08-16T06:17:57.927091,True,199
pay_00029,cust_0014,1999,wallet,failed,insufficient_funds,1,2026-08-04T12:08:57.927106,False,0
pay_00031,cust_0403,199,wallet,failed,insufficient_funds,1,2026-07-23T04:20:57.927115,False,0
pay_00035,cust_0940,199,wallet,failed,network_error,3,2026-08-03T12:44:57.927132,False,0
pay_00036,cust_0131,999,netbanking,failed,insufficient_funds,1,2026-07-26T19:56:57.927137,False,0
pay_00037,cust_0635,499,card,failed,timeout,1,2026-07-23T07:21:57.927141,False,0
pay_00041,cust_0190,499,upi,failed,timeout,3,2026-08-11T03:33:57.927159,False,0
pay_00049,cust_1466,1499,wallet,failed,authentication_failed,2,2026-08-08T05:56:57.927194,False,0
pay_00050,cust_0321,2499,card,failed,network_error,2,2026-08-04T08:41:57.927199,False,0
pay_00056,cust_0516,199,netbanking,failed,bank_error,1,2026-08-14T08:05:57.927225,True,199
pay_00057,cust_0274,4999,upi,failed,authentication_failed,1,2026-08-03T11:16:57.927229,True,4999
pay_00058,cust_0662,9999,wallet,failed,bank_error,3,2026-08-13T21:59:57.927233,False,0
pay_00061,cust_1483,199,wallet,failed,bank_error,2,2026-07-29T10:47:57.927248,True,199
pay_00063,cust_0424,9999,netbanking,failed,bank_error,3,2026-07-24T00:24:57.927257,False,0
pay_00064,cust_1285,499,wallet,failed,bank_error,1,2026-08-04T05:19:57.927261,True,499
pay_00069,cust_0340,499,wallet,failed,authentication_failed,1,2026-07-30T09:01:57.927283,False,0
pay_00072,cust_0996,299,wallet,failed,authentication_failed,1,2026-07-25T03:38:57.927296,False,0
pay_00075,cust_0537,1499,netbanking,failed,authentication_failed,3,2026-08-12T21:24:57.927310,False,0
pay_00079,cust_0576,1999,upi,failed,insufficient_funds,1,2026-07-24T20:25:57.927327,False,0
pay_00094,cust_0699,999,card,failed,insufficient_funds,1,2026-08-06T14:49:57.927393,False,0
pay_00097,cust_1237,499,upi,failed,timeout,1,2026-08-01T17:57:57.927406,False,0
pay_00102,cust_1443,999,netbanking,failed,limit_exceeded,1,2026-07-30T22:12:57.927428,False,0
pay_00108,cust_0831,2499,upi,failed,authentication_failed,3,2026-08-11T04:58:57.927455,False,0
pay_00110,cust_0376,1999,upi,failed,insufficient_funds,1,2026-07-28T21:45:57.927464,False,0
pay_00113,cust_0634,299,wallet,failed,authentication_failed,1,2026-08-05T02:21:57.927477,False,0
pay_00120,cust_1371,2499,wallet,failed,limit_exceeded,1,2026-08-18T06:06:57.927507,False,0
pay_00123,cust_0686,1999,wallet,failed,bank_error,1,2026-07-27T06:57:57.927521,False,0
pay_00131,cust_0523,1999,wallet,failed,authentication_failed,1,2026-08-09T01:08:57.927556,False,0
pay_00132,cust_1411,999,wallet,failed,network_error,1,2026-08-11T18:48:57.927560,True,999
pay_00139,cust_1120,1499,netbanking,failed,timeout,2,2026-08-22T00:38:57.927592,True,1499
pay_00142,cust_0520,1499,upi,failed,insufficient_funds,1,2026-07-29T00:40:57.927604,True,1499
pay_00149,cust_0383,1499,wallet,failed,bank_error,1,2026-07-24T04:32:57.927634,True,1499
pay_00151,cust_0135,499,upi,failed,insufficient_funds,1,2026-08-14T18:16:57.927644,True,499
pay_00155,cust_1474,1499,card,failed,network_error,1,2026-08-05T10:42:57.927662,True,1499
pay_00156,cust_0196,2499,card,failed,network_error,1,2026-08-11T00:05:57.927666,True,2499
pay_00159,cust_1072,4999,wallet,failed,timeout,1,2026-08-16T18:32:57.927680,True,4999
pay_00168,cust_0507,4999,card,failed,insufficient_funds,2,2026-08-21T22:28:57.927718,False,0
pay_00169,cust_0948,4999,wallet,failed,bank_error,2,2026-08-02T03:30:57.927723,True,4999
pay_00170,cust_1399,2499,wallet,failed,network_error,1,2026-07-25T01:56:57.927727,True,2499
pay_00176,cust_0701,499,upi,failed,authentication_failed,1,2026-08-09T13:26:57.927755,False,0
pay_00179,cust_0908,2499,upi,failed,limit_exceeded,1,2026-08-15T13:17:57.927769,False,0
pay_00180,cust_0705,299,card,failed,timeout,1,2026-08-01T12:30:57.927774,True,299
pay_00181,cust_0021,299,card,failed,limit_exceeded,1,2026-08-22T01:37:57.927778,False,0
pay_00182,cust_0513,1499,card,failed,network_error,1,2026-08-13T07:26:57.927782,True,1499
pay_00183,cust_0466,2499,wallet,failed,bank_error,1,2026-08-21T15:53:57.927787,False,0
pay_00189,cust_1291,1999,wallet,failed,insufficient_funds,1,2026-08-11T01:43:57.927811,True,1999
pay_00190,cust_0447,9999,upi,failed,network_error,1,2026-08-14T03:55:57.927816,True,9999
pay_00193,cust_1264,4999,upi,failed,bank_error,1,2026-08-18T20:31:57.927830,False,0
pay_00195,cust_1197,4999,upi,failed,insufficient_funds,2,2026-08-08T19:19:57.927838,False,0
pay_00198,cust_0438,1499,wallet,failed,insufficient_funds,2,2026-08-03T11:04:57.927852,False,0
pay_00205,cust_0120,499,netbanking,failed,network_error,1,2026-08-08T20:02:57.927881,False,0
pay_00210,cust_1135,199,wallet,failed,limit_exceeded,2,2026-08-10T18:29:57.927902,False,0
pay_00212,cust_1384,999,wallet,failed,bank_error,1,2026-08-03T00:53:57.927910,False,0
pay_00214,cust_0941,1999,upi,failed,bank_error,1,2026-07-22T14:32:57.927919,True,1999
pay_00220,cust_0900,9999,netbanking,failed,limit_exceeded,1,2026-07-24T21:35:57.927956,True,9999
pay_00221,cust_0767,2499,card,failed,timeout,2,2026-08-22T01:22:57.927961,True,2499
pay_00229,cust_0907,199,card,failed,network_error,2,2026-08-06T14:15:57.927995,True,199
pay_00232,cust_1303,299,card,failed,network_error,1,2026-08-14T13:13:57.928007,True,299
pay_00242,cust_1295,999,wallet,failed,authentication_failed,3,2026-07-28T04:03:57.928051,False,0
pay_00246,cust_0162,2499,netbanking,failed,limit_exceeded,1,2026-08-19T03:04:57.928068,False,0
pay_00249,cust_0299,1499,upi,failed,insufficient_funds,3,2026-08-05T18:06:57.928081,False,0
pay_00251,cust_1304,299,netbanking,failed,bank_error,1,2026-07-22T13:18:57.928090,False,0
pay_00253,cust_0277,1499,wallet,failed,bank_error,2,2026-08-16T09:32:57.928098,True,1499
pay_00257,cust_0463,299,card,failed,bank_error,1,2026-08-11T09:57:57.928117,False,0
pay_00262,cust_1013,499,wallet,failed,bank_error,1,2026-08-06T22:34:57.928139,True,499
pay_00264,cust_0514,1499,card,failed,insufficient_funds,1,2026-08-21T14:23:57.928147,True,1499
pay_00267,cust_0440,1999,upi,failed,limit_exceeded,1,2026-08-16T10:09:57.928160,True,1999
pay_00273,cust_0044,199,card,failed,timeout,1,2026-08-18T16:40:57.928185,True,199
pay_00284,cust_0050,2499,upi,failed,network_error,1,2026-08-12T22:22:57.928238,True,2499
pay_00286,cust_0993,9999,upi,failed,limit_exceeded,1,2026-08-16T14:44:57.928247,False,0
pay_00288,cust_0910,1499,card,failed,bank_error,1,2026-08-01T15:15:57.928255,False,0
pay_00292,cust_0594,299,wallet,failed,timeout,1,2026-08-06T04:54:57.928272,True,299
pay_00294,cust_0146,1499,card,failed,limit_exceeded,3,2026-07-24T14:05:57.928282,False,0
pay_00295,cust_1145,9999,wallet,failed,limit_exceeded,1,2026-07-30T18:24:57.928286,False,0
pay_00298,cust_1472,2499,netbanking,failed,network_error,1,2026-08-03T01:36:57.928299,True,2499
pay_00299,cust_0349,2499,upi,failed,insufficient_funds,1,2026-08-22T09:29:57.928303,True,2499
pay_00304,cust_0680,299,netbanking,failed,authentication_failed,3,2026-08-01T21:30:57.928325,False,0
pay_00310,cust_0805,2499,netbanking,failed,authentication_failed,1,2026-08-17T04:54:57.928351,True,2499
pay_00311,cust_1420,299,card,failed,bank_error,1,2026-08-19T18:58:57.928355,False,0
pay_00312,cust_0076,1499,netbanking,failed,network_error,1,2026-08-12T18:35:57.928360,False,0
pay_00313,cust_0519,499,netbanking,failed,timeout,1,2026-08-08T06:27:57.928364,True,499
pay_00317,cust_0385,9999,upi,failed,insufficient_funds,1,2026-08-12T20:37:57.928382,True,9999
pay_00318,cust_0449,199,upi,failed,limit_exceeded,2,2026-08-08T16:54:57.928386,False,0
pay_00324,cust_0347,9999,upi,failed,bank_error,3,2026-08-20T08:06:57.928413,False,0
pay_00327,cust_0744,1499,card,failed,network_error,1,2026-08-08T10:58:57.928426,True,1499
pay_00329,cust_0722,999,card,failed,insufficient_funds,2,2026-07-30T20:28:57.928435,False,0
pay_00339,cust_0947,4999,upi,failed,authentication_failed,2,2026-08-06T04:45:57.928478,False,0
pay_00340,cust_0565,999,upi,failed,insufficient_funds,1,2026-08-11T20:05:57.928482,True,999
pay_00343,cust_0464,1999,wallet,failed,authentication_failed,1,2026-08-11T13:23:57.928496,False,0
pay_00345,cust_0832,199,netbanking,failed,bank_error,1,2026-08-20T18:30:57.928505,False,0
pay_00346,cust_1239,9999,netbanking,failed,authentication_failed,1,2026-08-04T17:19:57.928510,False,0
pay_00359,cust_0777,9999,card,failed,limit_exceeded,1,2026-07-26T16:15:57.928564,True,9999
pay_00361,cust_0430,199,upi,failed,limit_exceeded,1,2026-08-02T19:11:57.928573,False,0
pay_00363,cust_0654,499,wallet,failed,timeout,2,2026-07-28T17:24:57.928583,True,499
pay_00366,cust_1221,299,upi,failed,limit_exceeded,1,2026-07-23T02:14:57.928596,False,0
pay_00368,cust_0243,4999,upi,failed,timeout,1,2026-08-13T04:58:57.928605,True,4999
pay_00369,cust_0279,9999,netbanking,failed,authentication_failed,2,2026-07-24T18:39:57.928609,False,0
pay_00370,cust_0596,499,card,failed,limit_exceeded,2,2026-08-14T18:43:57.928613,False,0
pay_00371,cust_1131,199,upi,failed,authentication_failed,2,2026-08-16T08:36:57.928617,False,0
pay_00374,cust_0709,199,netbanking,failed,limit_exceeded,1,2026-08-05T13:17:57.928631,False,0
pay_00378,cust_1157,1499,upi,failed,bank_error,1,2026-08-19T20:12:57.928649,True,1499
pay_00380,cust_1007,1499,netbanking,failed,bank_error,1,2026-08-04T05:11:57.928657,False,0
pay_00384,cust_0283,4999,upi,failed,limit_exceeded,1,2026-08-12T02:47:57.928674,False,0
pay_00387,cust_1062,199,card,failed,limit_exceeded,2,2026-08-04T12:52:57.928688,True,199
pay_00395,cust_0173,299,card,failed,network_error,1,2026-08-13T03:07:57.928723,False,0
pay_00399,cust_0874,999,card,failed,insufficient_funds,1,2026-08-03T11:35:57.928740,False,0
pay_00401,cust_0811,9999,upi,failed,bank_error,2,2026-08-04T19:47:57.928748,True,9999
pay_00404,cust_0838,2499,card,failed,timeout,2,2026-08-04T05:47:57.928761,False,0
pay_00407,cust_0073,199,card,failed,bank_error,1,2026-08-02T08:17:57.928775,True,199
pay_00413,cust_1126,9999,card,failed,insufficient_funds,1,2026-08-20T07:25:57.928801,False,0
pay_00417,cust_0464,999,upi,failed,authentication_failed,1,2026-07-27T07:56:57.928817,False,0
pay_00420,cust_0875,299,upi,failed,bank_error,2,2026-07-28T07:02:57.928830,True,299
pay_00421,cust_1036,4999,wallet,failed,limit_exceeded,1,2026-08-14T22:23:57.928835,False,0
pay_00423,cust_0503,499,netbanking,failed,authentication_failed,1,2026-08-20T02:43:57.928843,True,499
pay_00424,cust_0468,1499,upi,failed,timeout,1,2026-08-10T07:09:57.928848,False,0
pay_00425,cust_0818,299,wallet,failed,authentication_failed,1,2026-07-29T06:57:57.928852,False,0
pay_00427,cust_0151,1999,wallet,failed,authentication_failed,1,2026-08-05T11:27:57.928862,False,0
pay_00434,cust_1068,299,netbanking,failed,insufficient_funds,1,2026-07-27T23:25:57.928893,True,299
pay_00439,cust_0578,999,wallet,failed,limit_exceeded,1,2026-07-25T12:41:57.928914,True,999
pay_00441,cust_0752,2499,netbanking,failed,authentication_failed,1,2026-08-05T17:58:57.928923,False,0
pay_00442,cust_0172,999,wallet,failed,timeout,1,2026-08-05T19:27:57.928927,False,0
pay_00443,cust_0380,499,netbanking,failed,limit_exceeded,2,2026-08-04T02:17:57.928931,True,499
pay_00446,cust_0997,1499,upi,failed,timeout,1,2026-07-24T18:22:57.928944,True,1499
pay_00447,cust_1016,2499,card,failed,network_error,1,2026-08-13T03:02:57.928949,True,2499
pay_00449,cust_0087,9999,upi,failed,timeout,1,2026-08-09T16:17:57.928958,False,0
pay_00450,cust_0127,299,card,failed,insufficient_funds,1,2026-08-04T19:31:57.928963,False,0
pay_00457,cust_1027,4999,upi,failed,network_error,1,2026-08-09T10:57:57.928992,True,4999
pay_00458,cust_0900,499,netbanking,failed,insufficient_funds,1,2026-07-30T18:30:57.928997,False,0
pay_00460,cust_0147,2499,card,failed,insufficient_funds,2,2026-08-11T09:51:57.929005,False,0
pay_00464,cust_0050,4999,netbanking,failed,network_error,2,2026-08-07T10:12:57.929022,True,4999
pay_00468,cust_0850,499,upi,failed,authentication_failed,1,2026-08-14T23:31:57.929039,False,0
pay_00473,cust_0439,199,wallet,failed,network_error,2,2026-08-01T04:20:57.929062,True,199
pay_00474,cust_1274,2499,netbanking,failed,network_error,1,2026-08-06T15:51:57.929066,True,2499
pay_00476,cust_0342,1499,upi,failed,limit_exceeded,1,2026-08-17T13:20:57.929075,False,0
pay_00489,cust_0105,9999,upi,failed,insufficient_funds,1,2026-08-16T23:20:57.929132,False,0
pay_00491,cust_0362,499,wallet,failed,authentication_failed,2,2026-08-21T14:02:57.929148,True,499
pay_00494,cust_0348,1999,card,failed,network_error,2,2026-07-26T10:19:57.929164,True,1999
pay_00496,cust_1418,1499,card,failed,bank_error,1,2026-08-14T04:09:57.929173,False,0
pay_00499,cust_0319,999,upi,failed,authentication_failed,2,2026-07-22T12:11:57.929185,False,0
pay_00510,cust_1361,1499,wallet,failed,limit_exceeded,1,2026-08-04T21:26:57.929233,False,0
pay_00512,cust_0037,299,wallet,failed,network_error,1,2026-08-02T10:54:57.929243,True,299
pay_00517,cust_0237,1999,netbanking,failed,limit_exceeded,1,2026-08-16T16:30:57.929264,True,1999
pay_00519,cust_0428,1999,upi,failed,bank_error,1,2026-08-11T16:58:57.929272,True,1999
pay_00521,cust_1333,9999,netbanking,failed,bank_error,1,2026-08-05T20:42:57.929281,True,9999
pay_00523,cust_1407,999,netbanking,failed,network_error,1,2026-08-06T12:34:57.929290,True,999
pay_00524,cust_1373,499,upi,failed,limit_exceeded,1,2026-07-29T00:24:57.929294,True,499
pay_00525,cust_0062,999,wallet,failed,timeout,2,2026-08-17T09:18:57.929298,True,999
pay_00527,cust_0049,2499,upi,failed,timeout,2,2026-07-27T05:56:57.929307,True,2499
pay_00531,cust_0301,199,netbanking,failed,network_error,1,2026-08-22T03:04:57.929326,False,0
pay_00535,cust_1145,9999,upi,failed,timeout,2,2026-08-18T13:20:57.929344,True,9999
pay_00541,cust_0225,1499,netbanking,failed,timeout,2,2026-08-01T01:06:57.929369,False,0
pay_00547,cust_0025,999,netbanking,failed,timeout,2,2026-08-06T12:43:57.929393,False,0
pay_00548,cust_0841,1999,netbanking,failed,insufficient_funds,1,2026-08-14T12:18:57.929399,True,1999
pay_00550,cust_0643,1999,wallet,failed,timeout,3,2026-08-20T22:44:57.929407,False,0
pay_00553,cust_0242,199,netbanking,failed,network_error,1,2026-07-25T21:06:57.929420,False,0
pay_00558,cust_0897,199,card,failed,insufficient_funds,1,2026-08-06T16:29:57.929442,True,199
pay_00559,cust_0229,199,netbanking,failed,network_error,3,2026-08-18T13:56:57.929446,False,0
pay_00560,cust_1208,1499,wallet,failed,timeout,3,2026-08-05T18:47:57.929451,False,0
pay_00564,cust_1244,299,upi,failed,bank_error,1,2026-08-01T00:42:57.929467,False,0
pay_00568,cust_1176,1999,wallet,failed,bank_error,1,2026-08-17T02:29:57.929485,True,1999
pay_00574,cust_1407,2499,wallet,failed,authentication_failed,1,2026-08-11T13:41:57.929511,False,0
pay_00578,cust_0569,299,wallet,failed,timeout,2,2026-08-11T15:10:57.929528,False,0
pay_00580,cust_0472,1499,upi,failed,limit_exceeded,1,2026-08-13T06:21:57.929537,True,1499
pay_00583,cust_0552,1999,upi,failed,bank_error,1,2026-08-09T01:51:57.929550,True,1999
pay_00584,cust_1493,9999,upi,failed,authentication_failed,1,2026-08-02T15:14:57.929555,False,0
pay_00586,cust_0403,299,card,failed,timeout,2,2026-08-20T08:36:57.929563,True,299
pay_00588,cust_1084,9999,upi,failed,limit_exceeded,1,2026-08-08T12:14:57.929573,False,0
pay_00590,cust_0196,2499,card,failed,bank_error,1,2026-08-16T10:11:57.929581,False,0
pay_00594,cust_0137,499,upi,failed,limit_exceeded,1,2026-08-19T07:08:57.929598,False,0
pay_00599,cust_1362,999,upi,failed,bank_error,1,2026-08-21T23:19:57.929620,False,0
pay_00608,cust_1176,1499,upi,failed,limit_exceeded,1,2026-08-15T01:51:57.929658,True,1499
pay_00611,cust_0439,499,netbanking,failed,bank_error,1,2026-08-15T08:01:57.929671,True,499
pay_00613,cust_0774,1499,wallet,failed,limit_exceeded,2,2026-08-16T07:47:57.929680,False,0
pay_00615,cust_0979,9999,wallet,failed,insufficient_funds,1,2026-08-18T05:56:57.929688,False,0
pay_00619,cust_0196,999,netbanking,failed,insufficient_funds,2,2026-08-08T15:53:57.929706,True,999
pay_00622,cust_1477,499,card,failed,authentication_failed,1,2026-07-28T22:29:57.929719,True,499
pay_00624,cust_0832,199,card,failed,limit_exceeded,1,2026-08-16T00:53:57.929727,False,0
pay_00630,cust_0132,9999,card,failed,limit_exceeded,2,2026-08-07T11:14:57.929754,False,0
pay_00631,cust_0734,199,upi,failed,authentication_failed,1,2026-08-19T09:43:57.929758,False,0
pay_00632,cust_0681,9999,upi,failed,network_error,2,2026-08-21T05:47:57.929763,True,9999
pay_00633,cust_0895,2499,netbanking,failed,limit_exceeded,1,2026-08-14T21:12:57.929768,False,0
pay_00634,cust_0356,4999,card,failed,network_error,1,2026-07-30T02:58:57.929772,True,4999
pay_00647,cust_1301,1999,netbanking,failed,network_error,1,2026-08-19T17:50:57.929829,False,0
pay_00648,cust_1006,199,card,failed,authentication_failed,1,2026-08-06T09:52:57.929834,False,0
pay_00649,cust_0857,4999,upi,failed,network_error,1,2026-08-17T14:53:57.929838,True,4999
pay_00659,cust_0963,9999,netbanking,failed,authentication_failed,1,2026-08-21T21:17:57.929880,False,0
pay_00664,cust_1065,299,wallet,failed,bank_error,1,2026-07-25T19:59:57.929902,False,0
pay_00668,cust_0017,4999,wallet,failed,insufficient_funds,1,2026-08-20T03:08:57.929920,False,0
pay_00678,cust_1284,4999,netbanking,failed,network_error,1,2026-08-16T06:32:57.929970,False,0
pay_00680,cust_0182,2499,wallet,failed,network_error,2,2026-07-28T01:48:57.929979,False,0
pay_00683,cust_0346,9999,upi,failed,network_error,2,2026-08-07T12:06:57.929992,True,9999
pay_00685,cust_1326,199,upi,failed,authentication_failed,1,2026-08-13T07:41:57.930003,False,0
pay_00686,cust_0260,2499,wallet,failed,limit_exceeded,1,2026-08-05T05:03:57.930007,True,2499
pay_00687,cust_0329,299,upi,failed,authentication_failed,1,2026-08-17T00:14:57.930012,False,0
pay_00694,cust_0856,299,netbanking,failed,insufficient_funds,2,2026-08-15T22:24:57.930041,True,299
pay_00697,cust_1422,199,wallet,failed,insufficient_funds,1,2026-08-14T05:48:57.930054,False,0
pay_00706,cust_0323,2499,netbanking,failed,network_error,1,2026-08-18T20:51:57.930094,False,0
pay_00708,cust_1392,199,wallet,failed,timeout,1,2026-08-01T01:02:57.930102,True,199
pay_00709,cust_1464,4999,upi,failed,insufficient_funds,1,2026-07-23T15:24:57.930107,False,0
pay_00711,cust_1014,1999,wallet,failed,network_error,1,2026-08-14T14:13:57.930116,True,1999
pay_00715,cust_1346,1499,netbanking,failed,insufficient_funds,1,2026-08-17T08:09:57.930132,False,0
pay_00717,cust_1477,4999,card,failed,insufficient_funds,2,2026-08-06T14:34:57.930141,False,0
pay_00722,cust_0685,499,upi,failed,network_error,1,2026-07-26T03:58:57.930161,False,0
pay_00723,cust_1140,1999,netbanking,failed,bank_error,1,2026-08-15T20:21:57.930167,False,0
pay_00724,cust_0944,199,netbanking,failed,authentication_failed,1,2026-08-03T22:15:57.930171,False,0
pay_00726,cust_0309,4999,netbanking,failed,limit_exceeded,1,2026-08-14T14:57:57.930181,True,4999
pay_00732,cust_0903,1999,card,failed,bank_error,2,2026-08-01T10:01:57.930206,True,1999
pay_00733,cust_0069,199,card,failed,limit_exceeded,1,2026-08-05T15:33:57.930210,False,0
pay_00737,cust_0792,9999,upi,failed,timeout,1,2026-07-29T21:49:57.930228,True,9999
pay_00738,cust_0251,9999,card,failed,authentication_failed,1,2026-08-04T17:31:57.930232,False,0
pay_00741,cust_1145,299,card,failed,authentication_failed,1,2026-08-06T09:11:57.930245,False,0
pay_00743,cust_0161,999,card,failed,authentication_failed,1,2026-08-01T14:59:57.930254,True,999
pay_00744,cust_1029,499,netbanking,failed,insufficient_funds,2,2026-08-11T11:41:57.930258,False,0
pay_00746,cust_0399,9999,netbanking,failed,insufficient_funds,1,2026-08-10T11:08:57.930268,False,0
pay_00755,cust_0654,4999,card,failed,authentication_failed,1,2026-07-24T02:20:57.930305,False,0
pay_00756,cust_0192,299,upi,failed,insufficient_funds,1,2026-08-08T23:07:57.930309,True,299
pay_00759,cust_0524,2499,card,failed,limit_exceeded,1,2026-07-25T13:24:57.930322,False,0
pay_00769,cust_0001,4999,wallet,failed,bank_error,2,2026-08-21T20:11:57.930367,True,4999
pay_00774,cust_1372,1999,upi,failed,limit_exceeded,3,2026-08-03T13:30:57.930388,False,0
pay_00775,cust_0800,299,wallet,failed,network_error,1,2026-08-06T11:06:57.930392,True,299
pay_00779,cust_0605,1999,netbanking,failed,timeout,1,2026-07-22T21:41:57.930410,False,0
pay_00789,cust_1181,199,wallet,failed,network_error,1,2026-07-30T19:04:57.930454,True,199
pay_00794,cust_1107,499,upi,failed,network_error,1,2026-08-05T02:16:57.930475,True,499
pay_00799,cust_1439,1499,upi,failed,insufficient_funds,1,2026-08-19T18:16:57.930496,False,0
pay_00800,cust_1417,2499,upi,failed,authentication_failed,3,2026-08-06T09:34:57.930501,False,0
pay_00802,cust_0773,199,netbanking,failed,network_error,2,2026-08-05T16:22:57.930510,True,199
pay_00804,cust_0831,499,upi,failed,network_error,1,2026-08-18T03:52:57.930519,False,0
pay_00807,cust_0257,1999,card,failed,limit_exceeded,3,2026-08-18T13:57:57.930531,False,0
pay_00810,cust_0277,499,upi,failed,authentication_failed,2,2026-08-17T02:52:57.930545,False,0
pay_00811,cust_0629,1499,netbanking,failed,network_error,1,2026-08-09T01:48:57.930549,True,1499
pay_00812,cust_0350,999,card,failed,limit_exceeded,1,2026-08-18T02:09:57.930554,False,0
pay_00815,cust_1438,1999,card,failed,limit_exceeded,1,2026-07-30T11:06:57.930567,True,1999
pay_00817,cust_0147,4999,card,failed,timeout,1,2026-07-31T03:20:57.930575,False,0
pay_00821,cust_0105,4999,upi,failed,bank_error,2,2026-08-06T03:28:57.930593,True,4999
pay_00826,cust_1458,4999,upi,failed,timeout,1,2026-08-10T21:40:57.930615,True,4999
pay_00828,cust_0067,2499,upi,failed,timeout,2,2026-08-21T22:26:57.930623,False,0
pay_00829,cust_0102,199,wallet,failed,bank_error,1,2026-08-05T22:46:57.930628,True,199
pay_00830,cust_1484,299,wallet,failed,network_error,1,2026-08-17T20:44:57.930632,True,299
pay_00831,cust_1393,2499,card,failed,authentication_failed,1,2026-08-04T10:42:57.930637,False,0
pay_00835,cust_0268,9999,wallet,failed,bank_error,2,2026-08-05T12:56:57.930655,True,9999
pay_00837,cust_1266,999,upi,failed,authentication_failed,1,2026-08-09T14:28:57.930664,False,0
pay_00838,cust_0375,299,netbanking,failed,network_error,1,2026-07-26T06:29:57.930668,False,0
pay_00840,cust_0795,499,wallet,failed,authentication_failed,1,2026-08-15T21:30:57.930678,False,0
pay_00843,cust_1385,1999,card,failed,network_error,2,2026-07-25T14:03:57.930690,True,1999
pay_00846,cust_0316,9999,wallet,failed,network_error,1,2026-08-17T04:44:57.930703,True,9999
pay_00852,cust_0150,9999,card,failed,insufficient_funds,1,2026-08-01T16:56:57.930733,True,9999
pay_00854,cust_0254,199,card,failed,limit_exceeded,1,2026-08-16T13:34:57.930741,False,0
pay_00857,cust_0031,1499,card,failed,insufficient_funds,1,2026-07-30T21:52:57.930754,False,0
pay_00862,cust_0574,1999,wallet,failed,network_error,1,2026-07-26T22:27:57.930775,False,0
pay_00863,cust_0856,1999,upi,failed,timeout,1,2026-08-04T14:17:57.930779,True,1999
pay_00868,cust_1324,999,wallet,failed,insufficient_funds,1,2026-08-07T20:04:57.930800,True,999
pay_00870,cust_0878,199,upi,failed,network_error,2,2026-08-03T11:18:57.930809,False,0
pay_00879,cust_1129,1499,netbanking,failed,bank_error,1,2026-08-09T14:20:57.930848,False,0
pay_00880,cust_1363,2499,upi,failed,network_error,1,2026-07-26T18:27:57.930852,False,0
pay_00881,cust_0196,199,wallet,failed,network_error,1,2026-07-30T18:43:57.930856,False,0
pay_00887,cust_1412,1999,wallet,failed,bank_error,1,2026-08-06T19:46:57.930881,False,0
pay_00895,cust_1073,499,upi,failed,network_error,3,2026-08-04T23:51:57.930915,False,0
pay_00900,cust_0047,2499,netbanking,failed,timeout,2,2026-07-23T00:20:57.930936,False,0
pay_00903,cust_0230,199,wallet,failed,timeout,1,2026-07-28T11:57:57.930949,True,199
pay_00908,cust_1335,1499,upi,failed,limit_exceeded,3,2026-08-09T10:09:57.930970,False,0
pay_00914,cust_0086,1999,upi,failed,bank_error,1,2026-08-16T06:15:57.930996,False,0
pay_00918,cust_1172,999,netbanking,failed,limit_exceeded,1,2026-07-26T21:02:57.931013,True,999
pay_00923,cust_0475,2499,netbanking,failed,limit_exceeded,1,2026-07-31T20:17:57.931034,True,2499
pay_00925,cust_1208,299,upi,failed,insufficient_funds,1,2026-08-06T14:33:57.931042,True,299
pay_00929,cust_1158,9999,upi,failed,limit_exceeded,1,2026-08-18T22:56:57.931059,False,0
pay_00930,cust_1086,9999,wallet,failed,insufficient_funds,1,2026-08-05T02:57:57.931064,True,9999
pay_00932,cust_1301,999,wallet,failed,network_error,2,2026-08-14T05:00:57.931072,False,0
pay_00938,cust_0010,1999,upi,failed,authentication_failed,1,2026-07-24T00:04:57.931100,False,0
pay_00940,cust_1135,999,card,failed,authentication_failed,1,2026-08-17T00:19:57.931109,True,999
pay_00954,cust_1082,1499,wallet,failed,timeout,1,2026-07-24T08:23:57.931168,True,1499
pay_00956,cust_0194,199,netbanking,failed,bank_error,1,2026-08-16T00:32:57.931177,True,199
pay_00959,cust_0533,199,netbanking,failed,limit_exceeded,1,2026-07-24T16:24:57.931192,False,0
pay_00962,cust_0642,199,upi,failed,timeout,1,2026-07-23T11:39:57.931205,False,0
pay_00965,cust_0611,1999,card,failed,authentication_failed,1,2026-07-28T17:13:57.931218,False,0
pay_00970,cust_0924,1499,card,failed,authentication_failed,1,2026-07-26T04:24:57.931240,True,1499
pay_00971,cust_0094,4999,upi,failed,bank_error,3,2026-08-12T16:10:57.931245,False,0
pay_00972,cust_0208,1999,wallet,failed,authentication_failed,1,2026-08-04T04:50:57.931250,False,0
pay_00973,cust_0302,499,wallet,failed,network_error,1,2026-08-08T13:51:57.931254,True,499
pay_00984,cust_1218,9999,netbanking,failed,authentication_failed,1,2026-07-25T01:46:57.931304,False,0
pay_00987,cust_1309,9999,wallet,failed,limit_exceeded,1,2026-08-18T06:15:57.931317,False,0
pay_00996,cust_0798,499,netbanking,failed,limit_exceeded,2,2026-07-24T16:42:57.931356,True,499
pay_00997,cust_0053,4999,card,failed,insufficient_funds,1,2026-08-19T01:32:57.931361,False,0
pay_01007,cust_1490,4999,card,failed,limit_exceeded,2,2026-08-05T11:00:57.931404,False,0
pay_01010,cust_0746,1999,upi,failed,bank_error,1,2026-07-30T12:07:57.931531,True,1999
pay_01023,cust_0088,1999,card,failed,timeout,1,2026-08-16T12:26:57.931592,True,1999
pay_01027,cust_1418,299,upi,failed,limit_exceeded,3,2026-08-04T18:22:57.931610,False,0
pay_01028,cust_1290,999,upi,failed,timeout,1,2026-07-24T10:32:57.931614,False,0
pay_01031,cust_1264,2499,netbanking,failed,insufficient_funds,1,2026-08-20T18:21:57.931627,False,0
pay_01036,cust_0829,299,upi,failed,network_error,1,2026-08-03T09:33:57.931649,True,299
pay_01039,cust_1224,9999,card,failed,insufficient_funds,2,2026-08-20T12:49:57.931662,False,0
pay_01040,cust_0599,199,netbanking,failed,insufficient_funds,1,2026-08-06T04:07:57.931667,False,0
pay_01043,cust_0918,499,netbanking,failed,timeout,1,2026-07-26T04:11:57.931680,True,499
pay_01045,cust_0105,299,upi,failed,limit_exceeded,1,2026-08-20T01:07:57.931692,True,299
pay_01048,cust_1106,1999,upi,failed,limit_exceeded,1,2026-07-31T18:05:57.931706,False,0
pay_01052,cust_0994,299,upi,failed,bank_error,1,2026-07-23T21:52:57.931724,False,0
pay_01056,cust_0024,2499,wallet,failed,insufficient_funds,1,2026-08-15T19:07:57.931743,False,0
pay_01058,cust_0552,999,wallet,failed,authentication_failed,1,2026-07-28T22:30:57.931753,False,0
pay_01066,cust_0907,299,upi,failed,bank_error,2,2026-08-14T09:08:57.931792,False,0
pay_01089,cust_0196,4999,netbanking,failed,network_error,1,2026-08-17T00:42:57.931899,True,4999
pay_01091,cust_0804,999,card,failed,bank_error,2,2026-08-11T07:50:57.931908,True,999
pay_01092,cust_0939,9999,wallet,failed,insufficient_funds,1,2026-08-17T08:30:57.931913,True,9999
pay_01099,cust_1297,1499,netbanking,failed,insufficient_funds,1,2026-08-13T23:41:57.931954,False,0
pay_01100,cust_1300,1999,netbanking,failed,limit_exceeded,1,2026-07-25T14:41:57.931959,False,0
pay_01106,cust_0014,1999,upi,failed,timeout,1,2026-08-19T19:37:57.931987,True,1999
pay_01109,cust_0391,299,wallet,failed,authentication_failed,2,2026-07-29T14:58:57.932002,False,0
pay_01113,cust_0551,4999,card,failed,network_error,1,2026-08-06T05:33:57.932022,True,4999
pay_01116,cust_1232,9999,card,failed,insufficient_funds,1,2026-08-04T07:41:57.932036,False,0
pay_01117,cust_0705,4999,netbanking,failed,bank_error,1,2026-08-16T10:59:57.932041,False,0
pay_01120,cust_1271,999,upi,failed,limit_exceeded,2,2026-07-28T17:52:57.932055,False,0
pay_01122,cust_1169,4999,upi,failed,timeout,1,2026-07-25T09:01:57.932064,False,0
pay_01128,cust_1371,199,card,failed,bank_error,1,2026-07-24T16:02:57.932092,False,0
pay_01131,cust_0541,4999,upi,failed,network_error,1,2026-08-16T22:33:57.932107,True,4999
pay_01134,cust_0456,499,upi,failed,insufficient_funds,1,2026-08-15T09:10:57.932122,False,0
pay_01135,cust_0771,9999,netbanking,failed,authentication_failed,1,2026-08-21T04:31:57.932127,False,0
pay_01136,cust_0606,1499,card,failed,bank_error,2,2026-08-04T13:09:57.932131,False,0
pay_01139,cust_0571,1499,card,failed,limit_exceeded,2,2026-08-14T08:18:57.932145,False,0
pay_01141,cust_1089,4999,card,failed,timeout,1,2026-07-29T02:59:57.932154,False,0
pay_01148,cust_0219,1999,wallet,failed,authentication_failed,1,2026-08-10T00:56:57.932187,False,0
pay_01151,cust_1038,499,upi,failed,network_error,1,2026-08-20T20:39:57.932202,True,499
pay_01154,cust_0086,299,upi,failed,insufficient_funds,1,2026-08-19T16:13:57.932217,False,0
pay_01157,cust_0873,299,upi,failed,authentication_failed,2,2026-08-17T00:17:57.932231,True,299
pay_01163,cust_1214,199,card,failed,insufficient_funds,2,2026-08-01T13:18:57.932259,False,0
pay_01168,cust_0237,1999,card,failed,limit_exceeded,1,2026-08-06T21:10:57.932281,False,0
pay_01169,cust_0973,299,upi,failed,limit_exceeded,1,2026-08-11T08:44:57.932286,True,299
pay_01174,cust_0100,199,netbanking,failed,network_error,1,2026-08-04T23:25:57.932311,False,0
pay_01176,cust_1466,1999,card,failed,network_error,2,2026-07-27T06:54:57.932320,True,1999
pay_01181,cust_1215,4999,card,failed,limit_exceeded,2,2026-08-04T09:18:57.932342,False,0
pay_01182,cust_0608,1999,upi,failed,limit_exceeded,2,2026-08-20T14:18:57.932347,False,0
pay_01184,cust_0232,9999,upi,failed,bank_error,1,2026-07-31T10:53:57.932356,True,9999
pay_01187,cust_1414,1999,upi,failed,insufficient_funds,1,2026-08-03T13:50:57.932370,True,1999
pay_01193,cust_0878,299,upi,failed,limit_exceeded,1,2026-07-24T12:05:57.932400,True,299
pay_01194,cust_1469,199,upi,failed,network_error,2,2026-08-03T21:21:57.932405,True,199
pay_01199,cust_1364,9999,upi,failed,bank_error,1,2026-07-24T12:11:57.932429,False,0
pay_01205,cust_0778,199,wallet,failed,limit_exceeded,1,2026-08-03T10:14:57.932456,False,0
pay_01210,cust_0456,4999,card,failed,insufficient_funds,2,2026-08-13T17:26:57.932480,True,4999
pay_01221,cust_0610,299,upi,failed,insufficient_funds,2,2026-07-25T07:12:57.932533,False,0
pay_01225,cust_0116,1999,netbanking,failed,insufficient_funds,1,2026-07-29T05:02:57.932552,False,0
pay_01233,cust_1477,1999,card,failed,bank_error,1,2026-08-08T21:57:57.932590,False,0
pay_01241,cust_1441,9999,upi,failed,insufficient_funds,1,2026-08-13T18:21:57.932627,False,0
pay_01251,cust_0960,4999,upi,failed,limit_exceeded,1,2026-07-27T03:01:57.932676,False,0
pay_01254,cust_0468,4999,upi,failed,bank_error,2,2026-08-19T23:25:57.932690,True,4999
pay_01266,cust_0669,299,wallet,failed,authentication_failed,2,2026-07-24T16:36:57.932749,False,0
pay_01271,cust_1266,4999,netbanking,failed,bank_error,1,2026-08-07T21:13:57.932774,True,4999
pay_01274,cust_0823,2499,card,failed,timeout,1,2026-07-30T15:13:57.932788,False,0
pay_01276,cust_0427,1499,netbanking,failed,authentication_failed,3,2026-08-11T18:09:57.932797,False,0
pay_01281,cust_0620,999,card,failed,timeout,1,2026-08-12T00:39:57.932822,True,999
pay_01283,cust_1295,1499,wallet,failed,authentication_failed,2,2026-07-28T17:16:57.932832,False,0
pay_01286,cust_1258,1999,wallet,failed,timeout,1,2026-08-15T00:38:57.932845,False,0
pay_01289,cust_1383,9999,card,failed,network_error,1,2026-07-25T04:19:57.932861,True,9999
pay_01291,cust_0470,199,netbanking,failed,limit_exceeded,1,2026-07-23T17:25:57.932870,False,0
pay_01294,cust_0019,199,card,failed,network_error,1,2026-08-06T01:19:57.932885,True,199
pay_01299,cust_1012,299,upi,failed,authentication_failed,2,2026-08-17T06:18:57.932910,False,0
pay_01302,cust_1336,9999,wallet,failed,timeout,1,2026-08-06T09:13:57.932924,True,9999
pay_01304,cust_0975,9999,card,failed,authentication_failed,2,2026-07-26T22:48:57.932934,False,0
pay_01308,cust_0384,499,upi,failed,timeout,1,2026-08-13T12:47:57.932954,False,0
pay_01309,cust_1214,499,card,failed,authentication_failed,1,2026-08-06T13:43:57.932959,True,499
pay_01311,cust_1052,1999,upi,failed,limit_exceeded,1,2026-08-06T14:21:57.932969,False,0
pay_01312,cust_1393,199,card,failed,limit_exceeded,2,2026-08-01T01:23:57.932973,False,0
pay_01316,cust_0789,1499,netbanking,failed,bank_error,1,2026-07-22T13:23:57.932992,False,0
pay_01317,cust_1261,2499,netbanking,failed,bank_error,2,2026-08-21T19:01:57.932997,False,0
pay_01336,cust_0100,2499,upi,failed,timeout,1,2026-08-16T03:10:57.933086,False,0
pay_01337,cust_1115,1999,wallet,failed,limit_exceeded,2,2026-07-26T00:49:57.933091,False,0
pay_01342,cust_1142,1999,card,failed,timeout,1,2026-08-07T00:15:57.933116,True,1999
pay_01350,cust_0758,499,card,failed,bank_error,1,2026-07-30T11:56:57.933155,False,0
pay_01354,cust_0284,4999,wallet,failed,limit_exceeded,1,2026-08-12T11:32:57.933175,False,0
pay_01360,cust_0020,9999,card,failed,network_error,1,2026-08-04T02:07:57.933203,True,9999
pay_01371,cust_0168,1499,wallet,failed,insufficient_funds,1,2026-08-13T13:15:57.933257,False,0
pay_01374,cust_0292,1499,netbanking,failed,authentication_failed,1,2026-07-26T13:12:57.933271,False,0
pay_01379,cust_1122,199,netbanking,failed,network_error,3,2026-08-11T01:45:57.933294,False,0
pay_01388,cust_0514,999,card,failed,insufficient_funds,2,2026-08-17T02:05:57.933338,True,999
pay_01389,cust_1331,1999,wallet,failed,insufficient_funds,1,2026-08-15T14:16:57.933343,False,0
pay_01394,cust_0264,199,upi,failed,limit_exceeded,1,2026-08-20T03:38:57.933366,False,0
pay_01397,cust_1171,499,netbanking,failed,limit_exceeded,2,2026-07-24T07:07:57.933380,True,499
pay_01402,cust_0365,2499,upi,failed,network_error,1,2026-07-26T22:05:57.933406,True,2499
pay_01408,cust_0826,199,netbanking,failed,timeout,1,2026-08-03T13:15:57.933437,True,199
pay_01413,cust_0272,999,netbanking,failed,network_error,2,2026-08-12T15:51:57.933460,False,0
pay_01423,cust_0213,199,netbanking,failed,insufficient_funds,1,2026-07-31T17:58:57.933507,False,0
pay_01427,cust_0787,999,wallet,failed,limit_exceeded,1,2026-08-21T01:39:57.933528,False,0
pay_01430,cust_0837,499,upi,failed,limit_exceeded,1,2026-08-07T09:41:57.933542,False,0
pay_01431,cust_0481,2499,card,failed,limit_exceeded,1,2026-08-10T08:55:57.933547,False,0
pay_01434,cust_0268,999,wallet,failed,timeout,1,2026-08-17T21:19:57.933561,True,999
pay_01437,cust_0505,1499,wallet,failed,bank_error,1,2026-08-13T10:57:57.933576,True,1499
pay_01438,cust_1055,1499,upi,failed,authentication_failed,1,2026-07-23T22:04:57.933580,False,0
pay_01441,cust_1106,2499,netbanking,failed,limit_exceeded,1,2026-08-08T19:37:57.933595,False,0
pay_01445,cust_0129,4999,wallet,failed,insufficient_funds,1,2026-08-16T21:01:57.933615,False,0
pay_01446,cust_1183,499,card,failed,authentication_failed,1,2026-08-03T05:24:57.933620,False,0
pay_01447,cust_1144,299,upi,failed,bank_error,1,2026-08-01T02:27:57.933625,True,299
pay_01448,cust_1310,4999,netbanking,failed,authentication_failed,1,2026-07-25T01:37:57.933631,False,0
pay_01452,cust_0516,4999,wallet,failed,timeout,1,2026-08-20T13:04:57.933652,True,4999
pay_01457,cust_0684,4999,upi,failed,bank_error,1,2026-08-18T04:46:57.933675,True,4999
pay_01460,cust_1305,4999,upi,failed,bank_error,1,2026-07-31T10:55:57.933693,False,0
pay_01464,cust_1091,299,wallet,failed,insufficient_funds,1,2026-07-28T20:27:57.933713,False,0
pay_01466,cust_1418,499,netbanking,failed,limit_exceeded,1,2026-07-26T04:01:57.933723,True,499
pay_01467,cust_0620,1499,wallet,failed,authentication_failed,1,2026-08-17T06:33:57.933728,True,1499
pay_01475,cust_0456,199,card,failed,bank_error,1,2026-08-07T19:22:57.933767,True,199
pay_01476,cust_0944,4999,wallet,failed,limit_exceeded,2,2026-07-28T14:11:57.933772,False,0
pay_01480,cust_0278,9999,wallet,failed,timeout,1,2026-08-10T07:08:57.933791,True,9999
pay_01485,cust_1498,4999,wallet,failed,network_error,1,2026-08-02T22:12:57.933816,False,0
pay_01497,cust_1372,1499,wallet,failed,limit_exceeded,1,2026-08-05T18:28:57.933874,False,0
pay_01498,cust_0563,1499,wallet,failed,timeout,1,2026-07-28T12:37:57.933879,False,0
pay_01506,cust_1298,4999,wallet,failed,authentication_failed,2,2026-08-07T00:46:57.933917,True,4999
pay_01507,cust_0496,499,card,failed,bank_error,2,2026-08-09T17:37:57.933922,True,499
pay_01515,cust_0988,2499,wallet,failed,timeout,1,2026-07-28T07:32:57.933961,True,2499
pay_01519,cust_0425,4999,wallet,failed,network_error,1,2026-07-31T10:40:57.933979,True,4999
pay_01520,cust_1290,499,netbanking,failed,network_error,1,2026-08-17T01:35:57.933984,True,499
pay_01528,cust_1054,1999,card,failed,authentication_failed,1,2026-08-20T04:59:57.934022,False,0
pay_01529,cust_0186,499,upi,failed,timeout,2,2026-07-30T02:03:57.934027,True,499
pay_01531,cust_0568,199,card,failed,network_error,1,2026-08-08T12:10:57.934036,True,199
pay_01535,cust_1484,199,upi,failed,bank_error,1,2026-08-15T15:42:57.934055,False,0
pay_01538,cust_0417,4999,card,failed,authentication_failed,1,2026-08-01T17:51:57.934069,True,4999
pay_01539,cust_0974,999,card,failed,insufficient_funds,1,2026-08-07T01:28:57.934074,False,0
pay_01541,cust_0711,9999,netbanking,failed,limit_exceeded,2,2026-07-24T01:09:57.934083,False,0
pay_01545,cust_0912,1499,card,failed,timeout,2,2026-07-24T00:05:57.934103,True,1499
pay_01549,cust_1492,2499,netbanking,failed,authentication_failed,1,2026-08-02T16:07:57.934121,False,0
pay_01550,cust_0854,299,card,failed,limit_exceeded,1,2026-08-21T01:39:57.934126,True,299
pay_01552,cust_0959,299,wallet,failed,network_error,1,2026-08-19T16:15:57.934136,False,0
pay_01559,cust_0760,1499,netbanking,failed,network_error,1,2026-08-20T03:50:57.934169,False,0
pay_01564,cust_0194,999,upi,failed,authentication_failed,1,2026-08-11T00:16:57.934192,True,999
pay_01565,cust_0701,9999,wallet,failed,network_error,2,2026-08-15T20:48:57.934197,True,9999
pay_01567,cust_1048,4999,netbanking,failed,authentication_failed,1,2026-07-31T06:55:57.934206,True,4999
pay_01569,cust_1469,499,netbanking,failed,limit_exceeded,2,2026-08-02T00:24:57.934215,False,0
pay_01572,cust_1306,4999,netbanking,failed,authentication_failed,1,2026-08-16T07:27:57.934228,False,0
pay_01575,cust_0165,999,upi,failed,bank_error,1,2026-08-08T01:03:57.934242,True,999
pay_01577,cust_0847,9999,wallet,failed,insufficient_funds,1,2026-07-31T13:37:57.934252,True,9999
pay_01579,cust_1123,1999,card,failed,bank_error,1,2026-08-20T10:21:57.934262,False,0
pay_01583,cust_1111,2499,wallet,failed,insufficient_funds,1,2026-07-25T05:28:57.934282,False,0
pay_01588,cust_0669,4999,wallet,failed,network_error,1,2026-08-18T22:37:57.934305,False,0
pay_01591,cust_1424,2499,netbanking,failed,timeout,2,2026-08-04T22:20:57.934318,False,0
pay_01592,cust_1342,1999,wallet,failed,insufficient_funds,1,2026-08-18T22:02:57.934323,False,0
pay_01595,cust_1355,999,upi,failed,limit_exceeded,1,2026-08-04T19:06:57.934337,False,0
pay_01603,cust_0263,4999,upi,failed,timeout,1,2026-08-19T10:34:57.934377,False,0
pay_01606,cust_1268,999,wallet,failed,authentication_failed,1,2026-08-05T05:34:57.934391,False,0
pay_01613,cust_1089,4999,netbanking,failed,network_error,1,2026-08-02T14:23:57.934423,False,0
pay_01615,cust_0720,999,upi,failed,network_error,1,2026-08-17T18:11:57.934432,False,0
pay_01624,cust_0929,9999,upi,failed,insufficient_funds,2,2026-07-25T18:47:57.934476,False,0
pay_01635,cust_1146,199,upi,failed,bank_error,1,2026-08-16T04:16:57.934527,False,0
pay_01639,cust_1422,2499,upi,failed,authentication_failed,1,2026-07-31T12:15:57.934546,False,0
pay_01643,cust_0469,2499,wallet,failed,bank_error,1,2026-07-25T01:22:57.934566,False,0
pay_01646,cust_1059,299,upi,failed,network_error,2,2026-07-22T23:32:57.934579,False,0
pay_01650,cust_0061,299,card,failed,insufficient_funds,1,2026-08-04T11:02:57.934598,False,0
pay_01656,cust_0479,2499,netbanking,failed,network_error,1,2026-07-29T12:59:57.934626,True,2499
pay_01657,cust_0135,499,wallet,failed,timeout,1,2026-07-25T16:37:57.934631,True,499
pay_01660,cust_0460,1499,upi,failed,insufficient_funds,1,2026-08-15T12:04:57.934646,False,0
pay_01669,cust_0305,499,card,failed,timeout,2,2026-08-10T22:49:57.934688,False,0
pay_01671,cust_1015,199,upi,failed,network_error,1,2026-08-21T08:54:57.934697,True,199
pay_01673,cust_0645,9999,wallet,failed,authentication_failed,2,2026-08-19T19:05:57.934706,False,0
pay_01675,cust_0047,2499,card,failed,timeout,1,2026-08-10T09:03:57.934715,True,2499
pay_01678,cust_1386,2499,card,failed,authentication_failed,2,2026-08-12T00:58:57.934729,True,2499
pay_01681,cust_1409,499,card,failed,insufficient_funds,1,2026-08-21T20:51:57.934744,True,499
pay_01684,cust_0959,2499,netbanking,failed,insufficient_funds,1,2026-08-02T03:34:57.934758,True,2499
pay_01694,cust_1245,999,wallet,failed,network_error,2,2026-08-07T15:18:57.934805,True,999
pay_01695,cust_0915,9999,wallet,failed,insufficient_funds,2,2026-08-22T08:05:57.934809,False,0
pay_01696,cust_0891,299,card,failed,authentication_failed,2,2026-07-27T14:31:57.934814,True,299
pay_01698,cust_1151,1499,netbanking,failed,insufficient_funds,2,2026-07-30T11:57:57.934825,True,1499
pay_01702,cust_0904,999,netbanking,failed,limit_exceeded,1,2026-07-26T08:14:57.934843,False,0
pay_01709,cust_0645,4999,wallet,failed,bank_error,2,2026-08-04T06:00:57.934878,False,0
pay_01715,cust_0093,499,wallet,failed,bank_error,1,2026-08-04T12:54:57.934906,True,499
pay_01723,cust_1405,999,netbanking,failed,insufficient_funds,1,2026-08-17T17:47:57.934943,False,0
pay_01724,cust_0756,2499,card,failed,authentication_failed,1,2026-08-07T11:49:57.934949,False,0
pay_01727,cust_0330,299,netbanking,failed,timeout,2,2026-08-19T20:15:57.934962,True,299
pay_01734,cust_1365,999,card,failed,insufficient_funds,1,2026-08-03T14:26:57.934995,True,999
pay_01746,cust_1316,2499,netbanking,failed,insufficient_funds,1,2026-07-27T16:12:57.935056,False,0
pay_01748,cust_0849,9999,netbanking,failed,insufficient_funds,1,2026-08-18T04:01:57.935065,False,0
pay_01750,cust_0955,1499,wallet,failed,network_error,1,2026-08-17T14:22:57.935074,True,1499
pay_01752,cust_0644,299,netbanking,failed,insufficient_funds,2,2026-07-27T23:34:57.935084,False,0
pay_01758,cust_0098,299,card,failed,insufficient_funds,1,2026-08-06T15:08:57.935113,False,0
pay_01763,cust_1330,199,upi,failed,insufficient_funds,3,2026-07-23T20:47:57.935136,False,0
pay_01766,cust_1284,299,netbanking,failed,timeout,1,2026-07-23T11:38:57.935150,True,299
pay_01782,cust_1210,299,card,failed,network_error,3,2026-08-06T04:36:57.935224,False,0
pay_01783,cust_0590,1499,netbanking,failed,network_error,2,2026-07-31T09:45:57.935229,True,1499
pay_01788,cust_0682,999,wallet,failed,authentication_failed,2,2026-08-04T07:47:57.935253,False,0
pay_01792,cust_1236,1499,card,failed,authentication_failed,1,2026-08-11T04:14:57.935273,False,0
pay_01797,cust_0540,199,wallet,failed,insufficient_funds,1,2026-07-25T10:18:57.935296,False,0
pay_01798,cust_1459,999,upi,failed,bank_error,3,2026-07-30T04:17:57.935301,False,0
pay_01804,cust_1493,9999,netbanking,failed,network_error,1,2026-08-12T18:39:57.935329,False,0
pay_01810,cust_0577,199,card,failed,authentication_failed,1,2026-08-05T15:38:57.935358,False,0
pay_01823,cust_0702,299,card,failed,bank_error,1,2026-07-23T13:19:57.935419,False,0
pay_01825,cust_0870,2499,upi,failed,authentication_failed,2,2026-07-23T09:09:57.935432,True,2499
pay_01826,cust_1123,4999,wallet,failed,insufficient_funds,1,2026-08-17T09:59:57.935438,True,4999
pay_01828,cust_1488,2499,upi,failed,limit_exceeded,1,2026-08-01T23:40:57.935447,False,0
pay_01837,cust_0699,2499,wallet,failed,authentication_failed,1,2026-07-26T11:58:57.935490,True,2499
pay_01840,cust_0914,999,wallet,failed,authentication_failed,2,2026-08-17T09:35:57.935504,False,0
pay_01848,cust_0115,299,upi,failed,insufficient_funds,1,2026-07-28T22:38:57.935542,False,0
pay_01854,cust_0038,1499,upi,failed,limit_exceeded,1,2026-07-31T21:12:57.935572,False,0
pay_01858,cust_0945,2499,netbanking,failed,limit_exceeded,1,2026-07-30T06:17:57.935591,True,2499
pay_01862,cust_1448,199,upi,failed,authentication_failed,2,2026-08-14T19:44:57.935610,False,0
pay_01867,cust_0797,9999,upi,failed,timeout,1,2026-07-31T19:59:57.935633,True,9999
pay_01885,cust_1268,2499,wallet,failed,authentication_failed,1,2026-08-10T10:36:57.935718,False,0
pay_01886,cust_0501,1999,upi,failed,bank_error,1,2026-08-11T06:18:57.935722,True,1999
pay_01893,cust_0677,299,card,failed,insufficient_funds,1,2026-08-06T16:52:57.935755,False,0
pay_01898,cust_1280,4999,upi,failed,limit_exceeded,1,2026-08-02T13:43:57.935779,False,0
pay_01905,cust_0326,2499,upi,failed,limit_exceeded,1,2026-08-09T23:07:57.935811,True,2499
pay_01907,cust_0229,999,upi,failed,network_error,1,2026-08-21T12:38:57.935820,False,0
pay_01908,cust_0474,199,upi,failed,timeout,1,2026-08-10T04:18:57.935825,True,199
pay_01915,cust_0369,1999,netbanking,failed,bank_error,1,2026-08-20T02:35:57.935859,True,1999
pay_01923,cust_0942,1999,upi,failed,limit_exceeded,1,2026-07-30T21:35:57.935896,True,1999
pay_01927,cust_0321,9999,netbanking,failed,bank_error,1,2026-07-27T03:57:57.935915,True,9999
pay_01931,cust_1339,199,card,failed,timeout,1,2026-08-08T21:27:57.935933,True,199
pay_01933,cust_0689,999,netbanking,failed,limit_exceeded,2,2026-07-30T03:39:57.935944,False,0
pay_01934,cust_0668,9999,wallet,failed,limit_exceeded,1,2026-08-12T20:52:57.935948,False,0
pay_01940,cust_0381,9999,upi,failed,bank_error,1,2026-08-11T03:57:57.935977,True,9999
pay_01941,cust_0375,4999,card,failed,insufficient_funds,1,2026-07-31T09:10:57.935982,False,0
pay_01943,cust_1127,1999,netbanking,failed,bank_error,3,2026-07-22T19:30:57.935991,False,0
pay_01946,cust_0467,499,upi,failed,timeout,1,2026-08-18T15:59:57.936005,True,499
pay_01956,cust_0526,2499,netbanking,failed,timeout,1,2026-07-25T20:19:57.936051,True,2499
pay_01957,cust_0560,4999,netbanking,failed,bank_error,1,2026-08-15T10:12:57.936056,True,4999
pay_01958,cust_0899,1999,card,failed,network_error,1,2026-07-28T07:18:57.936061,True,1999
pay_01962,cust_0177,199,upi,failed,insufficient_funds,3,2026-07-27T05:44:57.936081,False,0
pay_01964,cust_0826,9999,wallet,failed,insufficient_funds,1,2026-08-14T09:38:57.936090,True,9999
pay_01967,cust_0887,1499,netbanking,failed,timeout,1,2026-07-24T04:23:57.936105,False,0
pay_01986,cust_0427,299,netbanking,failed,insufficient_funds,1,2026-07-24T10:36:57.936194,False,0
pay_01988,cust_0330,9999,netbanking,failed,bank_error,1,2026-08-22T04:48:57.936203,False,0
pay_01990,cust_0956,999,netbanking,failed,timeout,1,2026-08-17T10:01:57.936270,False,0
pay_01993,cust_0713,999,card,failed,limit_exceeded,1,2026-07-30T23:06:57.936286,False,0
pay_01994,cust_1203,299,upi,failed,network_error,2,2026-08-17T13:15:57.936291,True,299
pay_01996,cust_0114,1499,wallet,failed,limit_exceeded,1,2026-08-22T09:26:57.936301,True,1499
pay_01999,cust_1017,1499,upi,failed,limit_exceeded,1,2026-08-06T19:10:57.936315,True,1499
pay_02003,cust_0464,9999,card,failed,insufficient_funds,1,2026-08-22T08:14:57.936344,True,9999
pay_02006,cust_0926,4999,upi,failed,network_error,1,2026-08-18T21:14:57.936361,False,0
pay_02010,cust_0935,1999,netbanking,failed,network_error,1,2026-08-05T08:42:57.936385,True,1999
pay_02011,cust_1166,9999,card,failed,limit_exceeded,2,2026-08-10T03:58:57.936392,True,9999
pay_02016,cust_1371,4999,wallet,failed,network_error,1,2026-08-21T08:01:57.936425,False,0
pay_02018,cust_0050,1999,card,failed,timeout,1,2026-08-18T12:59:57.936437,False,0
pay_02019,cust_0473,299,wallet,failed,network_error,1,2026-08-11T01:39:57.936443,True,299
pay_02020,cust_0576,299,netbanking,failed,limit_exceeded,1,2026-08-07T18:01:57.936449,False,0
pay_02024,cust_0583,299,upi,failed,bank_error,1,2026-08-12T07:48:57.936476,False,0
pay_02030,cust_0553,1499,upi,failed,bank_error,1,2026-07-31T02:05:57.936517,True,1499
pay_02034,cust_1214,1499,wallet,failed,authentication_failed,1,2026-08-09T05:16:57.936538,False,0
pay_02037,cust_0388,199,upi,failed,limit_exceeded,1,2026-07-29T21:49:57.936555,False,0
pay_02043,cust_1181,299,upi,failed,bank_error,2,2026-07-26T12:37:57.936588,True,299
pay_02048,cust_1299,199,netbanking,failed,network_error,1,2026-08-05T01:05:57.936615,True,199
pay_02049,cust_0924,1499,card,failed,bank_error,2,2026-08-05T05:40:57.936623,True,1499
pay_02052,cust_1290,1999,wallet,failed,authentication_failed,1,2026-08-19T00:51:57.936636,False,0
pay_02054,cust_0715,2499,wallet,failed,limit_exceeded,1,2026-07-24T05:40:57.936646,False,0
pay_02055,cust_0336,1499,netbanking,failed,network_error,1,2026-07-26T15:49:57.936651,True,1499
pay_02058,cust_0332,2499,wallet,failed,insufficient_funds,1,2026-08-09T01:22:57.936665,False,0
pay_02075,cust_1247,499,card,failed,insufficient_funds,1,2026-08-15T18:39:57.936746,True,499
pay_02082,cust_0547,199,netbanking,failed,limit_exceeded,1,2026-08-12T03:27:57.936778,False,0
pay_02084,cust_1293,199,wallet,failed,bank_error,2,2026-08-03T00:04:57.936788,False,0
pay_02095,cust_1362,999,wallet,failed,bank_error,2,2026-08-20T02:45:57.936842,True,999
pay_02097,cust_1079,2499,netbanking,failed,timeout,2,2026-07-28T02:15:57.936851,False,0
pay_02101,cust_0372,299,card,failed,insufficient_funds,1,2026-08-18T08:29:57.936870,False,0
pay_02102,cust_0514,2499,netbanking,failed,insufficient_funds,1,2026-08-22T00:07:57.936874,False,0
pay_02106,cust_0283,1499,wallet,failed,bank_error,1,2026-07-23T03:19:57.936893,True,1499
pay_02107,cust_1270,999,wallet,failed,insufficient_funds,1,2026-07-24T15:50:57.936900,False,0
pay_02113,cust_0291,2499,netbanking,failed,limit_exceeded,1,2026-08-02T10:23:57.936928,False,0
pay_02114,cust_0129,2499,netbanking,failed,authentication_failed,1,2026-08-03T02:31:57.936935,False,0
pay_02116,cust_1468,199,wallet,failed,authentication_failed,2,2026-08-15T05:58:57.936944,False,0
pay_02117,cust_0740,499,upi,failed,network_error,3,2026-08-03T20:39:57.936949,False,0
pay_02128,cust_1114,2499,wallet,failed,authentication_failed,2,2026-07-30T22:23:57.937003,False,0
pay_02134,cust_1062,4999,upi,failed,limit_exceeded,1,2026-08-06T09:24:57.937033,False,0
pay_02136,cust_1325,4999,netbanking,failed,insufficient_funds,1,2026-08-01T20:24:57.937042,False,0
pay_02138,cust_1492,9999,netbanking,failed,timeout,2,2026-07-28T02:42:57.937052,False,0
pay_02142,cust_0055,499,wallet,failed,bank_error,1,2026-08-02T19:37:57.937071,True,499
pay_02143,cust_0543,9999,wallet,failed,insufficient_funds,1,2026-08-15T03:29:57.937075,False,0
pay_02144,cust_1083,1499,wallet,failed,bank_error,2,2026-08-16T20:10:57.937080,False,0
pay_02145,cust_0338,1499,card,failed,authentication_failed,2,2026-08-06T08:27:57.937084,False,0
pay_02149,cust_0013,2499,upi,failed,timeout,1,2026-08-16T05:25:57.937105,False,0
pay_02151,cust_0265,4999,card,failed,insufficient_funds,1,2026-08-13T01:36:57.937114,False,0
pay_02152,cust_1418,299,netbanking,failed,authentication_failed,1,2026-07-30T19:22:57.937119,False,0
pay_02154,cust_0040,999,netbanking,failed,insufficient_funds,1,2026-08-13T22:43:57.937128,False,0
pay_02160,cust_0529,9999,wallet,failed,bank_error,3,2026-07-23T08:43:57.937155,False,0
pay_02166,cust_1102,2499,wallet,failed,limit_exceeded,2,2026-07-24T01:59:57.937184,False,0
pay_02168,cust_0351,1499,netbanking,failed,insufficient_funds,1,2026-08-13T16:34:57.937193,False,0
pay_02176,cust_1172,4999,netbanking,failed,authentication_failed,1,2026-08-03T18:14:57.937231,False,0
pay_02177,cust_0493,299,card,failed,limit_exceeded,1,2026-08-10T13:18:57.937235,False,0
pay_02179,cust_0268,4999,upi,failed,timeout,3,2026-07-23T09:13:57.937245,False,0
pay_02181,cust_1040,199,upi,failed,insufficient_funds,2,2026-07-26T07:57:57.937254,True,199
pay_02183,cust_0485,9999,netbanking,failed,network_error,2,2026-07-24T20:32:57.937263,False,0
pay_02184,cust_0056,199,card,failed,timeout,1,2026-08-21T16:58:57.937268,False,0
pay_02188,cust_1081,1499,card,failed,insufficient_funds,1,2026-08-16T11:14:57.937287,True,1499
pay_02201,cust_0359,2499,wallet,failed,limit_exceeded,1,2026-08-18T02:45:57.937347,False,0
pay_02207,cust_0159,9999,card,failed,timeout,1,2026-07-29T21:58:57.937375,True,9999
pay_02209,cust_0887,999,upi,failed,network_error,1,2026-08-06T13:51:57.937384,True,999
pay_02232,cust_0541,4999,netbanking,failed,bank_error,1,2026-08-04T21:17:57.937500,False,0
pay_02237,cust_0884,199,netbanking,failed,timeout,1,2026-08-12T08:27:57.937523,True,199
pay_02240,cust_0687,1999,card,failed,insufficient_funds,1,2026-07-30T12:08:57.937537,True,1999
pay_02247,cust_0553,999,wallet,failed,network_error,1,2026-08-16T09:41:57.937569,False,0
pay_02249,cust_0609,9999,upi,failed,insufficient_funds,2,2026-08-12T00:41:57.937579,True,9999
pay_02250,cust_0365,1499,wallet,failed,authentication_failed,2,2026-08-02T01:46:57.937584,True,1499
pay_02256,cust_0119,199,card,failed,insufficient_funds,1,2026-07-25T07:35:57.937613,False,0
pay_02258,cust_0389,499,netbanking,failed,authentication_failed,1,2026-08-15T18:20:57.937623,False,0
pay_02266,cust_0869,4999,wallet,failed,limit_exceeded,1,2026-08-03T22:23:57.937661,False,0
pay_02267,cust_0963,9999,netbanking,failed,bank_error,3,2026-08-04T13:51:57.937666,False,0
pay_02270,cust_0600,1999,wallet,failed,bank_error,1,2026-08-18T21:05:57.937679,True,1999
pay_02276,cust_0725,2499,upi,failed,bank_error,1,2026-07-24T06:43:57.937709,True,2499
pay_02279,cust_1114,199,card,failed,timeout,1,2026-07-29T14:05:57.937724,False,0
pay_02283,cust_1058,9999,upi,failed,authentication_failed,1,2026-07-23T21:43:57.937743,True,9999
pay_02284,cust_0230,1999,card,failed,limit_exceeded,1,2026-08-21T02:41:57.937748,False,0
pay_02286,cust_0358,1499,wallet,failed,limit_exceeded,1,2026-07-29T02:29:57.937757,False,0
pay_02289,cust_0984,1499,netbanking,failed,network_error,1,2026-07-28T01:18:57.937772,False,0
pay_02302,cust_1126,9999,upi,failed,limit_exceeded,2,2026-08-14T07:15:57.937836,False,0
pay_02303,cust_0710,1499,netbanking,failed,limit_exceeded,2,2026-08-14T08:10:57.937891,False,0
pay_02305,cust_0114,1499,wallet,failed,authentication_failed,1,2026-08-13T21:54:57.937910,False,0
pay_02311,cust_0842,299,netbanking,failed,timeout,1,2026-08-02T18:28:57.937937,False,0
pay_02313,cust_0194,299,card,failed,limit_exceeded,1,2026-07-29T11:08:57.937947,True,299
pay_02314,cust_1303,999,netbanking,failed,limit_exceeded,1,2026-08-21T14:58:57.937951,True,999
pay_02324,cust_0051,199,netbanking,failed,timeout,1,2026-08-03T09:45:57.938001,False,0
pay_02336,cust_1156,499,netbanking,failed,network_error,1,2026-08-07T13:55:57.938057,True,499
pay_02340,cust_1182,1499,wallet,failed,limit_exceeded,1,2026-08-19T11:52:57.938075,False,0
pay_02344,cust_1080,199,card,failed,network_error,2,2026-07-30T14:02:57.938095,True,199
pay_02346,cust_0681,499,wallet,failed,network_error,1,2026-08-13T02:00:57.938105,True,499
pay_02347,cust_1419,2499,netbanking,failed,network_error,2,2026-08-20T19:26:57.938110,True,2499
pay_02355,cust_1464,999,wallet,failed,network_error,1,2026-07-30T07:49:57.938146,False,0
pay_02361,cust_0268,1999,upi,failed,network_error,1,2026-07-25T16:38:57.938175,True,1999
pay_02363,cust_1449,9999,netbanking,failed,bank_error,1,2026-08-09T09:32:57.938185,False,0
pay_02372,cust_0458,1999,card,failed,network_error,2,2026-08-19T09:58:57.938228,True,1999
pay_02382,cust_0650,299,netbanking,failed,network_error,2,2026-07-22T23:00:57.938275,True,299
pay_02391,cust_1413,499,wallet,failed,timeout,1,2026-08-02T11:07:57.938317,True,499
pay_02392,cust_0825,9999,wallet,failed,bank_error,1,2026-07-25T14:37:57.938322,True,9999
pay_02394,cust_1452,9999,netbanking,failed,bank_error,1,2026-08-09T19:46:57.938331,True,9999
pay_02397,cust_0272,2499,wallet,failed,network_error,1,2026-08-05T05:54:57.938345,True,2499
pay_02407,cust_0345,499,netbanking,failed,limit_exceeded,1,2026-08-04T15:14:57.938392,False,0
pay_02411,cust_1009,9999,upi,failed,insufficient_funds,1,2026-07-26T07:23:57.938411,True,9999
pay_02414,cust_0765,199,wallet,failed,limit_exceeded,1,2026-08-07T15:50:57.938424,True,199
pay_02415,cust_1099,199,wallet,failed,limit_exceeded,3,2026-08-15T22:22:57.938429,False,0
pay_02419,cust_0353,4999,wallet,failed,insufficient_funds,1,2026-08-11T01:18:57.938449,False,0
pay_02420,cust_1048,199,wallet,failed,limit_exceeded,1,2026-08-10T17:43:57.938455,False,0
pay_02426,cust_0736,499,netbanking,failed,limit_exceeded,3,2026-07-25T06:12:57.938484,False,0
pay_02431,cust_1100,299,upi,failed,insufficient_funds,1,2026-07-30T22:56:57.938506,True,299
pay_02442,cust_0696,499,card,failed,authentication_failed,2,2026-07-29T01:39:57.938557,True,499
pay_02446,cust_0541,299,netbanking,failed,authentication_failed,1,2026-08-12T20:55:57.938576,True,299
pay_02450,cust_0498,2499,wallet,failed,authentication_failed,1,2026-08-18T22:09:57.938595,True,2499
pay_02451,cust_1083,4999,netbanking,failed,limit_exceeded,1,2026-08-01T08:56:57.938600,True,4999
pay_02454,cust_0215,9999,netbanking,failed,insufficient_funds,1,2026-08-22T08:32:57.938614,True,9999
pay_02467,cust_1437,4999,card,failed,timeout,1,2026-08-09T01:33:57.938674,True,4999
pay_02468,cust_0758,999,netbanking,failed,timeout,1,2026-08-08T15:32:57.938687,True,999
pay_02469,cust_0591,299,upi,failed,insufficient_funds,1,2026-07-27T16:19:57.938692,False,0
pay_02474,cust_0291,4999,wallet,failed,insufficient_funds,1,2026-08-13T23:42:57.938717,False,0
pay_02481,cust_0348,999,card,failed,authentication_failed,1,2026-08-03T17:08:57.938750,False,0
pay_02482,cust_0268,299,upi,failed,authentication_failed,1,2026-08-16T23:01:57.938755,True,299
pay_02486,cust_0574,4999,upi,failed,insufficient_funds,2,2026-08-10T19:07:57.938773,False,0
pay_02491,cust_0474,9999,netbanking,failed,limit_exceeded,3,2026-07-25T23:15:57.938798,False,0
pay_02493,cust_0120,199,upi,failed,limit_exceeded,2,2026-08-08T07:16:57.938807,False,0
pay_02497,cust_0226,999,card,failed,bank_error,1,2026-07-23T11:13:57.938825,False,0
pay_02504,cust_1207,499,upi,failed,authentication_failed,1,2026-08-05T05:01:57.938857,False,0
pay_02507,cust_0724,499,wallet,failed,bank_error,1,2026-08-01T05:06:57.938871,True,499
pay_02509,cust_0122,2499,upi,failed,timeout,1,2026-07-22T16:50:57.938880,True,2499
pay_02510,cust_0795,299,netbanking,failed,authentication_failed,1,2026-08-11T08:28:57.938884,True,299
pay_02511,cust_0767,199,wallet,failed,bank_error,1,2026-08-11T08:07:57.938890,False,0
pay_02518,cust_0846,499,upi,failed,network_error,1,2026-08-11T12:14:57.938922,True,499
pay_02522,cust_0046,1999,wallet,failed,network_error,1,2026-08-20T14:26:57.938941,False,0
pay_02535,cust_0737,1499,card,failed,bank_error,3,2026-08-08T23:54:57.939002,False,0
pay_02555,cust_0592,999,card,failed,limit_exceeded,2,2026-07-23T11:47:57.939093,True,999
pay_02557,cust_1058,1499,upi,failed,authentication_failed,1,2026-08-09T13:28:57.939103,False,0
pay_02561,cust_1026,199,upi,failed,limit_exceeded,1,2026-08-21T21:09:57.939121,True,199
pay_02566,cust_1079,2499,upi,failed,insufficient_funds,1,2026-07-29T19:10:57.939145,True,2499
pay_02568,cust_1009,299,card,failed,insufficient_funds,2,2026-08-07T08:21:57.939154,False,0
pay_02573,cust_0729,4999,card,failed,timeout,1,2026-08-09T16:46:57.939177,True,4999
pay_02585,cust_0070,299,card,failed,timeout,1,2026-08-13T18:51:57.939232,False,0
pay_02588,cust_0022,2499,card,failed,limit_exceeded,1,2026-08-09T17:21:57.939246,True,2499
pay_02591,cust_0932,9999,upi,failed,bank_error,2,2026-08-12T13:16:57.939260,False,0
pay_02592,cust_0926,1999,netbanking,failed,bank_error,1,2026-08-12T13:23:57.939264,False,0
pay_02597,cust_1383,9999,card,failed,insufficient_funds,1,2026-07-27T11:29:57.939289,False,0
pay_02601,cust_0715,499,netbanking,failed,insufficient_funds,1,2026-08-04T12:00:57.939307,True,499
pay_02603,cust_0827,1999,card,failed,bank_error,1,2026-08-14T11:25:57.939316,True,1999
pay_02606,cust_0911,1999,wallet,failed,insufficient_funds,1,2026-08-02T20:21:57.939330,False,0
pay_02609,cust_0078,299,wallet,failed,insufficient_funds,1,2026-08-21T07:39:57.939343,False,0
pay_02612,cust_1135,4999,wallet,failed,bank_error,1,2026-08-06T10:26:57.939356,False,0
pay_02616,cust_1262,1499,card,failed,limit_exceeded,1,2026-07-24T08:29:57.939375,False,0
pay_02617,cust_0477,2499,card,failed,limit_exceeded,1,2026-08-15T03:41:57.939381,False,0
pay_02619,cust_0826,1499,upi,failed,authentication_failed,1,2026-08-03T19:52:57.939390,False,0
pay_02624,cust_1082,499,wallet,failed,bank_error,1,2026-07-24T16:31:57.939414,False,0
pay_02636,cust_0889,4999,netbanking,failed,timeout,1,2026-07-23T00:30:57.939479,False,0
pay_02637,cust_1307,1999,card,failed,authentication_failed,2,2026-08-03T07:54:57.939484,False,0
pay_02646,cust_0094,999,wallet,failed,limit_exceeded,1,2026-08-17T23:09:57.939525,True,999
pay_02651,cust_1009,2499,upi,failed,authentication_failed,3,2026-07-30T20:20:57.939547,False,0
pay_02655,cust_0511,1499,netbanking,failed,insufficient_funds,2,2026-07-31T21:16:57.939567,False,0
pay_02656,cust_0272,4999,card,failed,bank_error,1,2026-08-20T07:16:57.939571,True,4999
pay_02661,cust_0170,499,wallet,failed,authentication_failed,3,2026-07-30T01:01:57.939595,False,0
pay_02662,cust_0526,2499,netbanking,failed,limit_exceeded,1,2026-08-02T17:35:57.939600,True,2499
pay_02663,cust_0439,499,card,failed,timeout,1,2026-07-27T16:25:57.939605,True,499
pay_02666,cust_0114,499,card,failed,insufficient_funds,1,2026-07-22T11:24:57.939618,False,0
pay_02668,cust_0524,2499,wallet,failed,limit_exceeded,1,2026-08-02T11:17:57.939627,False,0
pay_02675,cust_0092,299,upi,failed,bank_error,1,2026-08-12T15:56:57.939660,True,299
pay_02676,cust_1012,4999,upi,failed,timeout,2,2026-08-10T10:52:57.939665,True,4999
pay_02678,cust_0186,299,wallet,failed,insufficient_funds,1,2026-07-31T15:59:57.939674,False,0
pay_02681,cust_0498,1499,card,failed,insufficient_funds,2,2026-08-16T23:01:57.939689,False,0
pay_02682,cust_1432,4999,wallet,failed,bank_error,1,2026-08-12T17:51:57.939693,True,4999
pay_02686,cust_0919,2499,netbanking,failed,timeout,1,2026-08-06T01:50:57.939711,False,0
pay_02687,cust_0863,199,netbanking,failed,limit_exceeded,1,2026-08-04T16:22:57.939716,False,0
pay_02690,cust_0529,299,wallet,failed,authentication_failed,1,2026-07-26T11:25:57.939730,False,0
pay_02705,cust_0468,9999,upi,failed,limit_exceeded,1,2026-08-19T06:46:57.939801,False,0
pay_02710,cust_1495,299,wallet,failed,bank_error,1,2026-07-29T04:44:57.939824,False,0
pay_02721,cust_0669,1499,upi,failed,timeout,1,2026-08-10T21:09:57.939876,False,0
pay_02722,cust_0928,1999,card,failed,insufficient_funds,1,2026-07-24T18:37:57.939881,False,0
pay_02735,cust_1291,1999,upi,failed,authentication_failed,1,2026-07-25T00:19:57.939943,False,0
pay_02736,cust_1451,999,wallet,failed,limit_exceeded,2,2026-08-06T11:29:57.939948,False,0
pay_02737,cust_0142,2499,netbanking,failed,authentication_failed,1,2026-08-05T08:19:57.939952,False,0
pay_02738,cust_0951,2499,upi,failed,network_error,1,2026-08-02T22:56:57.939957,False,0
pay_02740,cust_1278,4999,wallet,failed,authentication_failed,1,2026-07-29T14:47:57.939966,True,4999
pay_02750,cust_1031,2499,upi,failed,timeout,1,2026-07-24T08:47:57.940014,True,2499
pay_02752,cust_0225,1999,card,failed,network_error,2,2026-07-23T07:41:57.940024,True,1999
pay_02755,cust_0688,1999,card,failed,timeout,2,2026-07-25T00:09:57.940039,False,0
pay_02766,cust_0755,199,card,failed,network_error,1,2026-08-01T00:07:57.940091,True,199
pay_02768,cust_1235,4999,wallet,failed,insufficient_funds,1,2026-08-07T04:31:57.940101,True,4999
pay_02769,cust_1220,4999,wallet,failed,insufficient_funds,1,2026-08-05T19:42:57.940105,True,4999
pay_02773,cust_1322,1499,upi,failed,authentication_failed,2,2026-08-09T23:09:57.940125,False,0
pay_02776,cust_0200,199,upi,failed,timeout,1,2026-07-24T09:05:57.940139,False,0
pay_02780,cust_0567,1999,card,failed,authentication_failed,1,2026-08-20T06:09:57.940158,False,0
pay_02782,cust_0981,199,card,failed,limit_exceeded,1,2026-07-22T11:31:57.940167,False,0
pay_02783,cust_1152,1499,netbanking,failed,insufficient_funds,3,2026-08-03T11:51:57.940172,False,0
pay_02786,cust_1372,999,card,failed,bank_error,1,2026-08-02T00:25:57.940186,True,999
pay_02787,cust_0309,499,upi,failed,authentication_failed,1,2026-08-02T11:30:57.940191,True,499
pay_02792,cust_1411,4999,netbanking,failed,timeout,1,2026-08-09T11:56:57.940215,True,4999
pay_02793,cust_0416,1999,upi,failed,bank_error,1,2026-08-22T08:54:57.940220,True,1999
pay_02795,cust_0937,1999,card,failed,authentication_failed,1,2026-08-14T22:39:57.940229,False,0
pay_02796,cust_0550,499,wallet,failed,bank_error,1,2026-07-25T14:37:57.940234,True,499
pay_02797,cust_1308,199,wallet,failed,authentication_failed,1,2026-08-15T22:13:57.940239,False,0
pay_02802,cust_0428,9999,wallet,failed,authentication_failed,1,2026-08-21T02:21:57.940261,False,0
pay_02803,cust_1228,999,netbanking,failed,bank_error,1,2026-08-05T04:54:57.940266,False,0
pay_02806,cust_0082,4999,upi,failed,authentication_failed,1,2026-08-11T02:01:57.940280,False,0
pay_02810,cust_1117,299,wallet,failed,timeout,1,2026-08-17T07:18:57.940301,False,0
pay_02811,cust_0805,199,upi,failed,limit_exceeded,1,2026-08-15T08:40:57.940305,False,0
pay_02816,cust_0501,1999,wallet,failed,insufficient_funds,1,2026-08-05T01:57:57.940328,True,1999
pay_02818,cust_0256,2499,wallet,failed,insufficient_funds,2,2026-08-06T07:32:57.940337,True,2499
pay_02821,cust_0525,1999,netbanking,failed,insufficient_funds,2,2026-08-15T17:10:57.940351,False,0
pay_02824,cust_0538,199,upi,failed,timeout,1,2026-07-26T14:34:57.940365,True,199
pay_02829,cust_1219,9999,netbanking,failed,insufficient_funds,1,2026-08-04T07:09:57.940390,False,0
pay_02830,cust_1029,9999,wallet,failed,network_error,1,2026-08-03T10:05:57.940395,False,0
pay_02833,cust_0002,1499,card,failed,bank_error,1,2026-08-08T05:50:57.940409,True,1499
pay_02836,cust_0874,299,netbanking,failed,limit_exceeded,2,2026-07-27T23:41:57.940422,False,0
pay_02837,cust_0180,999,upi,failed,insufficient_funds,1,2026-08-21T00:31:57.940427,False,0
pay_02846,cust_1427,9999,wallet,failed,authentication_failed,1,2026-08-22T07:56:57.940467,False,0
pay_02848,cust_0974,999,wallet,failed,network_error,1,2026-08-19T16:09:57.940477,True,999
pay_02851,cust_1071,199,upi,failed,authentication_failed,1,2026-08-01T09:00:57.940493,False,0
pay_02853,cust_1041,9999,wallet,failed,insufficient_funds,1,2026-07-31T00:02:57.940502,True,9999
pay_02854,cust_0727,4999,card,failed,insufficient_funds,1,2026-08-19T18:39:57.940507,False,0
pay_02862,cust_0613,2499,netbanking,failed,timeout,1,2026-08-05T23:37:57.940545,False,0
pay_02864,cust_0861,9999,upi,failed,bank_error,3,2026-08-02T06:05:57.940554,False,0
pay_02869,cust_1325,999,netbanking,failed,insufficient_funds,2,2026-08-11T08:06:57.940580,False,0
pay_02870,cust_1390,9999,netbanking,failed,limit_exceeded,2,2026-07-31T20:58:57.940585,True,9999
pay_02871,cust_1132,499,upi,failed,timeout,1,2026-08-19T13:48:57.940589,False,0
pay_02873,cust_1147,299,wallet,failed,authentication_failed,2,2026-08-05T08:25:57.940600,False,0
pay_02874,cust_0512,999,netbanking,failed,network_error,1,2026-08-19T19:45:57.940605,True,999
pay_02878,cust_0848,1999,upi,failed,bank_error,1,2026-08-17T17:10:57.940624,True,1999
pay_02884,cust_0340,299,upi,failed,insufficient_funds,1,2026-08-21T00:09:57.940652,True,299
pay_02885,cust_0949,299,wallet,failed,limit_exceeded,2,2026-08-02T14:17:57.940657,False,0
pay_02891,cust_0176,299,card,failed,insufficient_funds,1,2026-08-14T06:55:57.940698,False,0
pay_02894,cust_0832,999,card,failed,limit_exceeded,1,2026-08-22T08:49:57.940717,False,0
pay_02903,cust_0452,999,wallet,failed,authentication_failed,2,2026-08-14T21:35:57.940759,False,0
pay_02905,cust_1417,199,upi,failed,network_error,1,2026-07-29T12:19:57.940768,False,0
pay_02906,cust_0778,1999,upi,failed,timeout,2,2026-07-25T01:02:57.940773,False,0
pay_02909,cust_0837,299,card,failed,authentication_failed,2,2026-08-21T20:10:57.940787,False,0
pay_02912,cust_0128,4999,card,failed,timeout,3,2026-08-22T05:41:57.940801,False,0
pay_02915,cust_0945,999,card,failed,limit_exceeded,1,2026-07-28T18:40:57.940816,True,999
pay_02917,cust_0923,2499,wallet,failed,authentication_failed,1,2026-08-19T16:20:57.940825,False,0
pay_02918,cust_0198,9999,upi,failed,limit_exceeded,1,2026-08-01T21:17:57.940830,False,0
pay_02919,cust_0577,299,upi,failed,timeout,1,2026-07-25T10:56:57.940834,True,299
pay_02923,cust_1146,2499,netbanking,failed,authentication_failed,1,2026-08-03T03:36:57.940853,False,0
pay_02927,cust_0699,999,wallet,failed,insufficient_funds,1,2026-07-27T10:59:57.940873,True,999
pay_02931,cust_1366,1999,card,failed,timeout,2,2026-08-02T12:02:57.940892,True,1999
pay_02933,cust_1178,499,wallet,failed,limit_exceeded,2,2026-08-01T14:45:57.940901,False,0
pay_02935,cust_0328,1499,upi,failed,timeout,1,2026-08-17T22:18:57.940910,True,1499
pay_02939,cust_0899,999,card,failed,authentication_failed,1,2026-07-28T18:39:57.940930,False,0
pay_02941,cust_0907,199,wallet,failed,authentication_failed,2,2026-08-06T21:28:57.940939,True,199
pay_02943,cust_1246,999,wallet,failed,timeout,1,2026-08-12T14:34:57.940948,False,0
pay_02950,cust_1184,1499,card,failed,timeout,1,2026-07-26T02:48:57.940981,True,1499
pay_02953,cust_0079,2499,wallet,failed,authentication_failed,2,2026-08-22T02:15:57.940995,True,2499
pay_02955,cust_0831,2499,netbanking,failed,authentication_failed,1,2026-07-31T19:54:57.941004,True,2499
pay_02956,cust_0235,1999,upi,failed,authentication_failed,1,2026-07-31T21:36:57.941009,False,0
pay_02961,cust_0477,2499,netbanking,failed,bank_error,1,2026-08-04T11:52:57.941034,False,0
pay_02962,cust_0187,2499,upi,failed,insufficient_funds,1,2026-08-06T16:54:57.941038,True,2499
pay_02969,cust_0073,499,wallet,failed,authentication_failed,1,2026-08-11T20:40:57.941072,False,0
pay_02971,cust_0495,299,netbanking,failed,authentication_failed,1,2026-08-18T06:06:57.941080,False,0
pay_02973,cust_0513,2499,netbanking,failed,limit_exceeded,2,2026-08-03T08:42:57.941090,False,0
pay_02975,cust_1268,999,card,failed,limit_exceeded,1,2026-07-25T17:44:57.941099,True,999
pay_02976,cust_1048,4999,wallet,failed,bank_error,1,2026-08-17T05:14:57.941104,False,0
pay_02977,cust_0197,9999,wallet,failed,authentication_failed,1,2026-07-25T05:00:57.941108,False,0
pay_02981,cust_1442,1999,card,failed,bank_error,2,2026-08-05T18:15:57.941129,False,0
pay_02982,cust_1153,2499,card,failed,timeout,1,2026-08-05T16:40:57.941134,True,2499
pay_02983,cust_1236,9999,wallet,failed,bank_error,1,2026-08-21T22:42:57.941139,True,9999
pay_02988,cust_1036,1999,upi,failed,network_error,1,2026-07-25T05:07:57.941163,False,0
pay_02991,cust_0123,9999,netbanking,failed,authentication_failed,1,2026-07-28T21:55:57.941176,False,0
pay_02992,cust_1439,299,netbanking,failed,timeout,2,2026-08-12T06:32:57.941181,True,299
pay_02993,cust_1203,2499,netbanking,failed,network_error,1,2026-07-31T06:38:57.941186,True,2499
pay_03000,cust_1409,999,netbanking,failed,network_error,1,2026-08-14T11:08:57.941220,True,999
pay_03003,cust_1440,4999,card,failed,bank_error,2,2026-07-31T17:20:57.941233,False,0
pay_03004,cust_0158,999,wallet,failed,insufficient_funds,2,2026-08-08T13:29:57.941238,False,0
pay_03006,cust_0047,499,netbanking,failed,authentication_failed,1,2026-08-21T12:29:57.941248,False,0
pay_03008,cust_0409,4999,upi,failed,bank_error,1,2026-08-12T16:22:57.941313,False,0
pay_03012,cust_0426,9999,card,failed,network_error,2,2026-08-02T05:28:57.941335,True,9999
pay_03013,cust_1399,199,card,failed,timeout,1,2026-08-04T02:58:57.941340,False,0
pay_03014,cust_0695,999,card,failed,network_error,1,2026-08-02T20:45:57.941345,True,999
pay_03016,cust_0875,199,wallet,failed,bank_error,1,2026-08-04T01:53:57.941355,False,0
pay_03018,cust_0561,1999,card,failed,authentication_failed,2,2026-07-30T14:04:57.941364,False,0
pay_03021,cust_0342,2499,wallet,failed,insufficient_funds,1,2026-08-18T06:01:57.941380,False,0
pay_03028,cust_0961,299,card,failed,network_error,2,2026-08-02T13:49:57.941413,True,299
pay_03034,cust_0280,199,netbanking,failed,bank_error,1,2026-08-18T02:00:57.941448,True,199
pay_03041,cust_0071,9999,upi,failed,authentication_failed,1,2026-08-21T05:12:57.941481,False,0
pay_03043,cust_1135,2499,netbanking,failed,network_error,2,2026-08-21T07:05:57.941491,False,0
pay_03045,cust_0465,2499,card,failed,authentication_failed,3,2026-08-13T08:10:57.941502,False,0
pay_03049,cust_0605,1999,netbanking,failed,limit_exceeded,1,2026-07-31T07:51:57.941521,True,1999
pay_03050,cust_1405,199,netbanking,failed,limit_exceeded,1,2026-07-30T04:35:57.941526,False,0
pay_03051,cust_0457,499,wallet,failed,timeout,1,2026-07-28T17:10:57.941531,True,499
pay_03056,cust_1345,9999,netbanking,failed,bank_error,1,2026-07-23T14:16:57.941555,False,0
pay_03057,cust_0203,9999,netbanking,failed,network_error,1,2026-08-01T10:11:57.941559,True,9999
pay_03060,cust_0190,499,wallet,failed,authentication_failed,1,2026-07-25T21:07:57.941573,False,0
pay_03064,cust_0505,299,upi,failed,authentication_failed,1,2026-08-16T02:27:57.941595,False,0
pay_03068,cust_1119,499,wallet,failed,timeout,1,2026-08-16T11:44:57.941613,True,499
pay_03076,cust_0024,1999,card,failed,bank_error,1,2026-07-28T12:48:57.941650,False,0
pay_03080,cust_0866,199,wallet,failed,limit_exceeded,1,2026-07-27T11:14:57.941669,False,0
pay_03088,cust_0359,2499,upi,failed,authentication_failed,2,2026-07-24T03:43:57.941709,True,2499
pay_03090,cust_0950,299,card,failed,insufficient_funds,2,2026-08-15T12:41:57.941719,False,0
pay_03091,cust_0598,4999,netbanking,failed,insufficient_funds,3,2026-07-28T21:15:57.941723,False,0
pay_03095,cust_0735,299,wallet,failed,authentication_failed,1,2026-08-12T07:52:57.941741,False,0
pay_03102,cust_0509,9999,upi,failed,bank_error,1,2026-08-13T09:55:57.941774,False,0
pay_03107,cust_0838,299,card,failed,timeout,2,2026-07-28T02:05:57.941798,False,0
pay_03112,cust_0876,199,wallet,failed,authentication_failed,2,2026-07-26T09:40:57.941820,False,0
pay_03114,cust_0436,1499,upi,failed,limit_exceeded,1,2026-08-02T17:16:57.941830,False,0
pay_03118,cust_0152,299,card,failed,authentication_failed,2,2026-08-22T02:49:57.941848,False,0
pay_03119,cust_1500,499,netbanking,failed,authentication_failed,1,2026-08-08T00:04:57.941853,False,0
pay_03124,cust_1438,499,wallet,failed,network_error,2,2026-08-07T14:30:57.941877,True,499
pay_03126,cust_0026,2499,card,failed,timeout,1,2026-07-31T09:30:57.941886,True,2499
pay_03129,cust_0155,9999,upi,failed,network_error,1,2026-07-30T22:26:57.941901,True,9999
pay_03130,cust_0331,499,netbanking,failed,bank_error,1,2026-07-27T12:37:57.941906,False,0
pay_03131,cust_0701,499,card,failed,timeout,1,2026-08-04T09:42:57.941911,False,0
pay_03132,cust_0236,999,wallet,failed,insufficient_funds,1,2026-07-29T02:37:57.941915,False,0
pay_03136,cust_1447,1499,card,failed,authentication_failed,1,2026-08-20T19:24:57.941935,False,0
pay_03141,cust_0261,4999,upi,failed,limit_exceeded,2,2026-08-16T11:53:57.941959,False,0
pay_03145,cust_1457,199,upi,failed,bank_error,1,2026-08-22T02:18:57.941978,True,199
pay_03149,cust_0708,199,card,failed,bank_error,1,2026-08-11T00:32:57.941997,False,0
pay_03151,cust_1281,199,upi,failed,authentication_failed,1,2026-08-11T12:42:57.942006,False,0
pay_03152,cust_1385,2499,upi,failed,limit_exceeded,2,2026-08-13T16:12:57.942011,False,0
pay_03156,cust_0232,9999,netbanking,failed,timeout,3,2026-07-26T15:12:57.942029,False,0
pay_03157,cust_1448,1499,wallet,failed,bank_error,1,2026-08-01T13:39:57.942034,True,1499
pay_03160,cust_0324,4999,upi,failed,network_error,1,2026-07-26T11:58:57.942048,False,0
pay_03161,cust_0686,199,upi,failed,authentication_failed,1,2026-07-27T23:21:57.942053,False,0
pay_03162,cust_1380,4999,wallet,failed,timeout,1,2026-08-06T00:16:57.942058,False,0
pay_03166,cust_1288,999,wallet,failed,authentication_failed,1,2026-08-03T11:16:57.942077,False,0
pay_03168,cust_1221,9999,upi,failed,authentication_failed,1,2026-07-26T02:07:57.942086,False,0
pay_03172,cust_1496,199,upi,failed,bank_error,1,2026-08-11T01:56:57.942106,False,0
pay_03174,cust_0594,299,netbanking,failed,network_error,2,2026-08-07T17:55:57.942115,False,0
pay_03182,cust_0736,499,card,failed,network_error,1,2026-07-29T00:46:57.942152,True,499
pay_03187,cust_1307,499,card,failed,bank_error,1,2026-07-30T05:29:57.942176,True,499
pay_03188,cust_1321,499,upi,failed,network_error,1,2026-08-06T09:08:57.942181,False,0
pay_03190,cust_0302,1499,netbanking,failed,limit_exceeded,3,2026-08-10T14:42:57.942190,False,0
pay_03191,cust_0621,9999,netbanking,failed,network_error,3,2026-08-03T02:19:57.942196,False,0
pay_03192,cust_0754,1499,card,failed,authentication_failed,2,2026-08-18T00:21:57.942201,True,1499
pay_03196,cust_0159,499,upi,failed,timeout,1,2026-08-11T06:34:57.942219,True,499
pay_03200,cust_0230,4999,upi,failed,timeout,1,2026-08-04T06:50:57.942238,True,4999
pay_03203,cust_1397,2499,upi,failed,network_error,2,2026-08-06T15:36:57.942252,False,0
pay_03208,cust_1164,2499,wallet,failed,insufficient_funds,1,2026-08-07T12:32:57.942275,False,0
pay_03210,cust_0246,199,card,failed,insufficient_funds,1,2026-07-24T08:33:57.942284,False,0
pay_03213,cust_1456,4999,card,failed,insufficient_funds,1,2026-08-14T11:57:57.942299,False,0
pay_03215,cust_0364,2499,card,failed,insufficient_funds,1,2026-08-19T23:21:57.942309,True,2499
pay_03216,cust_0621,1999,upi,failed,limit_exceeded,1,2026-08-18T06:52:57.942313,False,0
pay_03219,cust_1459,499,netbanking,failed,authentication_failed,1,2026-08-07T16:46:57.942328,False,0
pay_03223,cust_0687,1999,upi,failed,bank_error,1,2026-08-18T12:28:57.942347,True,1999
pay_03224,cust_0665,9999,wallet,failed,bank_error,1,2026-07-25T03:47:57.942351,False,0
pay_03226,cust_0346,999,netbanking,failed,timeout,2,2026-08-03T11:04:57.942361,False,0
pay_03227,cust_0430,499,upi,failed,limit_exceeded,2,2026-08-14T04:33:57.942366,True,499
pay_03229,cust_0215,1999,card,failed,network_error,1,2026-08-01T03:03:57.942375,False,0
pay_03234,cust_0520,999,netbanking,failed,insufficient_funds,1,2026-08-11T04:49:57.942399,True,999
pay_03235,cust_0833,1499,wallet,failed,bank_error,1,2026-07-29T20:54:57.942405,True,1499
pay_03238,cust_0156,999,upi,failed,network_error,1,2026-08-13T08:26:57.942419,True,999
pay_03241,cust_0563,2499,netbanking,failed,limit_exceeded,1,2026-08-15T05:48:57.942434,False,0
pay_03242,cust_1301,499,card,failed,network_error,1,2026-08-11T01:51:57.942438,True,499
pay_03246,cust_1360,4999,upi,failed,limit_exceeded,1,2026-07-22T11:45:57.942456,False,0
pay_03249,cust_0628,199,upi,failed,timeout,2,2026-08-01T00:24:57.942471,True,199
pay_03250,cust_0043,1499,upi,failed,timeout,2,2026-08-03T21:03:57.942476,True,1499
pay_03251,cust_1483,9999,wallet,failed,authentication_failed,1,2026-08-10T04:29:57.942481,False,0
pay_03257,cust_1295,299,card,failed,network_error,1,2026-07-28T17:34:57.942510,False,0
pay_03264,cust_0328,4999,card,failed,limit_exceeded,2,2026-07-23T02:56:57.942543,True,4999
pay_03266,cust_0931,1499,netbanking,failed,authentication_failed,1,2026-07-26T18:04:57.942552,False,0
pay_03270,cust_0822,1999,upi,failed,limit_exceeded,1,2026-08-11T15:36:57.942570,True,1999
pay_03271,cust_0319,299,wallet,failed,timeout,3,2026-08-04T04:21:57.942575,False,0
pay_03274,cust_0356,4999,wallet,failed,insufficient_funds,2,2026-07-23T16:17:57.942589,True,4999
pay_03279,cust_0133,4999,card,failed,network_error,2,2026-08-15T14:40:57.942615,True,4999
pay_03281,cust_0208,299,card,failed,authentication_failed,1,2026-08-07T21:33:57.942624,True,299
pay_03284,cust_1079,4999,upi,failed,timeout,1,2026-07-29T20:03:57.942639,False,0
pay_03285,cust_1386,4999,wallet,failed,authentication_failed,1,2026-08-06T19:01:57.942644,False,0
pay_03292,cust_0303,199,netbanking,failed,authentication_failed,1,2026-07-30T14:10:57.942677,False,0
pay_03293,cust_0278,1999,card,failed,network_error,1,2026-08-13T17:45:57.942683,True,1999
pay_03294,cust_1267,199,netbanking,failed,authentication_failed,1,2026-08-14T10:47:57.942687,False,0
pay_03297,cust_0884,9999,upi,failed,limit_exceeded,1,2026-08-15T23:35:57.942703,False,0
pay_03299,cust_1371,4999,upi,failed,insufficient_funds,1,2026-07-23T14:39:57.942713,False,0
pay_03300,cust_1131,999,netbanking,failed,network_error,1,2026-07-26T13:43:57.942718,False,0
pay_03303,cust_0045,199,netbanking,failed,authentication_failed,1,2026-07-22T10:56:57.942732,False,0
pay_03305,cust_1264,499,netbanking,failed,insufficient_funds,1,2026-07-29T06:25:57.942741,True,499
pay_03307,cust_0483,4999,netbanking,failed,network_error,1,2026-08-22T06:25:57.942752,False,0
pay_03313,cust_0417,2499,card,failed,timeout,2,2026-07-29T07:44:57.942780,True,2499
pay_03314,cust_0691,1999,card,failed,bank_error,1,2026-08-21T12:55:57.942785,True,1999
pay_03320,cust_1449,2499,upi,failed,authentication_failed,1,2026-08-01T07:16:57.942814,False,0
pay_03321,cust_1292,2499,upi,failed,authentication_failed,1,2026-08-10T02:45:57.942819,True,2499
pay_03325,cust_1168,4999,wallet,failed,bank_error,1,2026-08-21T03:38:57.942838,False,0
pay_03338,cust_1460,299,netbanking,failed,timeout,1,2026-08-08T04:13:57.942899,True,299
pay_03341,cust_1272,1499,netbanking,failed,bank_error,1,2026-08-04T22:10:57.942914,False,0
pay_03343,cust_0801,1999,card,failed,insufficient_funds,2,2026-08-18T08:53:57.942924,True,1999
pay_03352,cust_0585,2499,upi,failed,authentication_failed,2,2026-07-30T08:14:57.942966,False,0
pay_03357,cust_0178,999,upi,failed,bank_error,1,2026-07-31T13:21:57.942991,False,0
pay_03359,cust_0015,1999,upi,failed,network_error,1,2026-07-29T19:51:57.943000,True,1999
pay_03363,cust_0843,999,wallet,failed,authentication_failed,1,2026-07-23T09:50:57.943020,False,0
pay_03364,cust_0080,1999,wallet,failed,authentication_failed,1,2026-08-03T16:30:57.943025,False,0
pay_03365,cust_0459,9999,upi,failed,bank_error,2,2026-08-18T22:09:57.943030,False,0
pay_03366,cust_0681,2499,upi,failed,authentication_failed,1,2026-08-16T13:07:57.943034,True,2499
pay_03377,cust_1298,1499,wallet,failed,network_error,1,2026-07-25T12:39:57.943086,False,0
pay_03380,cust_0406,1499,wallet,failed,insufficient_funds,1,2026-08-12T23:11:57.943101,False,0
pay_03385,cust_0842,1999,card,failed,network_error,1,2026-07-28T01:41:57.943125,False,0
pay_03387,cust_0724,2499,netbanking,failed,network_error,1,2026-08-12T17:30:57.943135,True,2499
pay_03392,cust_1349,199,upi,failed,limit_exceeded,1,2026-08-03T00:38:57.943159,False,0
pay_03393,cust_1296,499,upi,failed,timeout,1,2026-08-05T03:33:57.943164,True,499
pay_03396,cust_1481,199,wallet,failed,limit_exceeded,1,2026-08-12T03:42:57.943179,False,0
pay_03397,cust_0008,1999,wallet,failed,insufficient_funds,1,2026-07-23T14:47:57.943184,False,0
pay_03399,cust_1052,199,wallet,failed,bank_error,2,2026-08-18T07:48:57.943193,False,0
pay_03403,cust_0348,4999,card,failed,bank_error,1,2026-08-07T10:07:57.943213,False,0
pay_03410,cust_1023,4999,upi,failed,bank_error,2,2026-08-19T15:01:57.943246,False,0
pay_03411,cust_0855,499,upi,failed,timeout,3,2026-08-08T04:54:57.943251,False,0
pay_03418,cust_0513,199,upi,failed,timeout,2,2026-08-14T13:35:57.943284,False,0
pay_03423,cust_0713,999,card,failed,limit_exceeded,1,2026-08-18T13:14:57.943308,False,0
pay_03427,cust_1282,1999,upi,failed,limit_exceeded,2,2026-08-14T06:27:57.943328,False,0
pay_03430,cust_0086,2499,upi,failed,network_error,1,2026-07-23T11:18:57.943343,False,0
pay_03434,cust_1276,1499,upi,failed,network_error,1,2026-07-22T14:44:57.943362,True,1499
pay_03443,cust_0033,4999,netbanking,failed,authentication_failed,1,2026-08-18T06:54:57.943405,False,0
pay_03444,cust_1223,4999,wallet,failed,insufficient_funds,1,2026-08-02T06:57:57.943410,False,0
pay_03447,cust_1176,999,card,failed,authentication_failed,1,2026-08-16T08:37:57.943425,False,0
pay_03448,cust_1420,199,card,failed,authentication_failed,2,2026-07-29T17:48:57.943430,True,199
pay_03449,cust_0229,199,netbanking,failed,authentication_failed,1,2026-08-03T19:50:57.943435,False,0
pay_03452,cust_0476,4999,netbanking,failed,bank_error,3,2026-08-10T18:03:57.943453,False,0
pay_03456,cust_1246,4999,card,failed,limit_exceeded,3,2026-08-02T16:48:57.943473,False,0
pay_03459,cust_0267,2499,upi,failed,limit_exceeded,1,2026-08-04T00:13:57.943487,True,2499
pay_03461,cust_0302,999,netbanking,failed,insufficient_funds,2,2026-08-12T00:16:57.943496,False,0
pay_03463,cust_0779,199,netbanking,failed,authentication_failed,1,2026-08-13T14:53:57.943506,False,0
pay_03469,cust_0682,9999,upi,failed,limit_exceeded,2,2026-08-12T21:47:57.943535,False,0
pay_03474,cust_0501,1499,upi,failed,limit_exceeded,2,2026-07-25T20:04:57.943559,False,0
pay_03476,cust_0545,499,card,failed,limit_exceeded,1,2026-08-16T07:04:57.943569,False,0
pay_03482,cust_1279,9999,wallet,failed,authentication_failed,2,2026-07-28T23:53:57.943597,False,0
pay_03483,cust_1421,2499,card,failed,limit_exceeded,1,2026-08-14T07:52:57.943602,False,0
pay_03488,cust_0274,2499,card,failed,authentication_failed,1,2026-08-01T17:39:57.943627,False,0
pay_03494,cust_1112,999,card,failed,bank_error,1,2026-08-07T03:10:57.943657,False,0
pay_03496,cust_1047,299,wallet,failed,timeout,1,2026-08-17T18:55:57.943667,False,0
pay_03499,cust_0429,1999,card,failed,limit_exceeded,1,2026-08-08T09:14:57.943681,False,0
pay_03503,cust_1148,1499,card,failed,bank_error,1,2026-08-04T15:00:57.943699,True,1499
pay_03505,cust_1413,9999,upi,failed,limit_exceeded,1,2026-08-20T19:41:57.943709,False,0
pay_03506,cust_0048,199,wallet,failed,insufficient_funds,1,2026-08-12T16:32:57.943713,True,199
pay_03508,cust_1097,199,wallet,failed,bank_error,1,2026-08-16T09:37:57.943723,False,0
pay_03511,cust_1483,999,wallet,failed,limit_exceeded,1,2026-08-04T08:54:57.943738,False,0
pay_03517,cust_0747,299,wallet,failed,limit_exceeded,1,2026-07-22T11:57:57.943766,False,0
pay_03523,cust_0478,299,upi,failed,limit_exceeded,1,2026-07-30T16:11:57.943794,False,0
pay_03527,cust_1327,4999,wallet,failed,insufficient_funds,1,2026-08-05T18:31:57.943813,False,0
pay_03528,cust_0597,4999,card,failed,authentication_failed,1,2026-07-28T12:06:57.943817,False,0
pay_03529,cust_1011,199,upi,failed,limit_exceeded,1,2026-07-27T07:02:57.943822,False,0
pay_03536,cust_1401,2499,netbanking,failed,insufficient_funds,1,2026-08-20T06:25:57.943857,False,0
pay_03540,cust_0344,999,card,failed,network_error,2,2026-07-22T13:48:57.943876,True,999
pay_03541,cust_0969,4999,wallet,failed,limit_exceeded,1,2026-07-28T22:21:57.943881,False,0
pay_03560,cust_0671,999,upi,failed,limit_exceeded,3,2026-08-07T06:30:57.943972,False,0
pay_03571,cust_0264,999,upi,failed,authentication_failed,1,2026-08-17T22:46:57.944024,False,0
pay_03585,cust_0904,4999,card,failed,timeout,1,2026-08-13T02:36:57.944091,False,0
pay_03586,cust_0267,9999,netbanking,failed,limit_exceeded,1,2026-08-06T21:07:57.944096,False,0
pay_03594,cust_1232,9999,upi,failed,timeout,3,2026-07-26T21:14:57.944136,False,0
pay_03599,cust_0803,499,netbanking,failed,authentication_failed,1,2026-08-12T19:23:57.944159,False,0
pay_03602,cust_1456,299,upi,failed,authentication_failed,2,2026-07-29T13:19:57.944173,True,299
pay_03604,cust_1443,1499,netbanking,failed,authentication_failed,1,2026-08-21T03:50:57.944183,True,1499
pay_03605,cust_1251,499,card,failed,authentication_failed,2,2026-08-09T07:14:57.944188,True,499
pay_03606,cust_0701,9999,netbanking,failed,limit_exceeded,1,2026-08-14T23:15:57.944192,False,0
pay_03616,cust_0362,199,wallet,failed,bank_error,2,2026-08-18T03:52:57.944241,False,0
pay_03618,cust_1388,299,wallet,failed,insufficient_funds,1,2026-07-26T04:17:57.944251,False,0
pay_03623,cust_0262,499,netbanking,failed,limit_exceeded,1,2026-08-20T01:12:57.944275,True,499
pay_03628,cust_1038,2499,wallet,failed,bank_error,1,2026-07-23T22:33:57.944298,True,2499
pay_03635,cust_0223,9999,card,failed,limit_exceeded,1,2026-08-04T07:41:57.944332,False,0
pay_03637,cust_0719,4999,wallet,failed,bank_error,1,2026-08-20T11:54:57.944343,False,0
pay_03640,cust_0407,9999,netbanking,failed,bank_error,1,2026-08-13T11:19:57.944357,True,9999
pay_03647,cust_0524,4999,wallet,failed,authentication_failed,1,2026-07-26T06:44:57.944391,False,0
pay_03648,cust_0853,299,card,failed,network_error,1,2026-08-07T03:14:57.944396,True,299
pay_03649,cust_1107,499,netbanking,failed,insufficient_funds,1,2026-08-12T09:37:57.944401,False,0
pay_03653,cust_1016,1499,wallet,failed,insufficient_funds,1,2026-07-23T02:02:57.944420,True,1499
pay_03654,cust_1094,499,upi,failed,authentication_failed,2,2026-08-16T09:34:57.944425,False,0
pay_03656,cust_0896,299,wallet,failed,bank_error,3,2026-08-18T22:27:57.944435,False,0
pay_03666,cust_1006,9999,card,failed,authentication_failed,1,2026-07-29T17:12:57.944483,False,0
pay_03670,cust_1115,4999,wallet,failed,limit_exceeded,1,2026-08-14T21:51:57.944504,True,4999
pay_03674,cust_1324,1499,netbanking,failed,bank_error,1,2026-08-16T08:43:57.944522,True,1499
pay_03675,cust_0721,299,upi,failed,timeout,1,2026-07-27T04:31:57.944527,False,0
pay_03685,cust_0582,4999,upi,failed,bank_error,1,2026-07-29T04:56:57.944576,False,0
pay_03686,cust_1426,499,card,failed,insufficient_funds,1,2026-07-24T21:45:57.944580,False,0
pay_03688,cust_1405,1999,card,failed,timeout,1,2026-08-01T23:01:57.944591,True,1999
pay_03701,cust_0961,999,card,failed,limit_exceeded,1,2026-07-25T14:19:57.944654,False,0
pay_03704,cust_1330,299,upi,failed,network_error,1,2026-08-20T23:23:57.944668,True,299
pay_03706,cust_1319,4999,card,failed,insufficient_funds,2,2026-07-28T14:35:57.944678,False,0
pay_03708,cust_0233,4999,card,failed,timeout,2,2026-08-14T23:03:57.944688,True,4999
pay_03712,cust_0238,4999,netbanking,failed,bank_error,3,2026-07-29T23:12:57.944707,False,0
pay_03713,cust_0581,4999,netbanking,failed,authentication_failed,2,2026-07-26T01:28:57.944712,False,0
pay_03718,cust_0013,4999,wallet,failed,network_error,1,2026-08-03T03:29:57.944735,False,0
pay_03719,cust_1145,2499,card,failed,authentication_failed,2,2026-07-22T19:17:57.944740,True,2499
pay_03720,cust_0903,4999,netbanking,failed,insufficient_funds,3,2026-08-22T05:32:57.944745,False,0
pay_03723,cust_0308,1499,netbanking,failed,bank_error,1,2026-07-26T00:46:57.944760,True,1499
pay_03724,cust_1236,499,card,failed,limit_exceeded,1,2026-08-21T13:27:57.944765,False,0
pay_03727,cust_0328,199,card,failed,network_error,1,2026-07-25T12:27:57.944780,False,0
pay_03732,cust_1084,299,card,failed,network_error,3,2026-07-27T20:47:57.944804,False,0
pay_03733,cust_0778,299,card,failed,timeout,1,2026-07-28T15:58:57.944808,False,0
pay_03737,cust_0348,1999,netbanking,failed,timeout,1,2026-08-07T18:36:57.944827,True,1999
pay_03747,cust_0419,199,netbanking,failed,bank_error,1,2026-07-24T13:33:57.944876,False,0
pay_03749,cust_0860,1999,card,failed,limit_exceeded,3,2026-07-27T18:36:57.944886,False,0
pay_03750,cust_0072,9999,upi,failed,bank_error,1,2026-07-23T02:16:57.944890,True,9999
pay_03754,cust_1342,199,wallet,failed,authentication_failed,1,2026-08-01T18:14:57.944909,True,199
pay_03755,cust_0079,499,card,failed,limit_exceeded,1,2026-08-08T06:21:57.944915,True,499
pay_03756,cust_0086,9999,wallet,failed,bank_error,1,2026-07-23T09:04:57.944919,False,0
pay_03762,cust_0376,4999,wallet,failed,timeout,3,2026-08-20T10:13:57.944947,False,0
pay_03763,cust_0776,1999,wallet,failed,limit_exceeded,2,2026-08-02T00:03:57.944952,False,0
pay_03765,cust_0476,299,wallet,failed,authentication_failed,3,2026-08-15T10:00:57.944964,False,0
pay_03766,cust_0781,1499,card,failed,bank_error,2,2026-08-11T06:26:57.944969,False,0
pay_03767,cust_0767,999,card,failed,limit_exceeded,1,2026-08-12T21:18:57.944973,True,999
pay_03770,cust_0865,199,upi,failed,limit_exceeded,3,2026-08-16T04:02:57.944988,False,0
pay_03777,cust_0620,499,card,failed,limit_exceeded,1,2026-08-10T16:32:57.945021,True,499
pay_03778,cust_1160,1999,upi,failed,timeout,2,2026-07-24T17:05:57.945026,True,1999
pay_03789,cust_0420,2499,upi,failed,timeout,2,2026-07-26T10:55:57.945079,True,2499
pay_03790,cust_0862,2499,upi,failed,authentication_failed,1,2026-08-05T03:21:57.945083,True,2499
pay_03793,cust_0707,499,wallet,failed,timeout,2,2026-08-20T21:35:57.945098,False,0
pay_03795,cust_1444,199,card,failed,authentication_failed,1,2026-07-27T06:18:57.945107,True,199
pay_03800,cust_0881,4999,netbanking,failed,network_error,2,2026-08-16T12:05:57.945132,True,4999
pay_03803,cust_1402,199,wallet,failed,insufficient_funds,2,2026-08-08T05:06:57.945147,False,0
pay_03804,cust_0606,2499,wallet,failed,limit_exceeded,2,2026-08-09T15:53:57.945152,False,0
pay_03807,cust_0321,1999,wallet,failed,timeout,1,2026-08-10T12:30:57.945167,True,1999
pay_03812,cust_0370,1999,wallet,failed,bank_error,2,2026-08-20T16:13:57.945191,False,0
pay_03814,cust_1322,1999,netbanking,failed,timeout,1,2026-08-03T04:42:57.945200,True,1999
pay_03823,cust_0459,4999,netbanking,failed,limit_exceeded,1,2026-07-29T05:13:57.945242,False,0
pay_03828,cust_1376,2499,wallet,failed,authentication_failed,2,2026-08-07T06:28:57.945268,True,2499
pay_03830,cust_0429,4999,netbanking,failed,authentication_failed,1,2026-08-22T07:07:57.945277,True,4999
pay_03832,cust_0461,4999,card,failed,limit_exceeded,1,2026-08-11T09:28:57.945287,True,4999
pay_03834,cust_1486,1499,upi,failed,timeout,3,2026-07-30T20:46:57.945296,False,0
pay_03835,cust_0632,999,netbanking,failed,network_error,1,2026-08-10T09:01:57.945301,False,0
pay_03836,cust_0309,2499,card,failed,insufficient_funds,1,2026-07-23T03:33:57.945306,True,2499
pay_03837,cust_0986,9999,upi,failed,timeout,1,2026-08-19T21:41:57.945311,True,9999
pay_03838,cust_0306,499,upi,failed,network_error,1,2026-07-27T05:48:57.945316,False,0
pay_03840,cust_0112,2499,card,failed,authentication_failed,1,2026-08-07T17:30:57.945325,True,2499
pay_03853,cust_0848,499,upi,failed,timeout,1,2026-07-27T07:25:57.945388,True,499
pay_03856,cust_0523,199,upi,failed,limit_exceeded,1,2026-08-07T04:42:57.945403,True,199
pay_03858,cust_0687,1999,upi,failed,authentication_failed,1,2026-07-28T21:39:57.945412,True,1999
pay_03859,cust_1030,1999,wallet,failed,bank_error,1,2026-07-29T08:19:57.945417,False,0
pay_03862,cust_0050,1999,card,failed,bank_error,2,2026-08-15T22:20:57.945431,True,1999
pay_03868,cust_1424,1499,upi,failed,authentication_failed,1,2026-08-17T19:42:57.945465,False,0
pay_03871,cust_1430,4999,netbanking,failed,bank_error,1,2026-08-15T13:14:57.945480,True,4999
pay_03872,cust_0963,199,netbanking,failed,network_error,1,2026-08-10T15:55:57.945485,False,0
pay_03878,cust_1303,1999,upi,failed,network_error,1,2026-07-30T07:41:57.945512,True,1999
pay_03882,cust_1439,9999,upi,failed,timeout,1,2026-07-22T22:10:57.945532,True,9999
pay_03888,cust_0428,199,card,failed,insufficient_funds,1,2026-08-18T00:05:57.945560,False,0
pay_03892,cust_0156,4999,wallet,failed,timeout,1,2026-07-24T23:34:57.945580,False,0
pay_03897,cust_0546,1999,card,failed,network_error,2,2026-08-06T22:17:57.945604,True,1999
pay_03909,cust_0871,9999,upi,failed,limit_exceeded,1,2026-08-20T22:32:57.945663,False,0
pay_03911,cust_0146,1499,card,failed,timeout,2,2026-07-23T04:53:57.945672,False,0
pay_03915,cust_0977,4999,card,failed,bank_error,1,2026-08-02T23:55:57.945693,True,4999
pay_03917,cust_0920,2499,card,failed,insufficient_funds,1,2026-07-22T22:50:57.945702,False,0
pay_03919,cust_1473,499,card,failed,timeout,1,2026-08-11T05:26:57.945712,False,0
pay_03928,cust_1202,1999,netbanking,failed,limit_exceeded,2,2026-08-15T06:09:57.945754,True,1999
pay_03929,cust_1373,1499,netbanking,failed,network_error,1,2026-07-23T03:50:57.945759,True,1499
pay_03932,cust_0611,1499,netbanking,failed,insufficient_funds,1,2026-08-07T06:33:57.945774,False,0
pay_03933,cust_0779,1499,wallet,failed,bank_error,1,2026-07-26T09:39:57.945778,False,0
pay_03941,cust_0270,1999,wallet,failed,network_error,1,2026-08-12T01:07:57.945818,True,1999
pay_03950,cust_0545,1999,wallet,failed,authentication_failed,1,2026-08-09T22:32:57.945862,False,0
pay_03951,cust_0940,499,card,failed,bank_error,1,2026-08-13T12:11:57.945867,True,499
pay_03955,cust_0549,2499,wallet,failed,timeout,1,2026-08-19T01:33:57.945885,True,2499
pay_03959,cust_0623,499,netbanking,failed,bank_error,1,2026-07-30T17:45:57.945907,False,0
pay_03963,cust_0444,9999,upi,failed,bank_error,1,2026-08-14T09:52:57.945927,True,9999
pay_03969,cust_1396,1499,netbanking,failed,insufficient_funds,3,2026-08-15T12:44:57.945955,False,0
pay_03970,cust_0334,4999,card,failed,limit_exceeded,1,2026-07-26T12:20:57.945960,False,0
pay_03972,cust_0285,1499,netbanking,failed,network_error,1,2026-08-15T21:25:57.945969,True,1499
pay_03973,cust_1294,199,upi,failed,bank_error,1,2026-08-08T00:18:57.945974,True,199
pay_03975,cust_0394,9999,upi,failed,limit_exceeded,2,2026-08-01T21:24:57.945984,False,0
pay_03976,cust_0618,4999,upi,failed,authentication_failed,1,2026-08-07T07:53:57.945989,False,0
pay_03982,cust_0432,299,card,failed,insufficient_funds,1,2026-08-03T04:40:57.946019,False,0
pay_03987,cust_1200,1499,netbanking,failed,insufficient_funds,2,2026-07-22T22:45:57.946043,False,0
pay_03994,cust_0803,499,card,failed,insufficient_funds,2,2026-08-20T00:22:57.946076,True,499
pay_03999,cust_0115,9999,card,failed,timeout,1,2026-07-29T10:52:57.946102,False,0
pay_04020,cust_0438,999,wallet,failed,timeout,1,2026-07-30T12:05:57.946203,False,0
pay_04021,cust_0358,1499,card,failed,insufficient_funds,2,2026-08-01T11:43:57.946208,False,0
pay_04024,cust_0941,2499,netbanking,failed,network_error,1,2026-07-26T18:04:57.946222,False,0
pay_04026,cust_0611,199,card,failed,insufficient_funds,1,2026-08-03T18:10:57.946232,False,0
pay_04027,cust_1076,2499,netbanking,failed,authentication_failed,3,2026-08-12T17:29:57.946237,False,0
pay_04028,cust_0593,4999,wallet,failed,timeout,1,2026-08-05T10:38:57.946241,True,4999
pay_04029,cust_1179,999,card,failed,limit_exceeded,2,2026-08-01T22:39:57.946246,True,999
pay_04036,cust_0754,1499,netbanking,failed,insufficient_funds,2,2026-08-01T16:37:57.946278,True,1499
pay_04038,cust_1345,199,wallet,failed,bank_error,2,2026-08-17T20:55:57.946289,True,199
pay_04040,cust_1212,2499,netbanking,failed,network_error,1,2026-08-11T04:06:57.946298,True,2499
pay_04044,cust_0979,1999,card,failed,authentication_failed,1,2026-07-29T09:12:57.946318,True,1999
pay_04048,cust_1153,4999,netbanking,failed,authentication_failed,2,2026-07-29T14:22:57.946337,False,0
pay_04049,cust_1285,199,netbanking,failed,insufficient_funds,1,2026-07-28T11:14:57.946342,False,0
pay_04050,cust_0150,499,upi,failed,bank_error,1,2026-07-25T04:20:57.946347,True,499
pay_04051,cust_1091,2499,card,failed,bank_error,1,2026-08-18T20:45:57.946352,True,2499
pay_04053,cust_0917,1499,upi,failed,limit_exceeded,1,2026-07-25T20:31:57.946362,False,0
pay_04054,cust_0520,4999,upi,failed,bank_error,2,2026-08-14T13:05:57.946367,True,4999
pay_04055,cust_1033,4999,wallet,failed,timeout,1,2026-08-13T08:10:57.946371,False,0
pay_04060,cust_0226,999,upi,failed,bank_error,1,2026-08-10T21:57:57.946395,True,999
pay_04072,cust_0183,299,upi,failed,timeout,1,2026-08-09T01:49:57.946452,True,299
pay_04073,cust_1064,999,upi,failed,limit_exceeded,1,2026-07-25T08:39:57.946457,False,0
pay_04077,cust_0884,499,card,failed,authentication_failed,2,2026-08-15T21:05:57.946477,False,0
pay_04083,cust_0853,299,upi,failed,timeout,2,2026-08-13T12:36:57.946506,True,299
pay_04087,cust_0828,1499,card,failed,timeout,2,2026-08-22T01:21:57.946526,True,1499
pay_04088,cust_0588,199,wallet,failed,network_error,1,2026-08-03T07:59:57.946530,True,199
pay_04091,cust_0679,1999,card,failed,bank_error,1,2026-08-08T04:27:57.946545,True,1999
pay_04101,cust_0969,199,upi,failed,bank_error,1,2026-08-10T12:02:57.946593,True,199
pay_04104,cust_0824,499,upi,failed,timeout,1,2026-07-23T00:59:57.946608,True,499
pay_04105,cust_0584,4999,upi,failed,timeout,1,2026-07-25T19:03:57.946613,False,0
pay_04114,cust_0223,4999,upi,failed,limit_exceeded,3,2026-08-16T16:40:57.946656,False,0
pay_04116,cust_0157,999,wallet,failed,limit_exceeded,2,2026-08-03T18:47:57.946667,False,0
pay_04117,cust_1105,4999,netbanking,failed,limit_exceeded,1,2026-08-20T23:18:57.946672,False,0
pay_04120,cust_1341,1999,wallet,failed,bank_error,2,2026-08-09T23:33:57.946686,False,0
pay_04123,cust_0175,499,netbanking,failed,network_error,1,2026-08-12T23:07:57.946700,False,0
pay_04124,cust_1213,4999,wallet,failed,network_error,1,2026-08-19T19:52:57.946705,True,4999
pay_04125,cust_0163,1999,netbanking,failed,authentication_failed,1,2026-08-19T03:24:57.946709,False,0
pay_04126,cust_0197,1499,netbanking,failed,authentication_failed,1,2026-08-21T13:35:57.946716,True,1499
pay_04127,cust_1099,499,wallet,failed,authentication_failed,1,2026-07-27T15:52:57.946721,False,0
pay_04135,cust_0951,2499,wallet,failed,timeout,1,2026-07-24T00:08:57.946758,True,2499
pay_04139,cust_0946,1499,upi,failed,bank_error,1,2026-07-25T14:07:57.946778,True,1499
pay_04143,cust_1251,199,card,failed,bank_error,1,2026-08-06T04:04:57.946797,False,0
pay_04158,cust_0717,999,card,failed,bank_error,1,2026-08-20T21:27:57.946870,True,999
pay_04164,cust_0081,499,netbanking,failed,timeout,1,2026-07-24T10:50:57.946899,False,0
pay_04165,cust_0516,4999,card,failed,timeout,1,2026-08-11T17:53:57.946904,True,4999
pay_04166,cust_0860,1999,upi,failed,timeout,1,2026-08-14T07:24:57.946909,False,0
pay_04170,cust_1453,1499,upi,failed,insufficient_funds,1,2026-07-31T23:48:57.946929,False,0
pay_04174,cust_1149,4999,netbanking,failed,network_error,1,2026-08-13T08:46:57.946948,False,0
pay_04175,cust_1468,999,upi,failed,authentication_failed,1,2026-08-02T14:01:57.946954,False,0
pay_04178,cust_1012,199,card,failed,network_error,1,2026-08-10T00:39:57.946969,False,0
pay_04184,cust_0314,2499,upi,failed,authentication_failed,2,2026-08-06T02:47:57.946997,False,0
pay_04185,cust_1198,299,card,failed,network_error,2,2026-08-15T08:26:57.947002,True,299
pay_04188,cust_0705,299,netbanking,failed,bank_error,3,2026-08-18T14:08:57.947016,False,0
pay_04191,cust_1309,999,wallet,failed,limit_exceeded,1,2026-08-10T02:19:57.947031,False,0
pay_04192,cust_0546,1999,netbanking,failed,timeout,1,2026-07-30T23:30:57.947036,True,1999
pay_04193,cust_0707,299,upi,failed,limit_exceeded,1,2026-07-27T05:53:57.947041,True,299
pay_04194,cust_0945,9999,upi,failed,timeout,2,2026-08-21T21:18:57.947047,False,0
pay_04198,cust_0862,299,wallet,failed,bank_error,2,2026-08-06T19:34:57.947065,True,299
pay_04200,cust_1238,9999,upi,failed,authentication_failed,1,2026-07-27T15:00:57.947075,False,0
pay_04201,cust_0377,499,wallet,failed,bank_error,1,2026-08-21T00:35:57.947080,True,499
pay_04203,cust_0989,1499,card,failed,insufficient_funds,1,2026-08-09T00:30:57.947090,False,0
pay_04204,cust_1234,2499,upi,failed,limit_exceeded,1,2026-08-15T00:38:57.947095,False,0
pay_04205,cust_0975,9999,upi,failed,timeout,2,2026-07-25T10:42:57.947100,True,9999
pay_04211,cust_0303,199,card,failed,timeout,1,2026-07-24T10:05:57.947129,True,199
pay_04214,cust_1246,299,card,failed,bank_error,1,2026-08-09T12:24:57.947144,False,0
pay_04220,cust_0928,1999,upi,failed,insufficient_funds,2,2026-08-02T00:49:57.947173,True,1999
pay_04226,cust_0533,1999,wallet,failed,timeout,1,2026-08-12T09:50:57.947200,False,0
pay_04228,cust_0082,299,wallet,failed,insufficient_funds,1,2026-07-30T15:18:57.947210,True,299
pay_04235,cust_0226,9999,upi,failed,limit_exceeded,2,2026-07-29T07:14:57.947245,False,0
pay_04236,cust_0741,1999,card,failed,network_error,1,2026-08-04T03:44:57.947250,True,1999
pay_04239,cust_0595,499,card,failed,network_error,1,2026-07-28T14:58:57.947265,True,499
pay_04241,cust_0185,9999,wallet,failed,bank_error,1,2026-08-21T20:49:57.947275,False,0
pay_04243,cust_0662,299,card,failed,network_error,2,2026-07-27T02:55:57.947284,False,0
pay_04251,cust_0214,4999,wallet,failed,network_error,1,2026-08-08T18:46:57.947322,True,4999
pay_04252,cust_0931,199,netbanking,failed,bank_error,2,2026-08-01T16:22:57.947327,True,199
pay_04253,cust_0376,199,wallet,failed,limit_exceeded,1,2026-08-02T12:06:57.947334,True,199
pay_04258,cust_0241,1999,netbanking,failed,authentication_failed,1,2026-08-08T21:23:57.947359,True,1999
pay_04260,cust_0420,4999,upi,failed,insufficient_funds,1,2026-08-01T18:15:57.947368,False,0
pay_04266,cust_1361,199,card,failed,bank_error,1,2026-08-05T11:33:57.947397,False,0
pay_04270,cust_1079,1499,netbanking,failed,network_error,1,2026-08-07T11:47:57.947415,True,1499
pay_04272,cust_1153,199,upi,failed,network_error,1,2026-08-09T11:50:57.947426,False,0
pay_04276,cust_0457,299,card,failed,authentication_failed,1,2026-07-30T12:06:57.947449,False,0
pay_04280,cust_0740,1999,card,failed,authentication_failed,1,2026-08-01T19:56:57.947467,False,0
pay_04284,cust_0930,199,upi,failed,limit_exceeded,1,2026-08-13T23:08:57.947486,True,199
pay_04286,cust_0372,2499,upi,failed,insufficient_funds,1,2026-07-29T00:05:57.947496,False,0
pay_04288,cust_0438,999,netbanking,failed,bank_error,1,2026-08-16T02:50:57.947505,True,999
pay_04289,cust_0475,299,netbanking,failed,network_error,1,2026-08-18T05:59:57.947510,True,299
pay_04296,cust_0819,499,netbanking,failed,timeout,2,2026-08-08T09:47:57.947545,True,499
pay_04300,cust_1322,4999,card,failed,network_error,1,2026-07-29T09:58:57.947565,False,0
pay_04301,cust_0988,1499,card,failed,network_error,1,2026-08-11T23:41:57.947570,True,1499
pay_04302,cust_0015,199,netbanking,failed,timeout,2,2026-08-07T23:15:57.947575,False,0
pay_04304,cust_1431,199,card,failed,insufficient_funds,1,2026-08-11T05:15:57.947584,True,199
pay_04305,cust_0584,2499,upi,failed,insufficient_funds,1,2026-07-31T11:27:57.947589,False,0
pay_04307,cust_0028,9999,upi,failed,network_error,2,2026-08-08T19:12:57.947599,True,9999
pay_04311,cust_0450,9999,netbanking,failed,insufficient_funds,1,2026-08-22T05:47:57.947619,True,9999
pay_04332,cust_0220,1999,wallet,failed,network_error,1,2026-08-17T13:16:57.947720,True,1999
pay_04333,cust_1133,2499,netbanking,failed,authentication_failed,1,2026-08-04T21:26:57.947726,True,2499
pay_04335,cust_0244,299,netbanking,failed,network_error,1,2026-08-01T10:45:57.947735,True,299
pay_04336,cust_1265,299,netbanking,failed,bank_error,1,2026-08-06T17:47:57.947740,True,299
pay_04337,cust_0845,299,upi,failed,insufficient_funds,1,2026-08-19T21:07:57.947744,True,299
pay_04343,cust_0968,299,netbanking,failed,bank_error,1,2026-08-13T17:39:57.947773,True,299
pay_04344,cust_0390,9999,upi,failed,network_error,1,2026-07-25T01:40:57.947777,False,0
pay_04346,cust_0362,1499,card,failed,bank_error,1,2026-07-28T04:47:57.947787,True,1499
pay_04355,cust_1190,4999,card,failed,insufficient_funds,1,2026-08-09T12:18:57.947828,False,0
pay_04357,cust_1454,999,wallet,failed,bank_error,1,2026-07-26T14:12:57.947837,False,0
pay_04368,cust_0988,499,card,failed,network_error,1,2026-08-05T15:13:57.947890,True,499
pay_04370,cust_1433,2499,wallet,failed,limit_exceeded,1,2026-08-20T05:33:57.947900,False,0
pay_04373,cust_0400,299,netbanking,failed,timeout,2,2026-08-17T05:30:57.947914,False,0
pay_04376,cust_0121,4999,wallet,failed,limit_exceeded,1,2026-08-11T14:58:57.947928,True,4999
pay_04379,cust_0821,199,netbanking,failed,network_error,2,2026-08-14T06:20:57.947942,False,0
pay_04382,cust_0770,2499,upi,failed,limit_exceeded,1,2026-08-11T14:46:57.947956,True,2499
pay_04385,cust_0100,199,upi,failed,insufficient_funds,3,2026-08-18T11:17:57.947970,False,0
pay_04386,cust_0005,4999,wallet,failed,network_error,1,2026-08-08T22:27:57.947974,False,0
pay_04387,cust_1096,499,netbanking,failed,timeout,2,2026-08-19T23:45:57.947979,False,0
pay_04391,cust_0481,1999,netbanking,failed,network_error,1,2026-08-21T18:33:57.947998,True,1999
pay_04392,cust_0442,199,netbanking,failed,insufficient_funds,3,2026-07-25T12:11:57.948003,False,0
pay_04397,cust_0967,4999,netbanking,failed,bank_error,2,2026-07-24T14:00:57.948027,False,0
pay_04403,cust_1160,499,wallet,failed,timeout,1,2026-08-06T00:55:57.948055,True,499
pay_04405,cust_1113,9999,wallet,failed,bank_error,1,2026-07-22T23:41:57.948064,True,9999
pay_04408,cust_0021,999,upi,failed,limit_exceeded,1,2026-08-04T08:46:57.948079,True,999
pay_04416,cust_1470,199,upi,failed,timeout,1,2026-08-02T20:34:57.948117,True,199
pay_04422,cust_0778,999,wallet,failed,insufficient_funds,1,2026-07-30T05:57:57.948144,False,0
pay_04424,cust_1209,1499,upi,failed,limit_exceeded,1,2026-08-13T04:15:57.948155,False,0
pay_04429,cust_0892,9999,wallet,failed,network_error,1,2026-07-30T18:54:57.948178,False,0
pay_04431,cust_1169,9999,upi,failed,timeout,1,2026-08-16T11:34:57.948188,False,0
pay_04433,cust_0964,1499,netbanking,failed,authentication_failed,1,2026-08-10T21:45:57.948197,True,1499
pay_04437,cust_0706,4999,card,failed,timeout,1,2026-08-10T07:02:57.948215,False,0
pay_04438,cust_1467,999,upi,failed,insufficient_funds,2,2026-08-09T03:33:57.948220,True,999
pay_04446,cust_0474,4999,upi,failed,bank_error,1,2026-07-27T19:33:57.948259,False,0
pay_04449,cust_0255,999,upi,failed,bank_error,1,2026-08-11T00:06:57.948274,True,999
pay_04451,cust_0552,1999,card,failed,timeout,2,2026-08-07T10:25:57.948284,True,1999
pay_04456,cust_0357,9999,card,failed,authentication_failed,2,2026-07-23T09:46:57.948307,False,0
pay_04462,cust_0640,9999,upi,failed,timeout,1,2026-08-08T00:34:57.948336,True,9999
pay_04470,cust_0253,999,upi,failed,authentication_failed,3,2026-08-07T23:19:57.948374,False,0
pay_04476,cust_0737,499,upi,failed,timeout,1,2026-08-14T04:13:57.948402,True,499
pay_04478,cust_1027,999,netbanking,failed,bank_error,1,2026-08-07T22:53:57.948412,True,999
pay_04479,cust_0583,499,netbanking,failed,authentication_failed,1,2026-08-09T01:58:57.948417,True,499
pay_04487,cust_0424,299,upi,failed,network_error,1,2026-08-10T22:48:57.948456,True,299
pay_04492,cust_0018,1499,netbanking,failed,insufficient_funds,1,2026-07-23T02:40:57.948479,False,0
pay_04498,cust_0788,9999,card,failed,insufficient_funds,1,2026-08-03T22:33:57.948506,True,9999
pay_04505,cust_0402,2499,netbanking,failed,bank_error,1,2026-08-19T13:47:57.948538,False,0
pay_04509,cust_1130,499,card,failed,insufficient_funds,1,2026-08-12T01:08:57.948559,False,0
pay_04511,cust_0116,999,upi,failed,timeout,1,2026-07-29T06:01:57.948569,False,0
pay_04520,cust_0027,1999,netbanking,failed,bank_error,1,2026-08-19T02:49:57.948610,True,1999
pay_04521,cust_0108,999,netbanking,failed,authentication_failed,1,2026-08-09T14:21:57.948614,True,999
pay_04531,cust_1113,4999,netbanking,failed,limit_exceeded,1,2026-07-24T06:14:57.948662,True,4999
pay_04537,cust_0701,499,netbanking,failed,authentication_failed,3,2026-08-06T08:44:57.948689,False,0
pay_04539,cust_0591,2499,wallet,failed,network_error,3,2026-07-28T03:58:57.948699,False,0
pay_04544,cust_1119,199,netbanking,failed,timeout,1,2026-07-29T02:58:57.948721,False,0
pay_04545,cust_1468,199,netbanking,failed,network_error,1,2026-07-28T05:46:57.948728,True,199
pay_04556,cust_0742,9999,wallet,failed,bank_error,1,2026-08-22T07:59:57.948779,False,0
pay_04557,cust_0656,9999,wallet,failed,limit_exceeded,1,2026-07-24T00:44:57.948784,False,0
pay_04559,cust_0786,1499,card,failed,network_error,1,2026-07-29T12:21:57.948793,False,0
pay_04563,cust_0946,999,card,failed,network_error,1,2026-08-10T22:40:57.948812,False,0
pay_04564,cust_1362,2499,upi,failed,authentication_failed,1,2026-08-19T14:42:57.948817,False,0
pay_04566,cust_0429,299,card,failed,timeout,1,2026-08-14T19:57:57.948827,False,0
pay_04576,cust_0994,9999,card,failed,bank_error,1,2026-08-03T16:01:57.948874,False,0
pay_04577,cust_0997,2499,card,failed,network_error,1,2026-08-08T13:58:57.948878,False,0
pay_04578,cust_0220,299,card,failed,insufficient_funds,1,2026-08-13T18:00:57.948883,False,0
pay_04580,cust_1159,1999,card,failed,bank_error,1,2026-08-03T05:48:57.948892,False,0
pay_04583,cust_0790,1999,card,failed,timeout,2,2026-08-14T03:37:57.948906,True,1999
pay_04585,cust_0014,4999,upi,failed,timeout,1,2026-08-21T06:06:57.948916,True,4999
pay_04592,cust_0266,999,upi,failed,authentication_failed,1,2026-08-14T11:15:57.948949,True,999
pay_04601,cust_0913,1499,netbanking,failed,insufficient_funds,1,2026-08-10T16:44:57.948991,False,0
pay_04606,cust_0334,2499,upi,failed,bank_error,1,2026-08-07T14:54:57.949020,True,2499
pay_04613,cust_0765,499,card,failed,network_error,3,2026-07-23T09:40:57.949053,False,0
pay_04615,cust_0726,1499,netbanking,failed,authentication_failed,1,2026-08-06T06:08:57.949063,True,1499
pay_04626,cust_1073,4999,netbanking,failed,bank_error,1,2026-08-21T23:06:57.949114,True,4999
pay_04629,cust_1174,199,netbanking,failed,authentication_failed,2,2026-08-07T05:25:57.949127,False,0
pay_04631,cust_0029,9999,card,failed,insufficient_funds,1,2026-08-18T02:56:57.949137,False,0
pay_04636,cust_0483,9999,netbanking,failed,insufficient_funds,1,2026-08-11T01:40:57.949161,True,9999
pay_04637,cust_0162,2499,upi,failed,bank_error,1,2026-07-23T03:34:57.949166,False,0
pay_04638,cust_1014,999,wallet,failed,authentication_failed,1,2026-07-22T13:50:57.949171,True,999
pay_04642,cust_0201,1999,wallet,failed,insufficient_funds,1,2026-08-07T16:05:57.949189,False,0
pay_04650,cust_1265,4999,card,failed,network_error,1,2026-08-14T05:55:57.949227,False,0
pay_04664,cust_0786,2499,upi,failed,limit_exceeded,2,2026-08-01T09:36:57.949293,False,0
pay_04677,cust_0104,299,upi,failed,insufficient_funds,1,2026-08-13T01:54:57.949353,False,0
pay_04678,cust_1381,4999,netbanking,failed,authentication_failed,1,2026-08-06T18:17:57.949359,False,0
pay_04685,cust_0557,1499,wallet,failed,authentication_failed,1,2026-07-29T10:27:57.949393,False,0
pay_04688,cust_0844,1999,card,failed,authentication_failed,1,2026-08-18T09:33:57.949407,False,0
pay_04694,cust_0046,4999,upi,failed,insufficient_funds,2,2026-07-27T13:30:57.949434,False,0
pay_04723,cust_0313,1999,card,failed,network_error,1,2026-07-30T04:58:57.949576,True,1999
pay_04724,cust_1020,9999,upi,failed,limit_exceeded,1,2026-08-07T17:14:57.949582,False,0
pay_04729,cust_1133,299,card,failed,insufficient_funds,1,2026-08-04T11:17:57.949605,False,0
pay_04737,cust_0878,999,wallet,failed,bank_error,1,2026-08-01T13:37:57.949642,True,999
pay_04749,cust_0063,199,card,failed,network_error,1,2026-08-12T21:56:57.949699,True,199
pay_04750,cust_1148,1999,card,failed,authentication_failed,1,2026-08-18T03:29:57.949704,True,1999
pay_04763,cust_0039,4999,netbanking,failed,limit_exceeded,1,2026-07-28T15:31:57.949766,True,4999
pay_04766,cust_0060,299,upi,failed,authentication_failed,3,2026-08-15T01:55:57.949781,False,0
pay_04774,cust_0931,1999,card,failed,authentication_failed,1,2026-08-22T01:37:57.949819,False,0
pay_04782,cust_0731,1499,upi,failed,timeout,2,2026-08-15T10:27:57.949856,True,1499
pay_04783,cust_0549,199,card,failed,limit_exceeded,2,2026-08-22T03:18:57.949861,False,0
pay_04790,cust_0980,1499,netbanking,failed,timeout,2,2026-07-24T10:16:57.949894,True,1499
pay_04804,cust_0156,1999,netbanking,failed,authentication_failed,1,2026-08-06T01:44:57.949958,True,1999
pay_04810,cust_1247,4999,netbanking,failed,bank_error,1,2026-07-31T03:12:57.949987,True,4999
pay_04817,cust_0054,499,card,failed,limit_exceeded,2,2026-07-24T11:09:57.950021,False,0
pay_04818,cust_1046,9999,netbanking,failed,network_error,1,2026-08-07T20:41:57.950027,True,9999
pay_04819,cust_1346,299,netbanking,failed,limit_exceeded,1,2026-08-21T22:48:57.950032,False,0
pay_04826,cust_1461,1999,upi,failed,bank_error,1,2026-08-16T03:00:57.950064,True,1999
pay_04828,cust_0552,1999,upi,failed,insufficient_funds,1,2026-08-15T07:43:57.950074,False,0
pay_04829,cust_0309,199,upi,failed,network_error,1,2026-08-13T02:15:57.950079,True,199
pay_04830,cust_1121,199,card,failed,limit_exceeded,1,2026-07-31T18:25:57.950084,False,0
pay_04835,cust_1006,1499,netbanking,failed,network_error,1,2026-08-03T16:37:57.950107,True,1499
pay_04837,cust_1238,9999,card,failed,limit_exceeded,1,2026-08-01T11:51:57.950117,False,0
pay_04838,cust_1095,999,wallet,failed,limit_exceeded,1,2026-08-14T22:48:57.950122,False,0
pay_04839,cust_1400,299,upi,failed,authentication_failed,1,2026-08-03T05:25:57.950127,False,0
pay_04841,cust_0282,9999,wallet,failed,insufficient_funds,1,2026-08-14T21:44:57.950136,True,9999
pay_04842,cust_0152,1499,wallet,failed,limit_exceeded,2,2026-07-22T13:34:57.950141,True,1499
pay_04844,cust_0206,299,netbanking,failed,bank_error,1,2026-08-01T10:40:57.950150,False,0
pay_04846,cust_0642,499,card,failed,network_error,1,2026-08-15T07:52:57.950160,True,499
pay_04849,cust_1078,1999,card,failed,limit_exceeded,1,2026-07-29T23:26:57.950175,False,0
pay_04851,cust_1357,299,card,failed,authentication_failed,1,2026-08-05T02:29:57.950184,False,0
pay_04855,cust_0764,1999,netbanking,failed,limit_exceeded,1,2026-07-29T06:52:57.950202,False,0
pay_04856,cust_0937,2499,upi,failed,network_error,1,2026-08-06T05:21:57.950207,False,0
pay_04861,cust_0153,2499,upi,failed,limit_exceeded,2,2026-08-16T22:41:57.950231,False,0
pay_04866,cust_0735,299,upi,failed,network_error,1,2026-08-01T05:03:57.950253,True,299
pay_04867,cust_0652,1499,upi,failed,authentication_failed,1,2026-07-26T23:36:57.950259,True,1499
pay_04868,cust_1350,4999,card,failed,bank_error,2,2026-08-21T15:57:57.950264,True,4999
pay_04870,cust_0270,1999,wallet,failed,insufficient_funds,1,2026-08-20T00:42:57.950274,False,0
pay_04873,cust_1372,499,card,failed,insufficient_funds,1,2026-07-26T12:15:57.950288,False,0
pay_04875,cust_0348,9999,wallet,failed,timeout,1,2026-08-10T06:33:57.950297,True,9999
pay_04881,cust_0310,4999,wallet,failed,insufficient_funds,2,2026-07-25T22:01:57.950327,False,0
pay_04885,cust_0670,999,wallet,failed,bank_error,1,2026-08-11T02:45:57.950345,False,0
pay_04896,cust_1391,999,netbanking,failed,insufficient_funds,2,2026-08-01T01:28:57.950397,True,999
pay_04898,cust_1221,299,upi,failed,insufficient_funds,1,2026-08-21T08:12:57.950407,False,0
pay_04900,cust_0132,1999,netbanking,failed,authentication_failed,1,2026-07-22T15:57:57.950416,False,0
pay_04905,cust_0247,999,card,failed,timeout,1,2026-07-28T03:39:57.950440,False,0
pay_04909,cust_1069,4999,card,failed,bank_error,2,2026-08-07T02:02:57.950458,False,0
pay_04911,cust_1155,1999,wallet,failed,limit_exceeded,1,2026-08-19T04:29:57.950468,False,0
pay_04918,cust_1349,1999,card,failed,authentication_failed,1,2026-08-16T05:07:57.950503,False,0
pay_04928,cust_0113,4999,upi,failed,limit_exceeded,2,2026-07-23T02:00:57.950550,False,0
pay_04931,cust_0835,1999,wallet,failed,network_error,1,2026-07-26T08:08:57.950564,True,1999
pay_04940,cust_0165,199,upi,failed,limit_exceeded,1,2026-07-26T00:05:57.950608,False,0
pay_04947,cust_1466,1999,upi,failed,network_error,1,2026-07-29T06:51:57.950640,True,1999
pay_04948,cust_0632,1999,netbanking,failed,insufficient_funds,1,2026-08-15T03:29:57.950644,False,0
pay_04950,cust_0986,499,upi,failed,network_error,1,2026-08-18T17:46:57.950654,True,499
pay_04952,cust_1342,1499,upi,failed,bank_error,2,2026-08-21T04:31:57.950663,True,1499
pay_04957,cust_1083,499,card,failed,network_error,1,2026-08-16T20:24:57.950688,True,499
pay_04961,cust_0206,2499,upi,failed,network_error,1,2026-07-31T08:58:57.950706,False,0
pay_04962,cust_0295,499,upi,failed,insufficient_funds,2,2026-07-25T13:12:57.950711,False,0
pay_04967,cust_0810,999,card,failed,limit_exceeded,1,2026-07-23T13:54:57.950734,True,999
pay_04970,cust_0493,9999,upi,failed,timeout,1,2026-07-25T22:36:57.950749,True,9999
pay_04972,cust_0283,9999,upi,failed,limit_exceeded,1,2026-08-18T20:28:57.950759,True,9999
pay_04974,cust_0643,199,upi,failed,limit_exceeded,2,2026-08-13T08:48:57.950769,False,0
pay_04978,cust_0262,9999,card,failed,authentication_failed,3,2026-08-20T19:06:57.950790,False,0
pay_04986,cust_0987,9999,card,failed,authentication_failed,1,2026-07-23T15:46:57.950826,False,0
pay_04987,cust_1042,1499,netbanking,failed,authentication_failed,1,2026-08-08T14:11:57.950831,False,0
pay_04989,cust_0120,299,upi,failed,bank_error,1,2026-07-29T12:19:57.950840,False,0
pay_04994,cust_0290,299,upi,failed,network_error,1,2026-08-07T17:26:57.950863,True,299
pay_04995,cust_1030,499,netbanking,failed,timeout,2,2026-08-16T21:01:57.950868,True,499
pay_04997,cust_0087,299,card,failed,insufficient_funds,1,2026-08-20T13:13:57.950879,False,0
pay_04998,cust_0123,9999,netbanking,failed,network_error,1,2026-07-25T18:30:57.950884,True,9999
pay_04999,cust_0154,2499,upi,failed,network_error,1,2026-08-01T05:56:57.950888,True,2499
