payment_id,customer_id,amount,payment_method,status,failure_reason,attempt_number,created_at
pay_00001,cust_0853,499,wallet,success,,2,2026-08-09T08:30:57.926945
pay_00002,cust_1194,9999,wallet,success,,1,2026-08-20T00:27:57.926977
pay_00003,cust_0669,4999,wallet,success,,1,2026-07-30T02:50:57.926985
pay_00004,cust_0387,999,upi,failed,limit_exceeded,1,2026-08-13T18:07:57.926991
pay_00005,cust_0377,499,netbanking,failed,authentication_failed,1,2026-07-26T14:11:57.926996
pay_00006,cust_0185,1999,netbanking,failed,network_error,1,2026-07-24T17:07:57.927001
pay_00007,cust_0903,299,wallet,success,,1,2026-08-17T13:54:57.927005
pay_00008,cust_1095,199,upi,success,,1,2026-08-09T17:47:57.927010
pay_00009,cust_1120,499,upi,failed,limit_exceeded,1,2026-08-15T22:32:57.927014
pay_00010,cust_0606,999,wallet,success,,1,2026-08-12T06:28:57.927019
pay_00011,cust_0041,4999,wallet,failed,insufficient_funds,1,2026-07-27T19:50:57.927023
pay_00012,cust_0040,199,netbanking,failed,limit_exceeded,1,2026-08-13T20:04:57.927028
pay_00013,cust_0994,499,wallet,failed,limit_exceeded,1,2026-08-04T18:04:57.927032
pay_00014,cust_0927,199,netbanking,success,,2,2026-08-21T01:12:57.927037
pay_00015,cust_0009,199,netbanking,success,,1,2026-08-07T11:44:57.927042
pay_00016,cust_0973,1999,card,failed,limit_exceeded,2,2026-08-06T22:53:57.927047
pay_00017,cust_0887,299,netbanking,failed,insufficient_funds,1,2026-08-08T21:14:57.927051
pay_00018,cust_1456,299,upi,success,,2,2026-07-30T01:59:57.927055
pay_00019,cust_0900,9999,card,failed,insufficient_funds,1,2026-07-30T19:49:57.927060
pay_00020,cust_1064,9999,upi,success,,1,2026-08-18T05:49:57.927064
pay_00021,cust_0749,2499,netbanking,failed,limit_exceeded,2,2026-08-03T03:30:57.927070
pay_00022,cust_0974,1999,netbanking,success,,1,2026-08-21T12:48:57.927074
pay_00023,cust_0576,1999,card,failed,network_error,1,2026-08-21T04:16:57.927079
pay_00024,cust_1111,299,card,success,,1,2026-08-03T22:30:57.927083
pay_00025,cust_0746,2499,card,failed,limit_exceeded,1,2026-07-23T07:49:57.927087
pay_00026,cust_0469,199,upi,failed,insufficient_funds,1,2026-08-16T06:17:57.927091
pay_00027,cust_0273,1999,wallet,success,,1,2026-08-12T09:18:57.927096
pay_00028,cust_0115,2499,wallet,success,,2,2026-08-19T14:10:57.927101
pay_00029,cust_0014,1999,wallet,failed,insufficient_funds,1,2026-08-04T12:08:57.927106
pay_00030,cust_0558,499,netbanking,success,,1,2026-08-01T14:16:57.927110
pay_00031,cust_0403,199,wallet,failed,insufficient_funds,1,2026-07-23T04:20:57.927115
pay_00032,cust_0737,199,upi,success,,1,2026-07-24T08:57:57.927119
pay_00033,cust_0431,1499,wallet,success,,2,2026-08-05T12:18:57.927123
pay_00034,cust_1397,1999,upi,success,,1,2026-08-02T19:14:57.927128
pay_00035,cust_0940,199,wallet,failed,network_error,3,2026-08-03T12:44:57.927132
pay_00036,cust_0131,999,netbanking,failed,insufficient_funds,1,2026-07-26T19:56:57.927137
pay_00037,cust_0635,499,card,failed,timeout,1,2026-07-23T07:21:57.927141
pay_00038,cust_0881,299,wallet,success,,1,2026-08-13T09:23:57.927145
pay_00039,cust_0695,999,upi,success,,1,2026-08-11T09:53:57.927149
pay_00040,cust_0833,499,netbanking,success,,3,2026-08-01T13:58:57.927153
pay_00041,cust_0190,499,upi,failed,timeout,3,2026-08-11T03:33:57.927159
pay_00042,cust_1341,999,wallet,success,,2,2026-08-08T03:50:57.927163
pay_00043,cust_1049,499,upi,success,,1,2026-07-26T12:21:57.927167
pay_00044,cust_1207,499,netbanking,success,,3,2026-08-02T00:26:57.927171
pay_00045,cust_0126,199,upi,success,,1,2026-08-11T15:42:57.927176
pay_00046,cust_0488,1499,upi,success,,1,2026-08-10T06:40:57.927181
pay_00047,cust_1078,199,upi,success,,1,2026-07-23T17:43:57.927185
pay_00048,cust_1310,1499,wallet,success,,1,2026-07-28T14:00:57.927189
pay_00049,cust_1466,1499,wallet,failed,authentication_failed,2,2026-08-08T05:56:57.927194
pay_00050,cust_0321,2499,card,failed,network_error,2,2026-08-04T08:41:57.927199
pay_00051,cust_0004,9999,card,success,,1,2026-07-29T03:45:57.927203
pay_00052,cust_1082,999,wallet,success,,1,2026-07-24T13:02:57.927207
pay_00053,cust_0717,1999,wallet,success,,1,2026-08-21T18:49:57.927212
pay_00054,cust_0462,199,upi,success,,2,2026-08-04T23:15:57.927216
pay_00055,cust_0510,1999,wallet,success,,1,2026-08-15T06:17:57.927220
pay_00056,cust_0516,199,netbanking,failed,bank_error,1,2026-08-14T08:05:57.927225
pay_00057,cust_0274,4999,upi,failed,authentication_failed,1,2026-08-03T11:16:57.927229
pay_00058,cust_0662,9999,wallet,failed,bank_error,3,2026-08-13T21:59:57.927233
pay_00059,cust_0450,299,netbanking,success,,1,2026-07-29T14:32:57.927238
pay_00060,cust_0906,499,netbanking,success,,1,2026-07-27T00:33:57.927243
pay_00061,cust_1483,199,wallet,failed,bank_error,2,2026-07-29T10:47:57.927248
pay_00062,cust_0559,499,upi,success,,1,2026-08-07T14:57:57.927252
pay_00063,cust_0424,9999,netbanking,failed,bank_error,3,2026-07-24T00:24:57.927257
pay_00064,cust_1285,499,wallet,failed,bank_error,1,2026-08-04T05:19:57.927261
pay_00065,cust_0609,1999,wallet,success,,2,2026-07-24T11:48:57.927265
pay_00066,cust_1189,299,card,success,,1,2026-08-02T01:37:57.927271
pay_00067,cust_0676,999,card,success,,1,2026-07-28T13:23:57.927275
pay_00068,cust_0900,299,netbanking,success,,1,2026-08-12T14:17:57.927279
pay_00069,cust_0340,499,wallet,failed,authentication_failed,1,2026-07-30T09:01:57.927283
pay_00070,cust_0318,199,card,success,,1,2026-07-23T09:20:57.927288
pay_00071,cust_1025,499,card,success,,1,2026-08-17T15:48:57.927292
pay_00072,cust_0996,299,wallet,failed,authentication_failed,1,2026-07-25T03:38:57.927296
pay_00073,cust_0463,299,card,success,,1,2026-07-30T07:29:57.927302
pay_00074,cust_0686,499,netbanking,success,,3,2026-08-06T09:04:57.927306
pay_00075,cust_0537,1499,netbanking,failed,authentication_failed,3,2026-08-12T21:24:57.927310
pay_00076,cust_0455,2499,wallet,success,,1,2026-07-31T10:49:57.927315
pay_00077,cust_1182,1999,wallet,success,,1,2026-07-26T11:12:57.927319
pay_00078,cust_0629,299,wallet,success,,2,2026-08-04T23:36:57.927323
pay_00079,cust_0576,1999,upi,failed,insufficient_funds,1,2026-07-24T20:25:57.927327
pay_00080,cust_0829,4999,card,success,,1,2026-08-15T11:08:57.927333
pay_00081,cust_1005,199,card,success,,1,2026-08-13T11:00:57.927337
pay_00082,cust_0713,9999,netbanking,success,,1,2026-07-22T18:01:57.927341
pay_00083,cust_1460,4999,card,success,,1,2026-07-25T12:39:57.927346
pay_00084,cust_1500,299,upi,success,,2,2026-07-28T20:59:57.927350
pay_00085,cust_1014,999,upi,success,,1,2026-08-10T11:12:57.927354
pay_00086,cust_1306,999,card,success,,2,2026-08-12T19:41:57.927358
pay_00087,cust_0895,499,upi,success,,1,2026-08-20T01:23:57.927364
pay_00088,cust_1186,9999,card,success,,3,2026-08-08T12:56:57.927368
pay_00089,cust_1464,1499,netbanking,success,,1,2026-08-02T16:34:57.927372
pay_00090,cust_1083,9999,card,success,,1,2026-08-04T15:30:57.927376
pay_00091,cust_1255,1999,wallet,success,,1,2026-07-30T15:38:57.927381
pay_00092,cust_1375,499,netbanking,success,,2,2026-07-25T21:56:57.927385
pay_00093,cust_1215,999,netbanking,success,,3,2026-08-02T00:50:57.927389
pay_00094,cust_0699,999,card,failed,insufficient_funds,1,2026-08-06T14:49:57.927393
pay_00095,cust_0475,4999,card,success,,2,2026-08-07T09:49:57.927397
pay_00096,cust_0814,199,wallet,success,,1,2026-08-01T15:05:57.927401
pay_00097,cust_1237,499,upi,failed,timeout,1,2026-08-01T17:57:57.927406
pay_00098,cust_0765,499,netbanking,success,,1,2026-08-12T10:20:57.927410
pay_00099,cust_1372,299,upi,success,,1,2026-08-12T05:12:57.927415
pay_00100,cust_0181,999,wallet,success,,1,2026-08-06T06:56:57.927420
pay_00101,cust_0131,199,upi,success,,1,2026-07-29T03:00:57.927424
pay_00102,cust_1443,999,netbanking,failed,limit_exceeded,1,2026-07-30T22:12:57.927428
pay_00103,cust_0935,2499,upi,success,,1,2026-07-29T12:08:57.927433
pay_00104,cust_0925,1999,wallet,success,,1,2026-08-10T14:00:57.927437
pay_00105,cust_0504,499,wallet,success,,1,2026-08-22T06:35:57.927441
pay_00106,cust_1037,1499,netbanking,success,,1,2026-08-17T05:21:57.927446
pay_00107,cust_0549,1999,netbanking,success,,1,2026-07-25T02:40:57.927450
pay_00108,cust_0831,2499,upi,failed,authentication_failed,3,2026-08-11T04:58:57.927455
pay_00109,cust_0459,299,card,success,,1,2026-08-08T07:18:57.927459
pay_00110,cust_0376,1999,upi,failed,insufficient_funds,1,2026-07-28T21:45:57.927464
pay_00111,cust_1058,199,wallet,success,,1,2026-08-10T13:18:57.927468
pay_00112,cust_1261,9999,netbanking,success,,1,2026-08-07T11:54:57.927472
pay_00113,cust_0634,299,wallet,failed,authentication_failed,1,2026-08-05T02:21:57.927477
pay_00114,cust_0061,2499,wallet,success,,2,2026-07-29T21:20:57.927481
pay_00115,cust_0995,4999,upi,success,,2,2026-07-24T03:01:57.927485
pay_00116,cust_1492,1499,upi,success,,2,2026-08-03T12:22:57.927489
pay_00117,cust_0997,199,wallet,success,,1,2026-07-22T12:28:57.927493
pay_00118,cust_1403,499,card,success,,1,2026-07-29T11:50:57.927498
pay_00119,cust_0298,2499,upi,success,,1,2026-07-22T13:05:57.927502
pay_00120,cust_1371,2499,wallet,failed,limit_exceeded,1,2026-08-18T06:06:57.927507
pay_00121,cust_1381,1999,netbanking,success,,3,2026-07-25T15:47:57.927512
pay_00122,cust_0653,299,upi,success,,1,2026-08-07T10:20:57.927516
pay_00123,cust_0686,1999,wallet,failed,bank_error,1,2026-07-27T06:57:57.927521
pay_00124,cust_1335,199,netbanking,success,,1,2026-07-25T12:43:57.927525
pay_00125,cust_0935,9999,upi,success,,1,2026-07-30T04:38:57.927530
pay_00126,cust_0494,2499,card,success,,2,2026-08-07T11:26:57.927534
pay_00127,cust_0721,9999,netbanking,success,,1,2026-08-20T22:26:57.927538
pay_00128,cust_1464,499,netbanking,success,,2,2026-08-17T05:20:57.927542
pay_00129,cust_1468,1999,card,success,,2,2026-07-25T18:56:57.927546
pay_00130,cust_0297,1999,netbanking,success,,1,2026-08-15T16:36:57.927552
pay_00131,cust_0523,1999,wallet,failed,authentication_failed,1,2026-08-09T01:08:57.927556
pay_00132,cust_1411,999,wallet,failed,network_error,1,2026-08-11T18:48:57.927560
pay_00133,cust_1274,2499,netbanking,success,,2,2026-08-05T17:30:57.927565
pay_00134,cust_1220,9999,upi,success,,1,2026-08-18T11:11:57.927569
pay_00135,cust_0370,999,wallet,success,,1,2026-08-05T12:35:57.927573
pay_00136,cust_0634,1999,card,success,,1,2026-07-23T06:59:57.927578
pay_00137,cust_1418,1499,card,success,,2,2026-08-05T23:13:57.927582
pay_00138,cust_0746,1999,card,success,,1,2026-07-24T19:04:57.927587
pay_00139,cust_1120,1499,netbanking,failed,timeout,2,2026-08-22T00:38:57.927592
pay_00140,cust_0876,499,card,success,,2,2026-07-30T19:17:57.927596
pay_00141,cust_0385,299,netbanking,success,,1,2026-08-01T21:56:57.927600
pay_00142,cust_0520,1499,upi,failed,insufficient_funds,1,2026-07-29T00:40:57.927604
pay_00143,cust_1058,199,upi,success,,3,2026-08-16T18:12:57.927608
pay_00144,cust_0254,4999,wallet,success,,1,2026-08-01T20:58:57.927612
pay_00145,cust_0696,9999,netbanking,success,,1,2026-08-14T09:10:57.927617
pay_00146,cust_0922,4999,netbanking,success,,1,2026-08-16T02:43:57.927621
pay_00147,cust_0800,999,wallet,success,,1,2026-08-21T12:55:57.927625
pay_00148,cust_0211,199,upi,success,,1,2026-07-30T17:08:57.927629
pay_00149,cust_0383,1499,wallet,failed,bank_error,1,2026-07-24T04:32:57.927634
pay_00150,cust_1230,9999,upi,success,,1,2026-08-04T01:46:57.927639
pay_00151,cust_0135,499,upi,failed,insufficient_funds,1,2026-08-14T18:16:57.927644
pay_00152,cust_0431,499,wallet,success,,1,2026-07-29T04:01:57.927649
pay_00153,cust_0279,999,netbanking,success,,3,2026-08-19T18:57:57.927653
pay_00154,cust_1222,9999,wallet,success,,1,2026-08-13T16:05:57.927658
pay_00155,cust_1474,1499,card,failed,network_error,1,2026-08-05T10:42:57.927662
pay_00156,cust_0196,2499,card,failed,network_error,1,2026-08-11T00:05:57.927666
pay_00157,cust_0090,1999,upi,success,,1,2026-08-14T07:05:57.927670
pay_00158,cust_0979,2499,netbanking,success,,1,2026-08-13T02:11:57.927676
pay_00159,cust_1072,4999,wallet,failed,timeout,1,2026-08-16T18:32:57.927680
pay_00160,cust_1192,199,wallet,success,,1,2026-08-18T07:10:57.927684
pay_00161,cust_0476,499,netbanking,success,,1,2026-07-30T02:12:57.927689
pay_00162,cust_0662,1499,upi,success,,1,2026-08-04T03:02:57.927693
pay_00163,cust_1353,1999,card,success,,1,2026-08-12T09:01:57.927697
pay_00164,cust_1309,2499,wallet,success,,1,2026-07-29T10:25:57.927701
pay_00165,cust_0293,299,wallet,success,,1,2026-08-04T20:50:57.927706
pay_00166,cust_0625,499,netbanking,success,,1,2026-07-30T22:01:57.927710
pay_00167,cust_1015,9999,upi,success,,1,2026-07-28T03:57:57.927714
pay_00168,cust_0507,4999,card,failed,insufficient_funds,2,2026-08-21T22:28:57.927718
pay_00169,cust_0948,4999,wallet,failed,bank_error,2,2026-08-02T03:30:57.927723
pay_00170,cust_1399,2499,wallet,failed,network_error,1,2026-07-25T01:56:57.927727
pay_00171,cust_0671,4999,wallet,success,,1,2026-08-16T14:25:57.927732
pay_00172,cust_0880,199,wallet,success,,1,2026-08-15T12:39:57.927737
pay_00173,cust_0213,2499,netbanking,success,,1,2026-08-06T10:30:57.927741
pay_00174,cust_0791,4999,upi,success,,1,2026-08-16T00:24:57.927747
pay_00175,cust_0772,2499,wallet,success,,1,2026-08-12T12:20:57.927751
pay_00176,cust_0701,499,upi,failed,authentication_failed,1,2026-08-09T13:26:57.927755
pay_00177,cust_0211,199,netbanking,success,,1,2026-08-20T07:17:57.927760
pay_00178,cust_0786,9999,wallet,success,,1,2026-08-16T16:24:57.927765
pay_00179,cust_0908,2499,upi,failed,limit_exceeded,1,2026-08-15T13:17:57.927769
pay_00180,cust_0705,299,card,failed,timeout,1,2026-08-01T12:30:57.927774
pay_00181,cust_0021,299,card,failed,limit_exceeded,1,2026-08-22T01:37:57.927778
pay_00182,cust_0513,1499,card,failed,network_error,1,2026-08-13T07:26:57.927782
pay_00183,cust_0466,2499,wallet,failed,bank_error,1,2026-08-21T15:53:57.927787
pay_00184,cust_0297,199,wallet,success,,2,2026-08-11T12:50:57.927791
pay_00185,cust_0193,4999,netbanking,success,,2,2026-08-16T07:21:57.927795
pay_00186,cust_0604,199,netbanking,success,,1,2026-07-31T02:52:57.927799
pay_00187,cust_0296,2499,wallet,success,,1,2026-07-29T07:43:57.927803
pay_00188,cust_1162,1999,netbanking,success,,1,2026-07-29T14:04:57.927807
pay_00189,cust_1291,1999,wallet,failed,insufficient_funds,1,2026-08-11T01:43:57.927811
pay_00190,cust_0447,9999,upi,failed,network_error,1,2026-08-14T03:55:57.927816
pay_00191,cust_0862,199,netbanking,success,,1,2026-07-29T21:35:57.927820
pay_00192,cust_1002,299,wallet,success,,3,2026-08-19T03:11:57.927824
pay_00193,cust_1264,4999,upi,failed,bank_error,1,2026-08-18T20:31:57.927830
pay_00194,cust_0932,199,upi,success,,1,2026-07-28T14:24:57.927834
pay_00195,cust_1197,4999,upi,failed,insufficient_funds,2,2026-08-08T19:19:57.927838
pay_00196,cust_0618,9999,netbanking,success,,2,2026-08-11T07:02:57.927842
pay_00197,cust_0169,4999,netbanking,success,,1,2026-08-03T19:36:57.927848
pay_00198,cust_0438,1499,wallet,failed,insufficient_funds,2,2026-08-03T11:04:57.927852
pay_00199,cust_0031,199,wallet,success,,1,2026-08-04T15:50:57.927856
pay_00200,cust_0244,299,wallet,success,,2,2026-08-06T22:23:57.927860
pay_00201,cust_1499,299,wallet,success,,3,2026-08-17T20:57:57.927864
pay_00202,cust_1470,299,wallet,success,,2,2026-08-10T10:00:57.927869
pay_00203,cust_0234,9999,wallet,success,,1,2026-07-28T23:11:57.927873
pay_00204,cust_0553,299,upi,success,,1,2026-08-02T15:54:57.927877
pay_00205,cust_0120,499,netbanking,failed,network_error,1,2026-08-08T20:02:57.927881
pay_00206,cust_0015,499,card,success,,1,2026-08-06T21:26:57.927885
pay_00207,cust_0936,199,wallet,success,,2,2026-07-28T06:51:57.927889
pay_00208,cust_0786,1499,upi,success,,1,2026-07-30T08:16:57.927893
pay_00209,cust_1438,499,card,success,,1,2026-07-22T19:57:57.927898
pay_00210,cust_1135,199,wallet,failed,limit_exceeded,2,2026-08-10T18:29:57.927902
pay_00211,cust_1115,1499,card,success,,1,2026-08-21T22:49:57.927906
pay_00212,cust_1384,999,wallet,failed,bank_error,1,2026-08-03T00:53:57.927910
pay_00213,cust_0096,4999,wallet,success,,1,2026-08-11T08:20:57.927915
pay_00214,cust_0941,1999,upi,failed,bank_error,1,2026-07-22T14:32:57.927919
pay_00215,cust_0759,199,card,success,,1,2026-07-26T09:05:57.927924
pay_00216,cust_0666,499,card,success,,1,2026-08-21T01:39:57.927930
pay_00217,cust_1404,4999,upi,success,,2,2026-08-12T19:01:57.927943
pay_00218,cust_0786,499,upi,success,,1,2026-08-04T23:42:57.927948
pay_00219,cust_0639,4999,netbanking,success,,2,2026-08-10T18:04:57.927952
pay_00220,cust_0900,9999,netbanking,failed,limit_exceeded,1,2026-07-24T21:35:57.927956
pay_00221,cust_0767,2499,card,failed,timeout,2,2026-08-22T01:22:57.927961
pay_00222,cust_0088,9999,netbanking,success,,1,2026-08-13T12:14:57.927965
pay_00223,cust_1410,1999,upi,success,,1,2026-07-27T00:32:57.927969
pay_00224,cust_1159,1999,upi,success,,3,2026-08-17T10:49:57.927973
pay_00225,cust_0515,199,upi,success,,2,2026-08-20T02:15:57.927978
pay_00226,cust_1421,4999,upi,success,,1,2026-08-17T07:05:57.927982
pay_00227,cust_1046,4999,upi,success,,1,2026-07-31T23:31:57.927986
pay_00228,cust_1320,4999,wallet,success,,1,2026-07-27T00:28:57.927990
pay_00229,cust_0907,199,card,failed,network_error,2,2026-08-06T14:15:57.927995
pay_00230,cust_1472,2499,upi,success,,1,2026-08-18T21:42:57.927999
pay_00231,cust_0203,199,upi,success,,1,2026-07-26T21:29:57.928003
pay_00232,cust_1303,299,card,failed,network_error,1,2026-08-14T13:13:57.928007
pay_00233,cust_0160,1499,wallet,success,,2,2026-07-29T01:16:57.928012
pay_00234,cust_1365,9999,upi,success,,2,2026-08-20T18:55:57.928016
pay_00235,cust_0106,199,card,success,,1,2026-08-08T11:25:57.928020
pay_00236,cust_1338,1999,upi,success,,1,2026-08-14T04:14:57.928026
pay_00237,cust_0902,1499,wallet,success,,1,2026-08-17T17:40:57.928031
pay_00238,cust_1417,999,card,success,,1,2026-07-25T08:02:57.928035
pay_00239,cust_1399,199,upi,success,,2,2026-07-30T18:58:57.928039
pay_00240,cust_0080,199,wallet,success,,2,2026-08-21T22:50:57.928043
pay_00241,cust_0011,999,wallet,success,,1,2026-08-22T09:58:57.928047
pay_00242,cust_1295,999,wallet,failed,authentication_failed,3,2026-07-28T04:03:57.928051
pay_00243,cust_0953,499,netbanking,success,,2,2026-08-05T01:36:57.928056
pay_00244,cust_0103,9999,card,success,,1,2026-07-23T23:15:57.928060
pay_00245,cust_1450,499,card,success,,3,2026-07-27T07:49:57.928064
pay_00246,cust_0162,2499,netbanking,failed,limit_exceeded,1,2026-08-19T03:04:57.928068
pay_00247,cust_0069,499,upi,success,,1,2026-08-09T05:56:57.928072
pay_00248,cust_0978,199,card,success,,1,2026-08-10T23:24:57.928077
pay_00249,cust_0299,1499,upi,failed,insufficient_funds,3,2026-08-05T18:06:57.928081
pay_00250,cust_1402,9999,upi,success,,1,2026-08-05T20:55:57.928085
pay_00251,cust_1304,299,netbanking,failed,bank_error,1,2026-07-22T13:18:57.928090
pay_00252,cust_0019,299,netbanking,success,,1,2026-08-17T16:02:57.928094
pay_00253,cust_0277,1499,wallet,failed,bank_error,2,2026-08-16T09:32:57.928098
pay_00254,cust_1118,2499,wallet,success,,1,2026-07-29T21:48:57.928102
pay_00255,cust_0220,199,upi,success,,1,2026-08-20T06:34:57.928107
pay_00256,cust_0783,4999,upi,success,,1,2026-08-06T06:32:57.928112
pay_00257,cust_0463,299,card,failed,bank_error,1,2026-08-11T09:57:57.928117
pay_00258,cust_0964,199,upi,success,,1,2026-08-07T04:38:57.928122
pay_00259,cust_0789,999,netbanking,success,,1,2026-08-10T17:33:57.928126
pay_00260,cust_1306,2499,upi,success,,1,2026-08-06T01:33:57.928130
pay_00261,cust_0351,199,wallet,success,,1,2026-08-09T16:53:57.928134
pay_00262,cust_1013,499,wallet,failed,bank_error,1,2026-08-06T22:34:57.928139
pay_00263,cust_1202,199,netbanking,success,,2,2026-08-05T08:36:57.928143
pay_00264,cust_0514,1499,card,failed,insufficient_funds,1,2026-08-21T14:23:57.928147
pay_00265,cust_0117,299,upi,success,,1,2026-08-09T15:02:57.928151
pay_00266,cust_0683,299,wallet,success,,2,2026-07-28T10:05:57.928155
pay_00267,cust_0440,1999,upi,failed,limit_exceeded,1,2026-08-16T10:09:57.928160
pay_00268,cust_0087,299,netbanking,success,,1,2026-07-25T20:02:57.928164
pay_00269,cust_0460,1499,netbanking,success,,1,2026-08-02T05:53:57.928168
pay_00270,cust_1076,4999,wallet,success,,1,2026-08-10T09:59:57.928172
pay_00271,cust_0175,4999,netbanking,success,,1,2026-08-16T00:04:57.928177
pay_00272,cust_1327,1499,upi,success,,1,2026-08-18T10:53:57.928181
pay_00273,cust_0044,199,card,failed,timeout,1,2026-08-18T16:40:57.928185
pay_00274,cust_0082,499,netbanking,success,,2,2026-08-12T17:48:57.928189
pay_00275,cust_0849,9999,upi,success,,1,2026-08-05T15:56:57.928194
pay_00276,cust_0951,2499,card,success,,1,2026-08-08T14:31:57.928199
pay_00277,cust_0804,199,upi,success,,1,2026-07-28T23:01:57.928208
pay_00278,cust_1358,4999,wallet,success,,1,2026-07-28T00:41:57.928213
pay_00279,cust_0360,199,netbanking,success,,1,2026-08-07T04:10:57.928217
pay_00280,cust_0843,9999,netbanking,success,,1,2026-08-02T16:34:57.928221
pay_00281,cust_0090,1499,wallet,success,,3,2026-07-30T06:03:57.928225
pay_00282,cust_0211,4999,netbanking,success,,2,2026-07-23T13:48:57.928230
pay_00283,cust_1306,199,wallet,success,,3,2026-08-05T02:18:57.928234
pay_00284,cust_0050,2499,upi,failed,network_error,1,2026-08-12T22:22:57.928238
pay_00285,cust_0394,4999,upi,success,,2,2026-08-15T11:11:57.928242
pay_00286,cust_0993,9999,upi,failed,limit_exceeded,1,2026-08-16T14:44:57.928247
pay_00287,cust_0988,4999,card,success,,1,2026-07-28T13:12:57.928251
pay_00288,cust_0910,1499,card,failed,bank_error,1,2026-08-01T15:15:57.928255
pay_00289,cust_1261,1499,netbanking,success,,1,2026-08-07T20:54:57.928259
pay_00290,cust_1147,4999,upi,success,,1,2026-08-15T21:57:57.928263
pay_00291,cust_1128,1499,wallet,success,,1,2026-08-07T23:08:57.928268
pay_00292,cust_0594,299,wallet,failed,timeout,1,2026-08-06T04:54:57.928272
pay_00293,cust_0991,1999,upi,success,,1,2026-08-07T14:57:57.928277
pay_00294,cust_0146,1499,card,failed,limit_exceeded,3,2026-07-24T14:05:57.928282
pay_00295,cust_1145,9999,wallet,failed,limit_exceeded,1,2026-07-30T18:24:57.928286
pay_00296,cust_1496,499,card,success,,3,2026-08-19T17:49:57.928291
pay_00297,cust_1189,2499,wallet,success,,2,2026-08-06T03:58:57.928295
pay_00298,cust_1472,2499,netbanking,failed,network_error,1,2026-08-03T01:36:57.928299
pay_00299,cust_0349,2499,upi,failed,insufficient_funds,1,2026-08-22T09:29:57.928303
pay_00300,cust_0396,1999,upi,success,,1,2026-08-08T17:27:57.928308
pay_00301,cust_0621,199,netbanking,success,,2,2026-08-02T18:08:57.928312
pay_00302,cust_1380,499,upi,success,,1,2026-08-13T00:33:57.928317
pay_00303,cust_0717,299,wallet,success,,2,2026-08-07T22:04:57.928321
pay_00304,cust_0680,299,netbanking,failed,authentication_failed,3,2026-08-01T21:30:57.928325
pay_00305,cust_0246,1999,netbanking,success,,2,2026-08-09T08:38:57.928330
pay_00306,cust_0865,1499,netbanking,success,,1,2026-08-20T22:21:57.928334
pay_00307,cust_0790,1999,upi,success,,2,2026-08-04T13:47:57.928338
pay_00308,cust_1461,1999,wallet,success,,1,2026-08-16T16:25:57.928342
pay_00309,cust_0708,299,wallet,success,,1,2026-07-23T16:08:57.928346
pay_00310,cust_0805,2499,netbanking,failed,authentication_failed,1,2026-08-17T04:54:57.928351
pay_00311,cust_1420,299,card,failed,bank_error,1,2026-08-19T18:58:57.928355
pay_00312,cust_0076,1499,netbanking,failed,network_error,1,2026-08-12T18:35:57.928360
pay_00313,cust_0519,499,netbanking,failed,timeout,1,2026-08-08T06:27:57.928364
pay_00314,cust_0391,1499,netbanking,success,,1,2026-07-24T01:24:57.928369
pay_00315,cust_0371,1499,card,success,,1,2026-08-13T12:24:57.928373
pay_00316,cust_1419,4999,upi,success,,1,2026-08-04T05:28:57.928378
pay_00317,cust_0385,9999,upi,failed,insufficient_funds,1,2026-08-12T20:37:57.928382
pay_00318,cust_0449,199,upi,failed,limit_exceeded,2,2026-08-08T16:54:57.928386
pay_00319,cust_0663,1999,card,success,,2,2026-08-01T22:59:57.928390
pay_00320,cust_1060,4999,netbanking,success,,1,2026-08-01T21:04:57.928394
pay_00321,cust_0756,999,upi,success,,1,2026-08-17T14:44:57.928399
pay_00322,cust_0047,499,wallet,success,,2,2026-08-08T14:31:57.928404
pay_00323,cust_0431,1499,netbanking,success,,2,2026-08-12T15:11:57.928408
pay_00324,cust_0347,9999,upi,failed,bank_error,3,2026-08-20T08:06:57.928413
pay_00325,cust_0614,2499,wallet,success,,1,2026-07-23T10:37:57.928417
pay_00326,cust_0233,1499,wallet,success,,1,2026-07-29T21:10:57.928421
pay_00327,cust_0744,1499,card,failed,network_error,1,2026-08-08T10:58:57.928426
pay_00328,cust_0527,4999,upi,success,,1,2026-08-01T04:11:57.928430
pay_00329,cust_0722,999,card,failed,insufficient_funds,2,2026-07-30T20:28:57.928435
pay_00330,cust_1385,299,card,success,,1,2026-08-21T22:08:57.928439
pay_00331,cust_0609,999,wallet,success,,3,2026-08-10T07:40:57.928443
pay_00332,cust_0763,499,netbanking,success,,2,2026-07-24T22:14:57.928447
pay_00333,cust_0374,999,card,success,,2,2026-07-27T05:22:57.928452
pay_00334,cust_1426,999,wallet,success,,1,2026-07-31T15:30:57.928456
pay_00335,cust_0111,2499,card,success,,1,2026-08-19T19:54:57.928461
pay_00336,cust_0305,499,upi,success,,1,2026-07-29T11:15:57.928465
pay_00337,cust_1145,4999,card,success,,1,2026-07-23T11:32:57.928469
pay_00338,cust_0171,299,upi,success,,1,2026-08-01T03:08:57.928473
pay_00339,cust_0947,4999,upi,failed,authentication_failed,2,2026-08-06T04:45:57.928478
pay_00340,cust_0565,999,upi,failed,insufficient_funds,1,2026-08-11T20:05:57.928482
pay_00341,cust_0845,299,card,success,,2,2026-08-10T21:12:57.928486
pay_00342,cust_0234,1499,card,success,,1,2026-07-31T16:20:57.928492
pay_00343,cust_0464,1999,wallet,failed,authentication_failed,1,2026-08-11T13:23:57.928496
pay_00344,cust_0995,999,netbanking,success,,2,2026-08-08T06:53:57.928501
pay_00345,cust_0832,199,netbanking,failed,bank_error,1,2026-08-20T18:30:57.928505
pay_00346,cust_1239,9999,netbanking,failed,authentication_failed,1,2026-08-04T17:19:57.928510
pay_00347,cust_1080,299,card,success,,2,2026-08-07T01:57:57.928514
pay_00348,cust_0161,1499,upi,success,,1,2026-08-12T18:05:57.928518
pay_00349,cust_1139,299,card,success,,2,2026-08-10T18:11:57.928522
pay_00350,cust_0358,299,wallet,success,,1,2026-08-20T04:12:57.928526
pay_00351,cust_0939,999,netbanking,success,,1,2026-08-03T19:31:57.928530
pay_00352,cust_1482,1499,wallet,success,,1,2026-08-13T07:20:57.928534
pay_00353,cust_0595,4999,card,success,,1,2026-08-11T10:24:57.928539
pay_00354,cust_0296,1999,card,success,,1,2026-08-20T17:36:57.928544
pay_00355,cust_0656,199,upi,success,,1,2026-07-28T00:37:57.928548
pay_00356,cust_1486,999,wallet,success,,3,2026-07-31T15:15:57.928552
pay_00357,cust_1344,9999,card,success,,1,2026-07-30T13:46:57.928556
pay_00358,cust_0648,1999,wallet,success,,1,2026-07-31T16:45:57.928560
pay_00359,cust_0777,9999,card,failed,limit_exceeded,1,2026-07-26T16:15:57.928564
pay_00360,cust_0781,1499,wallet,success,,1,2026-07-25T23:38:57.928569
pay_00361,cust_0430,199,upi,failed,limit_exceeded,1,2026-08-02T19:11:57.928573
pay_00362,cust_0287,1499,card,success,,2,2026-08-16T06:59:57.928578
pay_00363,cust_0654,499,wallet,failed,timeout,2,2026-07-28T17:24:57.928583
pay_00364,cust_0911,199,upi,success,,2,2026-08-01T14:54:57.928587
pay_00365,cust_1329,1999,netbanking,success,,1,2026-07-24T07:04:57.928592
pay_00366,cust_1221,299,upi,failed,limit_exceeded,1,2026-07-23T02:14:57.928596
pay_00367,cust_1208,499,card,success,,1,2026-08-11T23:32:57.928600
pay_00368,cust_0243,4999,upi,failed,timeout,1,2026-08-13T04:58:57.928605
pay_00369,cust_0279,9999,netbanking,failed,authentication_failed,2,2026-07-24T18:39:57.928609
pay_00370,cust_0596,499,card,failed,limit_exceeded,2,2026-08-14T18:43:57.928613
pay_00371,cust_1131,199,upi,failed,authentication_failed,2,2026-08-16T08:36:57.928617
pay_00372,cust_0768,1499,upi,success,,1,2026-08-05T23:43:57.928622
pay_00373,cust_1175,199,netbanking,success,,2,2026-08-13T22:46:57.928626
pay_00374,cust_0709,199,netbanking,failed,limit_exceeded,1,2026-08-05T13:17:57.928631
pay_00375,cust_0543,499,card,success,,2,2026-07-31T15:28:57.928635
pay_00376,cust_0854,299,netbanking,success,,3,2026-08-21T05:51:57.928639
pay_00377,cust_0028,199,wallet,success,,1,2026-08-14T15:30:57.928643
pay_00378,cust_1157,1499,upi,failed,bank_error,1,2026-08-19T20:12:57.928649
pay_00379,cust_0240,1999,card,success,,3,2026-08-22T03:21:57.928653
pay_00380,cust_1007,1499,netbanking,failed,bank_error,1,2026-08-04T05:11:57.928657
pay_00381,cust_0567,1499,upi,success,,1,2026-07-27T15:17:57.928661
pay_00382,cust_0168,299,upi,success,,2,2026-08-18T22:29:57.928665
pay_00383,cust_0856,2499,netbanking,success,,1,2026-08-03T11:04:57.928669
pay_00384,cust_0283,4999,upi,failed,limit_exceeded,1,2026-08-12T02:47:57.928674
pay_00385,cust_0548,4999,wallet,success,,1,2026-08-20T20:40:57.928679
pay_00386,cust_0894,299,upi,success,,1,2026-08-20T04:54:57.928683
pay_00387,cust_1062,199,card,failed,limit_exceeded,2,2026-08-04T12:52:57.928688
pay_00388,cust_0890,9999,wallet,success,,1,2026-08-19T07:58:57.928692
pay_00389,cust_1448,299,wallet,success,,1,2026-08-17T23:25:57.928696
pay_00390,cust_1294,1499,upi,success,,1,2026-08-18T13:04:57.928700
pay_00391,cust_0726,1999,netbanking,success,,1,2026-08-02T05:12:57.928705
pay_00392,cust_1059,499,netbanking,success,,1,2026-08-13T06:38:57.928710
pay_00393,cust_0707,999,upi,success,,1,2026-08-16T07:24:57.928714
pay_00394,cust_1197,9999,wallet,success,,2,2026-08-03T00:50:57.928718
pay_00395,cust_0173,299,card,failed,network_error,1,2026-08-13T03:07:57.928723
pay_00396,cust_1179,1999,card,success,,1,2026-08-08T16:20:57.928727
pay_00397,cust_1224,1499,upi,success,,1,2026-07-23T22:25:57.928731
pay_00398,cust_1416,199,card,success,,2,2026-07-31T16:47:57.928735
pay_00399,cust_0874,999,card,failed,insufficient_funds,1,2026-08-03T11:35:57.928740
pay_00400,cust_0938,2499,upi,success,,1,2026-07-23T08:35:57.928744
pay_00401,cust_0811,9999,upi,failed,bank_error,2,2026-08-04T19:47:57.928748
pay_00402,cust_0301,2499,wallet,success,,2,2026-08-07T18:11:57.928753
pay_00403,cust_0228,1999,upi,success,,2,2026-07-26T15:22:57.928757
pay_00404,cust_0838,2499,card,failed,timeout,2,2026-08-04T05:47:57.928761
pay_00405,cust_1239,199,upi,success,,1,2026-08-04T09:56:57.928766
pay_00406,cust_1401,9999,upi,success,,1,2026-07-30T10:03:57.928771
pay_00407,cust_0073,199,card,failed,bank_error,1,2026-08-02T08:17:57.928775
pay_00408,cust_0944,4999,upi,success,,1,2026-08-06T16:03:57.928779
pay_00409,cust_1270,1999,netbanking,success,,1,2026-08-10T12:54:57.928783
pay_00410,cust_0701,2499,wallet,success,,1,2026-08-09T16:28:57.928787
pay_00411,cust_0933,1999,wallet,success,,1,2026-07-27T20:25:57.928792
pay_00412,cust_0273,999,card,success,,1,2026-07-31T05:33:57.928796
pay_00413,cust_1126,9999,card,failed,insufficient_funds,1,2026-08-20T07:25:57.928801
pay_00414,cust_1080,1499,netbanking,success,,1,2026-08-11T08:17:57.928805
pay_00415,cust_0247,1499,card,success,,1,2026-07-30T17:18:57.928809
pay_00416,cust_0734,1999,upi,success,,1,2026-07-24T16:58:57.928813
pay_00417,cust_0464,999,upi,failed,authentication_failed,1,2026-07-27T07:56:57.928817
pay_00418,cust_0770,1499,card,success,,1,2026-08-05T12:12:57.928822
pay_00419,cust_0709,4999,upi,success,,1,2026-07-22T14:38:57.928826
pay_00420,cust_0875,299,upi,failed,bank_error,2,2026-07-28T07:02:57.928830
pay_00421,cust_1036,4999,wallet,failed,limit_exceeded,1,2026-08-14T22:23:57.928835
pay_00422,cust_0145,1999,wallet,success,,1,2026-08-01T23:45:57.928839
pay_00423,cust_0503,499,netbanking,failed,authentication_failed,1,2026-08-20T02:43:57.928843
pay_00424,cust_0468,1499,upi,failed,timeout,1,2026-08-10T07:09:57.928848
pay_00425,cust_0818,299,wallet,failed,authentication_failed,1,2026-07-29T06:57:57.928852
pay_00426,cust_1049,499,card,success,,1,2026-08-09T03:26:57.928856
pay_00427,cust_0151,1999,wallet,failed,authentication_failed,1,2026-08-05T11:27:57.928862
pay_00428,cust_1185,4999,upi,success,,1,2026-07-29T23:56:57.928866
pay_00429,cust_1281,2499,wallet,success,,1,2026-08-05T04:57:57.928871
pay_00430,cust_0313,2499,wallet,success,,1,2026-07-25T05:51:57.928876
pay_00431,cust_0668,9999,card,success,,1,2026-08-05T22:29:57.928881
pay_00432,cust_0669,9999,upi,success,,1,2026-08-03T04:13:57.928885
pay_00433,cust_0282,9999,card,success,,2,2026-08-17T13:51:57.928889
pay_00434,cust_1068,299,netbanking,failed,insufficient_funds,1,2026-07-27T23:25:57.928893
pay_00435,cust_0089,499,netbanking,success,,1,2026-08-08T20:25:57.928897
pay_00436,cust_1111,9999,wallet,success,,1,2026-08-17T01:13:57.928901
pay_00437,cust_1198,1999,netbanking,success,,2,2026-07-31T12:19:57.928906
pay_00438,cust_0335,299,wallet,success,,2,2026-08-19T20:11:57.928910
pay_00439,cust_0578,999,wallet,failed,limit_exceeded,1,2026-07-25T12:41:57.928914
pay_00440,cust_0087,1499,card,success,,3,2026-07-31T10:38:57.928918
pay_00441,cust_0752,2499,netbanking,failed,authentication_failed,1,2026-08-05T17:58:57.928923
pay_00442,cust_0172,999,wallet,failed,timeout,1,2026-08-05T19:27:57.928927
pay_00443,cust_0380,499,netbanking,failed,limit_exceeded,2,2026-08-04T02:17:57.928931
pay_00444,cust_1294,299,card,success,,1,2026-07-26T11:46:57.928935
pay_00445,cust_0369,299,wallet,success,,1,2026-08-17T07:40:57.928940
pay_00446,cust_0997,1499,upi,failed,timeout,1,2026-07-24T18:22:57.928944
pay_00447,cust_1016,2499,card,failed,network_error,1,2026-08-13T03:02:57.928949
pay_00448,cust_1497,199,netbanking,success,,2,2026-08-15T03:30:57.928954
pay_00449,cust_0087,9999,upi,failed,timeout,1,2026-08-09T16:17:57.928958
pay_00450,cust_0127,299,card,failed,insufficient_funds,1,2026-08-04T19:31:57.928963
pay_00451,cust_0993,999,netbanking,success,,1,2026-07-31T07:58:57.928967
pay_00452,cust_0493,999,upi,success,,1,2026-08-02T15:33:57.928971
pay_00453,cust_1205,299,card,success,,3,2026-08-18T22:46:57.928976
pay_00454,cust_0530,999,wallet,success,,1,2026-08-18T09:23:57.928980
pay_00455,cust_0175,999,netbanking,success,,1,2026-08-13T08:40:57.928984
pay_00456,cust_1068,1499,netbanking,success,,1,2026-07-28T03:51:57.928988
pay_00457,cust_1027,4999,upi,failed,network_error,1,2026-08-09T10:57:57.928992
pay_00458,cust_0900,499,netbanking,failed,insufficient_funds,1,2026-07-30T18:30:57.928997
pay_00459,cust_1160,1499,netbanking,success,,1,2026-08-05T19:31:57.929001
pay_00460,cust_0147,2499,card,failed,insufficient_funds,2,2026-08-11T09:51:57.929005
pay_00461,cust_1383,499,upi,success,,3,2026-08-12T14:30:57.929010
pay_00462,cust_0801,199,upi,success,,1,2026-08-04T04:09:57.929014
pay_00463,cust_0711,499,upi,success,,1,2026-08-12T19:18:57.929018
pay_00464,cust_0050,4999,netbanking,failed,network_error,2,2026-08-07T10:12:57.929022
pay_00465,cust_0423,999,upi,success,,1,2026-07-26T17:42:57.929027
pay_00466,cust_1109,1499,card,success,,1,2026-08-16T23:34:57.929031
pay_00467,cust_0437,999,wallet,success,,1,2026-07-23T05:58:57.929035
pay_00468,cust_0850,499,upi,failed,authentication_failed,1,2026-08-14T23:31:57.929039
pay_00469,cust_1069,9999,upi,success,,2,2026-08-14T17:09:57.929043
pay_00470,cust_1458,1499,wallet,success,,1,2026-08-11T12:40:57.929049
pay_00471,cust_0893,199,card,success,,1,2026-08-02T12:58:57.929054
pay_00472,cust_0602,1999,netbanking,success,,2,2026-07-25T12:43:57.929058
pay_00473,cust_0439,199,wallet,failed,network_error,2,2026-08-01T04:20:57.929062
pay_00474,cust_1274,2499,netbanking,failed,network_error,1,2026-08-06T15:51:57.929066
pay_00475,cust_1395,499,netbanking,success,,1,2026-07-24T05:59:57.929071
pay_00476,cust_0342,1499,upi,failed,limit_exceeded,1,2026-08-17T13:20:57.929075
pay_00477,cust_0635,299,card,success,,1,2026-08-20T03:35:57.929079
pay_00478,cust_1427,499,wallet,success,,1,2026-08-02T09:14:57.929084
pay_00479,cust_0340,4999,upi,success,,2,2026-07-28T03:59:57.929088
pay_00480,cust_0068,1999,wallet,success,,2,2026-07-29T22:59:57.929092
pay_00481,cust_1135,2499,card,success,,1,2026-08-12T09:21:57.929097
pay_00482,cust_0169,199,wallet,success,,1,2026-08-14T08:40:57.929102
pay_00483,cust_0749,199,wallet,success,,1,2026-08-03T22:00:57.929106
pay_00484,cust_0672,999,card,success,,1,2026-08-16T07:28:57.929110
pay_00485,cust_0031,199,wallet,success,,1,2026-07-23T21:44:57.929114
pay_00486,cust_0003,2499,netbanking,success,,1,2026-08-17T17:15:57.929119
pay_00487,cust_0316,299,wallet,success,,1,2026-08-14T10:31:57.929123
pay_00488,cust_0273,499,netbanking,success,,2,2026-07-30T03:12:57.929127
pay_00489,cust_0105,9999,upi,failed,insufficient_funds,1,2026-08-16T23:20:57.929132
pay_00490,cust_0812,2499,card,success,,1,2026-08-02T21:41:57.929140
pay_00491,cust_0362,499,wallet,failed,authentication_failed,2,2026-08-21T14:02:57.929148
pay_00492,cust_0554,199,card,success,,1,2026-08-09T13:51:57.929155
pay_00493,cust_0379,199,card,success,,2,2026-07-22T15:16:57.929160
pay_00494,cust_0348,1999,card,failed,network_error,2,2026-07-26T10:19:57.929164
pay_00495,cust_0361,199,card,success,,2,2026-07-24T11:27:57.929169
pay_00496,cust_1418,1499,card,failed,bank_error,1,2026-08-14T04:09:57.929173
pay_00497,cust_0617,1999,upi,success,,1,2026-08-12T14:18:57.929177
pay_00498,cust_0151,1499,card,success,,1,2026-08-16T18:33:57.929181
pay_00499,cust_0319,999,upi,failed,authentication_failed,2,2026-07-22T12:11:57.929185
pay_00500,cust_0827,499,wallet,success,,2,2026-08-11T02:15:57.929190
pay_00501,cust_1097,499,upi,success,,1,2026-08-17T14:02:57.929194
pay_00502,cust_0939,1499,wallet,success,,1,2026-08-09T21:49:57.929198
pay_00503,cust_1413,199,netbanking,success,,2,2026-07-30T00:31:57.929202
pay_00504,cust_1441,999,wallet,success,,1,2026-08-22T03:13:57.929207
pay_00505,cust_1110,4999,upi,success,,2,2026-07-25T08:21:57.929211
pay_00506,cust_0866,9999,upi,success,,2,2026-08-15T21:35:57.929215
pay_00507,cust_0945,2499,card,success,,3,2026-07-31T00:54:57.929219
pay_00508,cust_1319,499,upi,success,,1,2026-08-01T02:11:57.929223
pay_00509,cust_0882,1499,wallet,success,,1,2026-08-20T12:29:57.929229
pay_00510,cust_1361,1499,wallet,failed,limit_exceeded,1,2026-08-04T21:26:57.929233
pay_00511,cust_0669,299,card,success,,1,2026-08-18T07:20:57.929237
pay_00512,cust_0037,299,wallet,failed,network_error,1,2026-08-02T10:54:57.929243
pay_00513,cust_0466,9999,upi,success,,1,2026-07-22T17:47:57.929247
pay_00514,cust_1456,4999,wallet,success,,1,2026-08-01T08:14:57.929252
pay_00515,cust_0661,1999,upi,success,,1,2026-08-18T13:39:57.929256
pay_00516,cust_0237,999,wallet,success,,2,2026-07-27T18:18:57.929260
pay_00517,cust_0237,1999,netbanking,failed,limit_exceeded,1,2026-08-16T16:30:57.929264
pay_00518,cust_0284,2499,card,success,,1,2026-08-19T12:36:57.929268
pay_00519,cust_0428,1999,upi,failed,bank_error,1,2026-08-11T16:58:57.929272
pay_00520,cust_1411,9999,upi,success,,1,2026-07-25T12:10:57.929276
pay_00521,cust_1333,9999,netbanking,failed,bank_error,1,2026-08-05T20:42:57.929281
pay_00522,cust_1219,2499,netbanking,success,,2,2026-08-03T15:59:57.929285
pay_00523,cust_1407,999,netbanking,failed,network_error,1,2026-08-06T12:34:57.929290
pay_00524,cust_1373,499,upi,failed,limit_exceeded,1,2026-07-29T00:24:57.929294
pay_00525,cust_0062,999,wallet,failed,timeout,2,2026-08-17T09:18:57.929298
pay_00526,cust_1325,1499,card,success,,1,2026-08-19T23:57:57.929303
pay_00527,cust_0049,2499,upi,failed,timeout,2,2026-07-27T05:56:57.929307
pay_00528,cust_0575,9999,wallet,success,,1,2026-08-01T00:19:57.929312
pay_00529,cust_0998,4999,netbanking,success,,3,2026-08-20T01:47:57.929316
pay_00530,cust_0572,199,upi,success,,1,2026-08-19T21:56:57.929321
pay_00531,cust_0301,199,netbanking,failed,network_error,1,2026-08-22T03:04:57.929326
pay_00532,cust_1059,199,card,success,,2,2026-07-25T06:12:57.929330
pay_00533,cust_0593,199,upi,success,,1,2026-07-31T14:51:57.929335
pay_00534,cust_1132,999,wallet,success,,1,2026-08-21T19:08:57.929339
pay_00535,cust_1145,9999,upi,failed,timeout,2,2026-08-18T13:20:57.929344
pay_00536,cust_0377,499,card,success,,1,2026-08-16T15:47:57.929348
pay_00537,cust_0902,1999,netbanking,success,,2,2026-08-13T21:11:57.929352
pay_00538,cust_0033,299,upi,success,,1,2026-07-24T15:27:57.929356
pay_00539,cust_0695,199,netbanking,success,,1,2026-08-10T05:54:57.929360
pay_00540,cust_1233,1999,card,success,,1,2026-08-11T14:19:57.929364
pay_00541,cust_0225,1499,netbanking,failed,timeout,2,2026-08-01T01:06:57.929369
pay_00542,cust_0621,299,netbanking,success,,1,2026-08-11T13:10:57.929373
pay_00543,cust_0910,1999,netbanking,success,,1,2026-08-06T10:10:57.929377
pay_00544,cust_0443,999,wallet,success,,1,2026-08-03T10:35:57.929381
pay_00545,cust_1132,999,netbanking,success,,1,2026-08-15T08:16:57.929385
pay_00546,cust_0646,1999,upi,success,,2,2026-08-20T13:53:57.929389
pay_00547,cust_0025,999,netbanking,failed,timeout,2,2026-08-06T12:43:57.929393
pay_00548,cust_0841,1999,netbanking,failed,insufficient_funds,1,2026-08-14T12:18:57.929399
pay_00549,cust_0331,1499,wallet,success,,1,2026-08-14T11:38:57.929403
pay_00550,cust_0643,1999,wallet,failed,timeout,3,2026-08-20T22:44:57.929407
pay_00551,cust_1023,4999,wallet,success,,2,2026-08-01T20:35:57.929411
pay_00552,cust_1155,9999,wallet,success,,1,2026-07-24T06:13:57.929415
pay_00553,cust_0242,199,netbanking,failed,network_error,1,2026-07-25T21:06:57.929420
pay_00554,cust_1355,2499,upi,success,,3,2026-07-25T22:11:57.929424
pay_00555,cust_0324,1999,wallet,success,,1,2026-08-13T10:52:57.929429
pay_00556,cust_0360,1999,netbanking,success,,1,2026-08-10T01:54:57.929433
pay_00557,cust_0536,999,netbanking,success,,1,2026-08-21T10:42:57.929437
pay_00558,cust_0897,199,card,failed,insufficient_funds,1,2026-08-06T16:29:57.929442
pay_00559,cust_0229,199,netbanking,failed,network_error,3,2026-08-18T13:56:57.929446
pay_00560,cust_1208,1499,wallet,failed,timeout,3,2026-08-05T18:47:57.929451
pay_00561,cust_0189,2499,wallet,success,,1,2026-08-22T01:34:57.929455
pay_00562,cust_0154,199,card,success,,1,2026-08-02T15:59:57.929459
pay_00563,cust_1465,9999,netbanking,success,,1,2026-08-20T14:51:57.929463
pay_00564,cust_1244,299,upi,failed,bank_error,1,2026-08-01T00:42:57.929467
pay_00565,cust_0174,499,netbanking,success,,1,2026-08-04T22:09:57.929472
pay_00566,cust_1384,499,netbanking,success,,1,2026-08-08T10:47:57.929476
pay_00567,cust_0060,9999,card,success,,3,2026-08-20T17:56:57.929481
pay_00568,cust_1176,1999,wallet,failed,bank_error,1,2026-08-17T02:29:57.929485
pay_00569,cust_0889,9999,card,success,,1,2026-07-23T20:30:57.929490
pay_00570,cust_0310,9999,wallet,success,,1,2026-07-24T09:25:57.929494
pay_00571,cust_0744,2499,card,success,,2,2026-07-25T04:38:57.929498
pay_00572,cust_0420,2499,upi,success,,1,2026-07-31T16:35:57.929502
pay_00573,cust_0007,9999,wallet,success,,1,2026-08-08T11:40:57.929506
pay_00574,cust_1407,2499,wallet,failed,authentication_failed,1,2026-08-11T13:41:57.929511
pay_00575,cust_1222,1999,card,success,,1,2026-08-10T09:23:57.929515
pay_00576,cust_0977,999,wallet,success,,1,2026-07-29T05:33:57.929520
pay_00577,cust_0939,999,netbanking,success,,1,2026-08-22T01:06:57.929524
pay_00578,cust_0569,299,wallet,failed,timeout,2,2026-08-11T15:10:57.929528
pay_00579,cust_1268,299,upi,success,,1,2026-08-19T13:12:57.929532
pay_00580,cust_0472,1499,upi,failed,limit_exceeded,1,2026-08-13T06:21:57.929537
pay_00581,cust_0574,199,card,success,,1,2026-08-16T21:55:57.929541
pay_00582,cust_0938,4999,netbanking,success,,1,2026-08-04T17:34:57.929546
pay_00583,cust_0552,1999,upi,failed,bank_error,1,2026-08-09T01:51:57.929550
pay_00584,cust_1493,9999,upi,failed,authentication_failed,1,2026-08-02T15:14:57.929555
pay_00585,cust_0017,1499,netbanking,success,,1,2026-08-17T15:11:57.929559
pay_00586,cust_0403,299,card,failed,timeout,2,2026-08-20T08:36:57.929563
pay_00587,cust_0841,499,netbanking,success,,1,2026-08-13T09:32:57.929568
pay_00588,cust_1084,9999,upi,failed,limit_exceeded,1,2026-08-08T12:14:57.929573
pay_00589,cust_0866,299,netbanking,success,,2,2026-08-12T21:10:57.929577
pay_00590,cust_0196,2499,card,failed,bank_error,1,2026-08-16T10:11:57.929581
pay_00591,cust_1337,299,netbanking,success,,1,2026-08-21T18:35:57.929585
pay_00592,cust_1463,999,wallet,success,,1,2026-08-18T15:05:57.929589
pay_00593,cust_0347,2499,netbanking,success,,2,2026-08-14T00:35:57.929593
pay_00594,cust_0137,499,upi,failed,limit_exceeded,1,2026-08-19T07:08:57.929598
pay_00595,cust_0331,9999,upi,success,,1,2026-08-20T04:47:57.929602
pay_00596,cust_0073,1499,wallet,success,,2,2026-08-12T19:27:57.929606
pay_00597,cust_1349,9999,netbanking,success,,2,2026-07-31T23:17:57.929611
pay_00598,cust_1077,9999,upi,success,,2,2026-08-11T08:45:57.929616
pay_00599,cust_1362,999,upi,failed,bank_error,1,2026-08-21T23:19:57.929620
pay_00600,cust_0120,299,card,success,,1,2026-08-20T22:07:57.929624
pay_00601,cust_0488,199,upi,success,,3,2026-08-05T14:03:57.929628
pay_00602,cust_0779,4999,card,success,,1,2026-07-27T14:40:57.929632
pay_00603,cust_0263,199,netbanking,success,,1,2026-07-27T01:29:57.929637
pay_00604,cust_1423,199,wallet,success,,1,2026-08-16T18:58:57.929641
pay_00605,cust_0397,499,upi,success,,1,2026-08-11T22:15:57.929645
pay_00606,cust_0783,9999,card,success,,1,2026-08-20T19:44:57.929650
pay_00607,cust_0124,999,wallet,success,,1,2026-08-05T16:56:57.929654
pay_00608,cust_1176,1499,upi,failed,limit_exceeded,1,2026-08-15T01:51:57.929658
pay_00609,cust_0604,9999,wallet,success,,3,2026-07-28T11:55:57.929663
pay_00610,cust_0155,1999,card,success,,2,2026-08-08T08:32:57.929667
pay_00611,cust_0439,499,netbanking,failed,bank_error,1,2026-08-15T08:01:57.929671
pay_00612,cust_0247,9999,upi,success,,1,2026-08-18T00:14:57.929675
pay_00613,cust_0774,1499,wallet,failed,limit_exceeded,2,2026-08-16T07:47:57.929680
pay_00614,cust_0662,999,netbanking,success,,2,2026-08-19T23:00:57.929684
pay_00615,cust_0979,9999,wallet,failed,insufficient_funds,1,2026-08-18T05:56:57.929688
pay_00616,cust_0077,9999,card,success,,1,2026-08-20T21:37:57.929693
pay_00617,cust_0236,199,wallet,success,,1,2026-08-13T20:13:57.929697
pay_00618,cust_1349,4999,card,success,,1,2026-07-26T09:12:57.929702
pay_00619,cust_0196,999,netbanking,failed,insufficient_funds,2,2026-08-08T15:53:57.929706
pay_00620,cust_1062,299,card,success,,2,2026-07-31T13:49:57.929710
pay_00621,cust_1054,299,upi,success,,1,2026-08-16T21:45:57.929714
pay_00622,cust_1477,499,card,failed,authentication_failed,1,2026-07-28T22:29:57.929719
pay_00623,cust_0607,2499,wallet,success,,1,2026-07-27T07:13:57.929723
pay_00624,cust_0832,199,card,failed,limit_exceeded,1,2026-08-16T00:53:57.929727
pay_00625,cust_1014,1499,wallet,success,,1,2026-08-05T11:08:57.929731
pay_00626,cust_0160,9999,upi,success,,2,2026-08-08T08:05:57.929736
pay_00627,cust_0632,4999,netbanking,success,,1,2026-08-03T19:04:57.929740
pay_00628,cust_0122,1999,netbanking,success,,1,2026-07-30T19:38:57.929745
pay_00629,cust_0229,499,upi,success,,3,2026-07-26T07:49:57.929749
pay_00630,cust_0132,9999,card,failed,limit_exceeded,2,2026-08-07T11:14:57.929754
pay_00631,cust_0734,199,upi,failed,authentication_failed,1,2026-08-19T09:43:57.929758
pay_00632,cust_0681,9999,upi,failed,network_error,2,2026-08-21T05:47:57.929763
pay_00633,cust_0895,2499,netbanking,failed,limit_exceeded,1,2026-08-14T21:12:57.929768
pay_00634,cust_0356,4999,card,failed,network_error,1,2026-07-30T02:58:57.929772
pay_00635,cust_1308,9999,card,success,,1,2026-07-24T00:39:57.929776
pay_00636,cust_0261,199,card,success,,1,2026-07-22T11:48:57.929781
pay_00637,cust_0795,999,card,success,,1,2026-08-15T03:21:57.929785
pay_00638,cust_0780,999,wallet,success,,2,2026-08-15T19:45:57.929789
pay_00639,cust_0623,1499,wallet,success,,1,2026-07-31T06:05:57.929793
pay_00640,cust_0244,9999,upi,success,,1,2026-08-10T04:40:57.929799
pay_00641,cust_0306,2499,netbanking,success,,3,2026-08-17T21:25:57.929803
pay_00642,cust_0597,2499,netbanking,success,,2,2026-08-18T19:14:57.929807
pay_00643,cust_0201,499,netbanking,success,,1,2026-07-25T10:06:57.929811
pay_00644,cust_0047,499,wallet,success,,3,2026-08-07T20:11:57.929816
pay_00645,cust_1438,299,wallet,success,,2,2026-08-10T08:23:57.929821
pay_00646,cust_0490,4999,card,success,,1,2026-08-01T10:07:57.929825
pay_00647,cust_1301,1999,netbanking,failed,network_error,1,2026-08-19T17:50:57.929829
pay_00648,cust_1006,199,card,failed,authentication_failed,1,2026-08-06T09:52:57.929834
pay_00649,cust_0857,4999,upi,failed,network_error,1,2026-08-17T14:53:57.929838
pay_00650,cust_0684,999,upi,success,,1,2026-07-22T20:52:57.929842
pay_00651,cust_0805,1999,netbanking,success,,1,2026-08-11T15:19:57.929846
pay_00652,cust_0988,2499,upi,success,,1,2026-08-01T18:43:57.929851
pay_00653,cust_0770,2499,upi,success,,1,2026-07-25T01:53:57.929855
pay_00654,cust_1116,499,card,success,,1,2026-08-16T13:02:57.929859
pay_00655,cust_0625,999,upi,success,,1,2026-08-05T12:20:57.929863
pay_00656,cust_1091,1499,upi,success,,2,2026-08-22T02:58:57.929868
pay_00657,cust_1256,499,upi,success,,1,2026-07-31T13:38:57.929872
pay_00658,cust_1045,499,upi,success,,1,2026-08-21T23:29:57.929876
pay_00659,cust_0963,9999,netbanking,failed,authentication_failed,1,2026-08-21T21:17:57.929880
pay_00660,cust_0437,1499,wallet,success,,2,2026-08-11T21:04:57.929884
pay_00661,cust_1113,1499,card,success,,2,2026-08-07T20:40:57.929889
pay_00662,cust_1236,999,wallet,success,,1,2026-08-17T07:48:57.929893
pay_00663,cust_0189,299,wallet,success,,1,2026-08-13T07:35:57.929897
pay_00664,cust_1065,299,wallet,failed,bank_error,1,2026-07-25T19:59:57.929902
pay_00665,cust_1455,199,wallet,success,,1,2026-08-21T15:25:57.929907
pay_00666,cust_0980,1499,netbanking,success,,1,2026-07-29T12:01:57.929911
pay_00667,cust_0800,1499,card,success,,2,2026-07-31T02:47:57.929915
pay_00668,cust_0017,4999,wallet,failed,insufficient_funds,1,2026-08-20T03:08:57.929920
pay_00669,cust_1486,199,netbanking,success,,1,2026-08-15T08:29:57.929925
pay_00670,cust_1252,299,wallet,success,,1,2026-08-02T06:53:57.929929
pay_00671,cust_0719,199,netbanking,success,,1,2026-08-05T21:38:57.929933
pay_00672,cust_0104,999,netbanking,success,,1,2026-08-06T05:32:57.929937
pay_00673,cust_0948,499,card,success,,1,2026-07-25T20:14:57.929947
pay_00674,cust_0527,199,upi,success,,1,2026-08-15T21:48:57.929953
pay_00675,cust_0171,999,netbanking,success,,2,2026-07-28T21:20:57.929957
pay_00676,cust_1388,999,card,success,,1,2026-07-31T22:57:57.929962
pay_00677,cust_1141,299,upi,success,,1,2026-07-28T20:56:57.929966
pay_00678,cust_1284,4999,netbanking,failed,network_error,1,2026-08-16T06:32:57.929970
pay_00679,cust_0999,199,wallet,success,,1,2026-08-09T20:41:57.929974
pay_00680,cust_0182,2499,wallet,failed,network_error,2,2026-07-28T01:48:57.929979
pay_00681,cust_0046,1999,netbanking,success,,1,2026-08-10T03:36:57.929983
pay_00682,cust_0002,499,netbanking,success,,1,2026-08-09T16:14:57.929988
pay_00683,cust_0346,9999,upi,failed,network_error,2,2026-08-07T12:06:57.929992
pay_00684,cust_1432,199,wallet,success,,1,2026-07-23T19:26:57.929997
pay_00685,cust_1326,199,upi,failed,authentication_failed,1,2026-08-13T07:41:57.930003
pay_00686,cust_0260,2499,wallet,failed,limit_exceeded,1,2026-08-05T05:03:57.930007
pay_00687,cust_0329,299,upi,failed,authentication_failed,1,2026-08-17T00:14:57.930012
pay_00688,cust_0483,999,netbanking,success,,1,2026-08-21T04:39:57.930016
pay_00689,cust_1250,199,upi,success,,1,2026-07-29T23:01:57.930020
pay_00690,cust_0742,1499,wallet,success,,2,2026-08-15T12:44:57.930024
pay_00691,cust_0969,299,card,success,,1,2026-08-06T17:52:57.930029
pay_00692,cust_0315,2499,netbanking,success,,1,2026-08-02T21:29:57.930033
pay_00693,cust_1255,999,upi,success,,2,2026-07-27T08:29:57.930037
pay_00694,cust_0856,299,netbanking,failed,insufficient_funds,2,2026-08-15T22:24:57.930041
pay_00695,cust_0378,2499,wallet,success,,1,2026-08-04T18:14:57.930046
pay_00696,cust_1111,2499,card,success,,1,2026-08-20T08:08:57.930050
pay_00697,cust_1422,199,wallet,failed,insufficient_funds,1,2026-08-14T05:48:57.930054
pay_00698,cust_1065,1999,upi,success,,1,2026-08-06T03:44:57.930058
pay_00699,cust_0285,999,upi,success,,1,2026-07-23T22:01:57.930063
pay_00700,cust_0918,2499,upi,success,,2,2026-08-05T12:10:57.930067
pay_00701,cust_0379,499,card,success,,1,2026-08-05T05:28:57.930071
pay_00702,cust_0370,4999,upi,success,,2,2026-07-29T17:08:57.930075
pay_00703,cust_0445,499,wallet,success,,2,2026-08-14T10:39:57.930080
pay_00704,cust_1250,199,card,success,,2,2026-07-23T23:54:57.930085
pay_00705,cust_0466,9999,wallet,success,,1,2026-07-24T16:26:57.930089
pay_00706,cust_0323,2499,netbanking,failed,network_error,1,2026-08-18T20:51:57.930094
pay_00707,cust_0530,1499,wallet,success,,1,2026-08-02T12:49:57.930098
pay_00708,cust_1392,199,wallet,failed,timeout,1,2026-08-01T01:02:57.930102
pay_00709,cust_1464,4999,upi,failed,insufficient_funds,1,2026-07-23T15:24:57.930107
pay_00710,cust_0565,299,wallet,success,,1,2026-08-13T00:02:57.930111
pay_00711,cust_1014,1999,wallet,failed,network_error,1,2026-08-14T14:13:57.930116
pay_00712,cust_0032,1499,wallet,success,,1,2026-08-03T09:12:57.930120
pay_00713,cust_0501,299,wallet,success,,2,2026-08-04T11:12:57.930124
pay_00714,cust_1430,199,upi,success,,1,2026-07-29T07:15:57.930128
pay_00715,cust_1346,1499,netbanking,failed,insufficient_funds,1,2026-08-17T08:09:57.930132
pay_00716,cust_0545,4999,card,success,,2,2026-08-19T15:41:57.930136
pay_00717,cust_1477,4999,card,failed,insufficient_funds,2,2026-08-06T14:34:57.930141
pay_00718,cust_0141,199,wallet,success,,1,2026-08-06T10:16:57.930145
pay_00719,cust_0692,1999,upi,success,,1,2026-08-10T08:54:57.930149
pay_00720,cust_1122,499,card,success,,1,2026-07-24T12:20:57.930153
pay_00721,cust_0679,1999,wallet,success,,2,2026-08-06T13:20:57.930157
pay_00722,cust_0685,499,upi,failed,network_error,1,2026-07-26T03:58:57.930161
pay_00723,cust_1140,1999,netbanking,failed,bank_error,1,2026-08-15T20:21:57.930167
pay_00724,cust_0944,199,netbanking,failed,authentication_failed,1,2026-08-03T22:15:57.930171
pay_00725,cust_0047,2499,upi,success,,1,2026-08-11T18:53:57.930177
pay_00726,cust_0309,4999,netbanking,failed,limit_exceeded,1,2026-08-14T14:57:57.930181
pay_00727,cust_0667,1999,upi,success,,1,2026-07-30T04:01:57.930185
pay_00728,cust_0609,499,wallet,success,,1,2026-07-26T02:40:57.930189
pay_00729,cust_0935,1499,card,success,,2,2026-08-15T17:49:57.930193
pay_00730,cust_1191,2499,card,success,,1,2026-07-24T05:19:57.930198
pay_00731,cust_1135,4999,netbanking,success,,1,2026-07-31T16:45:57.930202
pay_00732,cust_0903,1999,card,failed,bank_error,2,2026-08-01T10:01:57.930206
pay_00733,cust_0069,199,card,failed,limit_exceeded,1,2026-08-05T15:33:57.930210
pay_00734,cust_0270,299,netbanking,success,,1,2026-07-31T18:48:57.930214
pay_00735,cust_0912,299,upi,success,,1,2026-08-01T08:11:57.930219
pay_00736,cust_0885,2499,card,success,,1,2026-07-31T16:31:57.930224
pay_00737,cust_0792,9999,upi,failed,timeout,1,2026-07-29T21:49:57.930228
pay_00738,cust_0251,9999,card,failed,authentication_failed,1,2026-08-04T17:31:57.930232
pay_00739,cust_0439,2499,upi,success,,3,2026-08-08T07:43:57.930236
pay_00740,cust_1097,4999,wallet,success,,3,2026-08-09T16:19:57.930240
pay_00741,cust_1145,299,card,failed,authentication_failed,1,2026-08-06T09:11:57.930245
pay_00742,cust_0726,1499,card,success,,1,2026-08-18T23:19:57.930249
pay_00743,cust_0161,999,card,failed,authentication_failed,1,2026-08-01T14:59:57.930254
pay_00744,cust_1029,499,netbanking,failed,insufficient_funds,2,2026-08-11T11:41:57.930258
pay_00745,cust_0694,199,netbanking,success,,3,2026-08-04T03:06:57.930263
pay_00746,cust_0399,9999,netbanking,failed,insufficient_funds,1,2026-08-10T11:08:57.930268
pay_00747,cust_1197,2499,wallet,success,,1,2026-08-20T23:49:57.930272
pay_00748,cust_0879,499,wallet,success,,1,2026-08-18T19:17:57.930276
pay_00749,cust_1151,999,card,success,,1,2026-07-24T07:10:57.930280
pay_00750,cust_1051,1499,netbanking,success,,1,2026-07-29T16:41:57.930284
pay_00751,cust_0451,499,wallet,success,,1,2026-08-12T17:52:57.930289
pay_00752,cust_0148,4999,netbanking,success,,1,2026-08-05T13:05:57.930293
pay_00753,cust_0390,499,netbanking,success,,1,2026-08-05T17:22:57.930297
pay_00754,cust_0185,1999,card,success,,1,2026-07-25T14:02:57.930301
pay_00755,cust_0654,4999,card,failed,authentication_failed,1,2026-07-24T02:20:57.930305
pay_00756,cust_0192,299,upi,failed,insufficient_funds,1,2026-08-08T23:07:57.930309
pay_00757,cust_1061,2499,upi,success,,1,2026-07-27T19:51:57.930313
pay_00758,cust_0442,199,card,success,,1,2026-08-15T16:49:57.930318
pay_00759,cust_0524,2499,card,failed,limit_exceeded,1,2026-07-25T13:24:57.930322
pay_00760,cust_0590,4999,card,success,,3,2026-08-11T16:52:57.930326
pay_00761,cust_0697,1999,netbanking,success,,2,2026-08-10T18:40:57.930330
pay_00762,cust_0037,4999,card,success,,1,2026-08-07T02:57:57.930336
pay_00763,cust_1464,999,netbanking,success,,1,2026-07-30T23:43:57.930340
pay_00764,cust_0765,1499,upi,success,,2,2026-07-31T09:44:57.930344
pay_00765,cust_0554,1999,netbanking,success,,1,2026-08-05T15:08:57.930348
pay_00766,cust_1454,199,upi,success,,1,2026-08-08T06:42:57.930352
pay_00767,cust_1443,199,card,success,,1,2026-08-08T15:46:57.930358
pay_00768,cust_0780,299,netbanking,success,,1,2026-08-17T12:25:57.930362
pay_00769,cust_0001,4999,wallet,failed,bank_error,2,2026-08-21T20:11:57.930367
pay_00770,cust_0128,299,wallet,success,,2,2026-08-16T23:19:57.930371
pay_00771,cust_1085,999,card,success,,1,2026-08-15T07:53:57.930375
pay_00772,cust_1005,299,upi,success,,1,2026-07-26T00:32:57.930379
pay_00773,cust_1316,1499,netbanking,success,,1,2026-08-17T14:03:57.930383
pay_00774,cust_1372,1999,upi,failed,limit_exceeded,3,2026-08-03T13:30:57.930388
pay_00775,cust_0800,299,wallet,failed,network_error,1,2026-08-06T11:06:57.930392
pay_00776,cust_0949,299,netbanking,success,,2,2026-07-23T15:25:57.930396
pay_00777,cust_1360,1999,upi,success,,1,2026-07-27T20:52:57.930400
pay_00778,cust_0999,299,wallet,success,,1,2026-08-09T14:29:57.930405
pay_00779,cust_0605,1999,netbanking,failed,timeout,1,2026-07-22T21:41:57.930410
pay_00780,cust_1070,2499,upi,success,,1,2026-08-17T05:13:57.930414
pay_00781,cust_0899,299,card,success,,1,2026-07-24T08:09:57.930418
pay_00782,cust_0540,499,upi,success,,1,2026-08-17T07:09:57.930423
pay_00783,cust_0230,1499,upi,success,,2,2026-08-17T00:24:57.930427
pay_00784,cust_0883,999,netbanking,success,,1,2026-08-16T10:00:57.930431
pay_00785,cust_0198,499,wallet,success,,1,2026-08-13T19:32:57.930435
pay_00786,cust_0564,2499,card,success,,3,2026-08-06T06:24:57.930441
pay_00787,cust_1106,1999,netbanking,success,,1,2026-07-27T10:19:57.930445
pay_00788,cust_1447,2499,card,success,,2,2026-07-29T01:10:57.930450
pay_00789,cust_1181,199,wallet,failed,network_error,1,2026-07-30T19:04:57.930454
pay_00790,cust_1246,1999,card,success,,1,2026-08-03T12:46:57.930459
pay_00791,cust_0286,1499,upi,success,,1,2026-08-15T08:23:57.930463
pay_00792,cust_0914,2499,netbanking,success,,1,2026-07-31T23:33:57.930467
pay_00793,cust_1197,299,card,success,,1,2026-08-03T11:42:57.930471
pay_00794,cust_1107,499,upi,failed,network_error,1,2026-08-05T02:16:57.930475
pay_00795,cust_0647,499,netbanking,success,,2,2026-08-20T00:14:57.930479
pay_00796,cust_0961,4999,wallet,success,,1,2026-08-19T04:24:57.930484
pay_00797,cust_1085,2499,netbanking,success,,2,2026-08-12T18:29:57.930488
pay_00798,cust_0633,499,wallet,success,,1,2026-08-08T00:23:57.930492
pay_00799,cust_1439,1499,upi,failed,insufficient_funds,1,2026-08-19T18:16:57.930496
pay_00800,cust_1417,2499,upi,failed,authentication_failed,3,2026-08-06T09:34:57.930501
pay_00801,cust_0379,299,wallet,success,,2,2026-08-02T03:20:57.930506
pay_00802,cust_0773,199,netbanking,failed,network_error,2,2026-08-05T16:22:57.930510
pay_00803,cust_0626,9999,upi,success,,1,2026-08-13T01:19:57.930514
pay_00804,cust_0831,499,upi,failed,network_error,1,2026-08-18T03:52:57.930519
pay_00805,cust_0226,999,upi,success,,2,2026-08-06T18:52:57.930523
pay_00806,cust_1500,1999,netbanking,success,,1,2026-08-14T10:51:57.930527
pay_00807,cust_0257,1999,card,failed,limit_exceeded,3,2026-08-18T13:57:57.930531
pay_00808,cust_0221,2499,upi,success,,1,2026-08-17T03:44:57.930535
pay_00809,cust_1246,499,netbanking,success,,1,2026-07-28T12:14:57.930540
pay_00810,cust_0277,499,upi,failed,authentication_failed,2,2026-08-17T02:52:57.930545
pay_00811,cust_0629,1499,netbanking,failed,network_error,1,2026-08-09T01:48:57.930549
pay_00812,cust_0350,999,card,failed,limit_exceeded,1,2026-08-18T02:09:57.930554
pay_00813,cust_0872,1999,upi,success,,2,2026-08-03T04:41:57.930558
pay_00814,cust_1179,4999,card,success,,2,2026-08-05T01:35:57.930562
pay_00815,cust_1438,1999,card,failed,limit_exceeded,1,2026-07-30T11:06:57.930567
pay_00816,cust_1045,199,upi,success,,1,2026-08-12T01:57:57.930571
pay_00817,cust_0147,4999,card,failed,timeout,1,2026-07-31T03:20:57.930575
pay_00818,cust_0813,1499,netbanking,success,,1,2026-08-16T18:04:57.930579
pay_00819,cust_1456,1999,netbanking,success,,1,2026-08-12T18:39:57.930584
pay_00820,cust_0794,9999,wallet,success,,1,2026-08-17T05:09:57.930588
pay_00821,cust_0105,4999,upi,failed,bank_error,2,2026-08-06T03:28:57.930593
pay_00822,cust_1030,199,wallet,success,,2,2026-07-24T20:28:57.930597
pay_00823,cust_0394,9999,wallet,success,,1,2026-08-05T12:39:57.930602
pay_00824,cust_0957,2499,wallet,success,,1,2026-08-01T00:19:57.930606
pay_00825,cust_1443,299,netbanking,success,,1,2026-08-02T03:42:57.930610
pay_00826,cust_1458,4999,upi,failed,timeout,1,2026-08-10T21:40:57.930615
pay_00827,cust_0911,2499,upi,success,,1,2026-08-08T14:05:57.930619
pay_00828,cust_0067,2499,upi,failed,timeout,2,2026-08-21T22:26:57.930623
pay_00829,cust_0102,199,wallet,failed,bank_error,1,2026-08-05T22:46:57.930628
pay_00830,cust_1484,299,wallet,failed,network_error,1,2026-08-17T20:44:57.930632
pay_00831,cust_1393,2499,card,failed,authentication_failed,1,2026-08-04T10:42:57.930637
pay_00832,cust_0139,299,card,success,,1,2026-08-09T01:15:57.930642
pay_00833,cust_0396,499,card,success,,1,2026-08-08T09:05:57.930646
pay_00834,cust_0398,4999,card,success,,1,2026-08-14T01:45:57.930650
pay_00835,cust_0268,9999,wallet,failed,bank_error,2,2026-08-05T12:56:57.930655
pay_00836,cust_0017,299,netbanking,success,,2,2026-07-23T02:07:57.930659
pay_00837,cust_1266,999,upi,failed,authentication_failed,1,2026-08-09T14:28:57.930664
pay_00838,cust_0375,299,netbanking,failed,network_error,1,2026-07-26T06:29:57.930668
pay_00839,cust_0239,1999,netbanking,success,,2,2026-08-04T20:53:57.930673
pay_00840,cust_0795,499,wallet,failed,authentication_failed,1,2026-08-15T21:30:57.930678
pay_00841,cust_0248,1499,card,success,,1,2026-08-07T11:42:57.930682
pay_00842,cust_0756,9999,card,success,,1,2026-08-06T04:01:57.930686
pay_00843,cust_1385,1999,card,failed,network_error,2,2026-07-25T14:03:57.930690
pay_00844,cust_1083,199,netbanking,success,,1,2026-07-23T19:16:57.930694
pay_00845,cust_1033,499,netbanking,success,,1,2026-08-04T09:11:57.930699
pay_00846,cust_0316,9999,wallet,failed,network_error,1,2026-08-17T04:44:57.930703
pay_00847,cust_0361,299,upi,success,,1,2026-07-30T22:41:57.930707
pay_00848,cust_0362,199,card,success,,3,2026-08-04T05:05:57.930711
pay_00849,cust_0403,2499,card,success,,1,2026-08-01T00:33:57.930716
pay_00850,cust_1193,1499,wallet,success,,1,2026-08-10T19:33:57.930720
pay_00851,cust_0656,199,netbanking,success,,1,2026-08-05T16:26:57.930724
pay_00852,cust_0150,9999,card,failed,insufficient_funds,1,2026-08-01T16:56:57.930733
pay_00853,cust_0153,9999,upi,success,,2,2026-07-29T00:09:57.930737
pay_00854,cust_0254,199,card,failed,limit_exceeded,1,2026-08-16T13:34:57.930741
pay_00855,cust_1167,4999,wallet,success,,1,2026-08-01T13:54:57.930745
pay_00856,cust_0474,1999,wallet,success,,1,2026-08-01T06:56:57.930749
pay_00857,cust_0031,1499,card,failed,insufficient_funds,1,2026-07-30T21:52:57.930754
pay_00858,cust_0594,4999,card,success,,1,2026-07-30T14:52:57.930758
pay_00859,cust_0805,499,upi,success,,1,2026-08-04T17:34:57.930762
pay_00860,cust_0864,999,netbanking,success,,2,2026-07-25T14:26:57.930766
pay_00861,cust_0273,999,card,success,,1,2026-08-06T22:08:57.930770
pay_00862,cust_0574,1999,wallet,failed,network_error,1,2026-07-26T22:27:57.930775
pay_00863,cust_0856,1999,upi,failed,timeout,1,2026-08-04T14:17:57.930779
pay_00864,cust_0700,2499,card,success,,1,2026-07-31T07:59:57.930784
pay_00865,cust_0015,2499,card,success,,2,2026-07-23T21:55:57.930788
pay_00866,cust_1142,499,netbanking,success,,1,2026-08-21T09:28:57.930792
pay_00867,cust_0692,9999,netbanking,success,,1,2026-07-28T21:02:57.930796
pay_00868,cust_1324,999,wallet,failed,insufficient_funds,1,2026-08-07T20:04:57.930800
pay_00869,cust_1333,499,wallet,success,,2,2026-07-25T14:49:57.930804
pay_00870,cust_0878,199,upi,failed,network_error,2,2026-08-03T11:18:57.930809
pay_00871,cust_1274,1499,netbanking,success,,1,2026-08-12T17:00:57.930813
pay_00872,cust_0461,9999,upi,success,,1,2026-08-13T12:31:57.930817
pay_00873,cust_0418,299,upi,success,,2,2026-08-06T09:42:57.930821
pay_00874,cust_0307,199,card,success,,2,2026-07-24T14:08:57.930826
pay_00875,cust_0508,499,card,success,,3,2026-07-31T00:31:57.930830
pay_00876,cust_1439,299,upi,success,,1,2026-08-15T23:37:57.930835
pay_00877,cust_0765,199,netbanking,success,,1,2026-08-13T04:40:57.930839
pay_00878,cust_0750,199,wallet,success,,2,2026-08-03T05:29:57.930844
pay_00879,cust_1129,1499,netbanking,failed,bank_error,1,2026-08-09T14:20:57.930848
pay_00880,cust_1363,2499,upi,failed,network_error,1,2026-07-26T18:27:57.930852
pay_00881,cust_0196,199,wallet,failed,network_error,1,2026-07-30T18:43:57.930856
pay_00882,cust_0355,999,wallet,success,,1,2026-07-27T18:58:57.930861
pay_00883,cust_0769,4999,netbanking,success,,1,2026-08-04T19:04:57.930865
pay_00884,cust_1327,299,netbanking,success,,1,2026-08-05T11:26:57.930869
pay_00885,cust_0978,4999,upi,success,,2,2026-07-29T02:06:57.930872
pay_00886,cust_0833,1499,card,success,,2,2026-08-20T19:13:57.930877
pay_00887,cust_1412,1999,wallet,failed,bank_error,1,2026-08-06T19:46:57.930881
pay_00888,cust_0347,999,netbanking,success,,2,2026-07-24T17:39:57.930885
pay_00889,cust_0561,1499,card,success,,1,2026-07-27T21:35:57.930890
pay_00890,cust_0201,1999,card,success,,1,2026-07-25T12:00:57.930894
pay_00891,cust_0316,1999,wallet,success,,1,2026-08-15T02:11:57.930898
pay_00892,cust_0251,1499,wallet,success,,1,2026-08-15T23:39:57.930902
pay_00893,cust_1248,1999,upi,success,,1,2026-08-20T07:28:57.930906
pay_00894,cust_0036,299,card,success,,1,2026-08-09T23:13:57.930911
pay_00895,cust_1073,499,upi,failed,network_error,3,2026-08-04T23:51:57.930915
pay_00896,cust_0541,2499,wallet,success,,1,2026-08-21T07:27:57.930919
pay_00897,cust_1035,999,netbanking,success,,2,2026-08-16T17:24:57.930923
pay_00898,cust_0908,499,card,success,,1,2026-08-11T19:36:57.930928
pay_00899,cust_0567,499,card,success,,3,2026-07-29T17:29:57.930932
pay_00900,cust_0047,2499,netbanking,failed,timeout,2,2026-07-23T00:20:57.930936
pay_00901,cust_1291,1499,upi,success,,1,2026-08-04T06:12:57.930941
pay_00902,cust_1461,9999,wallet,success,,2,2026-08-18T17:48:57.930945
pay_00903,cust_0230,199,wallet,failed,timeout,1,2026-07-28T11:57:57.930949
pay_00904,cust_0764,499,wallet,success,,1,2026-08-15T10:15:57.930953
pay_00905,cust_0478,1999,card,success,,1,2026-08-08T06:50:57.930957
pay_00906,cust_0029,1499,card,success,,1,2026-08-05T22:33:57.930961
pay_00907,cust_1148,1499,netbanking,success,,1,2026-07-30T00:12:57.930966
pay_00908,cust_1335,1499,upi,failed,limit_exceeded,3,2026-08-09T10:09:57.930970
pay_00909,cust_1384,9999,wallet,success,,2,2026-07-28T00:09:57.930974
pay_00910,cust_0894,9999,card,success,,1,2026-08-09T10:36:57.930979
pay_00911,cust_1073,499,netbanking,success,,1,2026-08-17T13:17:57.930983
pay_00912,cust_1354,2499,card,success,,1,2026-08-19T09:47:57.930987
pay_00913,cust_0827,199,netbanking,success,,1,2026-08-10T14:10:57.930991
pay_00914,cust_0086,1999,upi,failed,bank_error,1,2026-08-16T06:15:57.930996
pay_00915,cust_1348,1999,wallet,success,,1,2026-07-30T01:57:57.931000
pay_00916,cust_1095,9999,card,success,,2,2026-08-13T12:55:57.931004
pay_00917,cust_0768,1499,card,success,,1,2026-08-14T01:32:57.931008
pay_00918,cust_1172,999,netbanking,failed,limit_exceeded,1,2026-07-26T21:02:57.931013
pay_00919,cust_0458,4999,card,success,,1,2026-08-13T20:11:57.931017
pay_00920,cust_0054,199,card,success,,1,2026-08-07T00:55:57.931021
pay_00921,cust_0989,2499,netbanking,success,,1,2026-07-25T15:20:57.931025
pay_00922,cust_0274,299,netbanking,success,,1,2026-08-07T03:42:57.931030
pay_00923,cust_0475,2499,netbanking,failed,limit_exceeded,1,2026-07-31T20:17:57.931034
pay_00924,cust_0676,499,card,success,,1,2026-08-17T04:58:57.931038
pay_00925,cust_1208,299,upi,failed,insufficient_funds,1,2026-08-06T14:33:57.931042
pay_00926,cust_0692,1999,card,success,,1,2026-08-04T06:16:57.931047
pay_00927,cust_0157,499,card,success,,1,2026-08-10T14:08:57.931051
pay_00928,cust_1035,1499,upi,success,,1,2026-08-16T10:16:57.931055
pay_00929,cust_1158,9999,upi,failed,limit_exceeded,1,2026-08-18T22:56:57.931059
pay_00930,cust_1086,9999,wallet,failed,insufficient_funds,1,2026-08-05T02:57:57.931064
pay_00931,cust_0142,299,upi,success,,1,2026-08-03T14:13:57.931068
pay_00932,cust_1301,999,wallet,failed,network_error,2,2026-08-14T05:00:57.931072
pay_00933,cust_0179,199,wallet,success,,1,2026-08-14T13:42:57.931077
pay_00934,cust_0092,1999,netbanking,success,,1,2026-07-29T15:02:57.931081
pay_00935,cust_0945,199,upi,success,,1,2026-07-30T04:30:57.931085
pay_00936,cust_1128,1999,upi,success,,1,2026-08-12T16:20:57.931089
pay_00937,cust_0955,1499,upi,success,,1,2026-08-12T21:16:57.931094
pay_00938,cust_0010,1999,upi,failed,authentication_failed,1,2026-07-24T00:04:57.931100
pay_00939,cust_0639,999,wallet,success,,1,2026-07-24T16:30:57.931104
pay_00940,cust_1135,999,card,failed,authentication_failed,1,2026-08-17T00:19:57.931109
pay_00941,cust_0926,499,card,success,,2,2026-07-27T17:53:57.931113
pay_00942,cust_0959,2499,upi,success,,1,2026-08-22T09:49:57.931117
pay_00943,cust_1442,499,netbanking,success,,1,2026-08-13T22:26:57.931121
pay_00944,cust_1362,4999,card,success,,2,2026-07-27T22:36:57.931125
pay_00945,cust_0953,1999,card,success,,3,2026-08-17T12:11:57.931130
pay_00946,cust_0555,2499,card,success,,1,2026-07-28T12:16:57.931134
pay_00947,cust_0536,199,netbanking,success,,1,2026-08-03T21:33:57.931138
pay_00948,cust_1333,4999,netbanking,success,,2,2026-08-07T13:26:57.931143
pay_00949,cust_1462,9999,netbanking,success,,1,2026-08-11T15:43:57.931147
pay_00950,cust_0706,9999,upi,success,,1,2026-08-14T17:38:57.931151
pay_00951,cust_0924,199,wallet,success,,1,2026-08-07T13:44:57.931155
pay_00952,cust_0695,199,upi,success,,1,2026-08-03T07:31:57.931160
pay_00953,cust_0180,2499,card,success,,1,2026-08-10T05:34:57.931164
pay_00954,cust_1082,1499,wallet,failed,timeout,1,2026-07-24T08:23:57.931168
pay_00955,cust_0053,1499,wallet,success,,1,2026-08-01T12:00:57.931173
pay_00956,cust_0194,199,netbanking,failed,bank_error,1,2026-08-16T00:32:57.931177
pay_00957,cust_0133,299,card,success,,2,2026-08-03T16:41:57.931182
pay_00958,cust_1067,1999,netbanking,success,,1,2026-07-23T21:42:57.931187
pay_00959,cust_0533,199,netbanking,failed,limit_exceeded,1,2026-07-24T16:24:57.931192
pay_00960,cust_1201,499,wallet,success,,1,2026-08-04T18:07:57.931196
pay_00961,cust_0348,999,card,success,,1,2026-07-23T12:44:57.931200
pay_00962,cust_0642,199,upi,failed,timeout,1,2026-07-23T11:39:57.931205
pay_00963,cust_1324,9999,netbanking,success,,1,2026-07-23T17:28:57.931209
pay_00964,cust_0648,199,wallet,success,,1,2026-08-20T08:12:57.931214
pay_00965,cust_0611,1999,card,failed,authentication_failed,1,2026-07-28T17:13:57.931218
pay_00966,cust_1154,299,wallet,success,,1,2026-08-11T08:54:57.931222
pay_00967,cust_0530,9999,netbanking,success,,1,2026-07-30T17:37:57.931227
pay_00968,cust_1318,499,upi,success,,1,2026-07-23T04:41:57.931231
pay_00969,cust_1082,1499,upi,success,,1,2026-08-10T21:02:57.931236
pay_00970,cust_0924,1499,card,failed,authentication_failed,1,2026-07-26T04:24:57.931240
pay_00971,cust_0094,4999,upi,failed,bank_error,3,2026-08-12T16:10:57.931245
pay_00972,cust_0208,1999,wallet,failed,authentication_failed,1,2026-08-04T04:50:57.931250
pay_00973,cust_0302,499,wallet,failed,network_error,1,2026-08-08T13:51:57.931254
pay_00974,cust_0980,9999,wallet,success,,1,2026-08-14T21:19:57.931259
pay_00975,cust_0765,4999,netbanking,success,,1,2026-08-12T21:24:57.931263
pay_00976,cust_1159,4999,wallet,success,,1,2026-08-19T05:00:57.931267
pay_00977,cust_0522,199,netbanking,success,,2,2026-08-18T12:18:57.931273
pay_00978,cust_0139,499,netbanking,success,,1,2026-07-25T19:37:57.931277
pay_00979,cust_0799,9999,card,success,,2,2026-08-05T00:28:57.931282
pay_00980,cust_0909,199,card,success,,1,2026-08-09T08:03:57.931286
pay_00981,cust_0678,2499,card,success,,1,2026-08-19T22:11:57.931291
pay_00982,cust_0719,999,netbanking,success,,1,2026-07-24T04:06:57.931295
pay_00983,cust_0726,1999,wallet,success,,1,2026-07-28T22:59:57.931299
pay_00984,cust_1218,9999,netbanking,failed,authentication_failed,1,2026-07-25T01:46:57.931304
pay_00985,cust_1475,499,wallet,success,,1,2026-07-29T03:12:57.931308
pay_00986,cust_0484,1999,card,success,,1,2026-07-25T18:17:57.931312
pay_00987,cust_1309,9999,wallet,failed,limit_exceeded,1,2026-08-18T06:15:57.931317
pay_00988,cust_0435,1999,netbanking,success,,2,2026-07-29T16:10:57.931321
pay_00989,cust_0242,9999,upi,success,,1,2026-07-23T16:27:57.931325
pay_00990,cust_0497,999,upi,success,,3,2026-07-23T23:21:57.931330
pay_00991,cust_0775,199,netbanking,success,,1,2026-07-23T12:13:57.931334
pay_00992,cust_0319,1499,card,success,,1,2026-08-20T23:34:57.931338
pay_00993,cust_1039,9999,card,success,,2,2026-07-22T12:40:57.931342
pay_00994,cust_0809,999,netbanking,success,,1,2026-07-23T17:27:57.931346
pay_00995,cust_0843,299,wallet,success,,1,2026-07-28T14:30:57.931351
pay_00996,cust_0798,499,netbanking,failed,limit_exceeded,2,2026-07-24T16:42:57.931356
pay_00997,cust_0053,4999,card,failed,insufficient_funds,1,2026-08-19T01:32:57.931361
pay_00998,cust_1375,499,card,success,,1,2026-08-15T09:11:57.931365
pay_00999,cust_0112,199,card,success,,2,2026-08-19T06:26:57.931369
pay_01000,cust_0892,199,wallet,success,,1,2026-08-04T00:46:57.931373
pay_01001,cust_0483,1499,upi,success,,1,2026-08-12T17:09:57.931378
pay_01002,cust_0940,199,wallet,success,,1,2026-07-27T02:38:57.931382
pay_01003,cust_1111,9999,netbanking,success,,1,2026-07-26T08:27:57.931387
pay_01004,cust_0899,499,wallet,success,,1,2026-08-08T03:39:57.931391
pay_01005,cust_1263,4999,wallet,success,,2,2026-07-23T10:47:57.931395
pay_01006,cust_1294,199,wallet,success,,1,2026-07-28T23:07:57.931400
pay_01007,cust_1490,4999,card,failed,limit_exceeded,2,2026-08-05T11:00:57.931404
pay_01008,cust_0093,199,netbanking,success,,1,2026-08-03T07:02:57.931514
pay_01009,cust_0161,4999,netbanking,success,,1,2026-08-03T22:15:57.931526
pay_01010,cust_0746,1999,upi,failed,bank_error,1,2026-07-30T12:07:57.931531
pay_01011,cust_0053,299,upi,success,,2,2026-08-12T15:27:57.931536
pay_01012,cust_1471,299,card,success,,1,2026-07-30T07:06:57.931540
pay_01013,cust_1269,199,upi,success,,1,2026-08-11T15:08:57.931544
pay_01014,cust_1139,1499,wallet,success,,2,2026-08-07T17:38:57.931549
pay_01015,cust_0526,999,netbanking,success,,2,2026-08-19T05:33:57.931553
pay_01016,cust_1460,299,upi,success,,1,2026-08-12T23:12:57.931560
pay_01017,cust_0090,1499,card,success,,2,2026-07-26T03:00:57.931564
pay_01018,cust_0598,2499,upi,success,,2,2026-07-31T16:26:57.931569
pay_01019,cust_1358,1999,netbanking,success,,1,2026-08-15T18:58:57.931573
pay_01020,cust_0485,1999,netbanking,success,,1,2026-08-03T04:51:57.931577
pay_01021,cust_0877,999,netbanking,success,,2,2026-08-02T02:54:57.931582
pay_01022,cust_0064,1999,wallet,success,,1,2026-08-03T07:24:57.931587
pay_01023,cust_0088,1999,card,failed,timeout,1,2026-08-16T12:26:57.931592
pay_01024,cust_1074,4999,card,success,,1,2026-07-30T19:03:57.931597
pay_01025,cust_0541,1999,netbanking,success,,2,2026-08-02T06:03:57.931601
pay_01026,cust_1480,999,wallet,success,,1,2026-08-02T07:51:57.931605
pay_01027,cust_1418,299,upi,failed,limit_exceeded,3,2026-08-04T18:22:57.931610
pay_01028,cust_1290,999,upi,failed,timeout,1,2026-07-24T10:32:57.931614
pay_01029,cust_0615,299,card,success,,2,2026-08-19T07:07:57.931618
pay_01030,cust_1221,2499,upi,success,,1,2026-08-05T15:48:57.931622
pay_01031,cust_1264,2499,netbanking,failed,insufficient_funds,1,2026-08-20T18:21:57.931627
pay_01032,cust_0056,199,netbanking,success,,1,2026-08-13T02:37:57.931631
pay_01033,cust_1331,1499,netbanking,success,,2,2026-08-07T19:32:57.931635
pay_01034,cust_0220,199,card,success,,1,2026-08-21T17:15:57.931640
pay_01035,cust_0772,299,netbanking,success,,1,2026-08-14T02:06:57.931645
pay_01036,cust_0829,299,upi,failed,network_error,1,2026-08-03T09:33:57.931649
pay_01037,cust_0855,1499,wallet,success,,2,2026-08-06T00:06:57.931654
pay_01038,cust_0802,2499,netbanking,success,,1,2026-07-27T21:04:57.931658
pay_01039,cust_1224,9999,card,failed,insufficient_funds,2,2026-08-20T12:49:57.931662
pay_01040,cust_0599,199,netbanking,failed,insufficient_funds,1,2026-08-06T04:07:57.931667
pay_01041,cust_0587,999,netbanking,success,,1,2026-08-13T05:23:57.931671
pay_01042,cust_1316,4999,card,success,,1,2026-08-18T08:08:57.931675
pay_01043,cust_0918,499,netbanking,failed,timeout,1,2026-07-26T04:11:57.931680
pay_01044,cust_1121,9999,upi,success,,2,2026-07-24T20:24:57.931687
pay_01045,cust_0105,299,upi,failed,limit_exceeded,1,2026-08-20T01:07:57.931692
pay_01046,cust_1002,499,upi,success,,2,2026-07-24T21:49:57.931697
pay_01047,cust_0605,499,card,success,,1,2026-07-23T00:52:57.931701
pay_01048,cust_1106,1999,upi,failed,limit_exceeded,1,2026-07-31T18:05:57.931706
pay_01049,cust_0055,9999,card,success,,1,2026-08-03T14:41:57.931711
pay_01050,cust_0663,2499,upi,success,,1,2026-08-16T11:05:57.931715
pay_01051,cust_1123,199,wallet,success,,1,2026-08-10T15:01:57.931720
pay_01052,cust_0994,299,upi,failed,bank_error,1,2026-07-23T21:52:57.931724
pay_01053,cust_0275,499,netbanking,success,,1,2026-08-03T23:25:57.931729
pay_01054,cust_1330,1499,netbanking,success,,3,2026-08-13T17:07:57.931733
pay_01055,cust_1038,2499,upi,success,,3,2026-08-10T00:05:57.931739
pay_01056,cust_0024,2499,wallet,failed,insufficient_funds,1,2026-08-15T19:07:57.931743
pay_01057,cust_1183,299,wallet,success,,1,2026-07-26T05:00:57.931748
pay_01058,cust_0552,999,wallet,failed,authentication_failed,1,2026-07-28T22:30:57.931753
pay_01059,cust_1032,999,wallet,success,,1,2026-08-09T16:50:57.931758
pay_01060,cust_1281,1499,wallet,success,,2,2026-08-06T08:29:57.931762
pay_01061,cust_1001,299,card,success,,1,2026-08-20T17:22:57.931767
pay_01062,cust_0493,9999,wallet,success,,1,2026-08-03T17:30:57.931772
pay_01063,cust_0127,2499,card,success,,1,2026-08-17T16:08:57.931776
pay_01064,cust_0223,9999,wallet,success,,2,2026-07-25T21:41:57.931781
pay_01065,cust_1376,9999,wallet,success,,1,2026-08-05T13:25:57.931786
pay_01066,cust_0907,299,upi,failed,bank_error,2,2026-08-14T09:08:57.931792
pay_01067,cust_0197,999,card,success,,1,2026-07-26T01:13:57.931797
pay_01068,cust_0480,1499,card,success,,1,2026-07-29T21:00:57.931801
pay_01069,cust_1191,299,netbanking,success,,1,2026-08-19T18:52:57.931806
pay_01070,cust_0315,499,card,success,,1,2026-08-15T19:43:57.931810
pay_01071,cust_1042,1499,upi,success,,2,2026-08-01T16:45:57.931815
pay_01072,cust_0190,199,netbanking,success,,1,2026-07-28T04:44:57.931819
pay_01073,cust_0064,4999,card,success,,1,2026-08-12T17:24:57.931824
pay_01074,cust_0600,4999,upi,success,,2,2026-08-04T00:17:57.931830
pay_01075,cust_0071,9999,wallet,success,,1,2026-07-27T02:26:57.931834
pay_01076,cust_0718,1999,card,success,,2,2026-08-12T18:52:57.931839
pay_01077,cust_1381,1999,wallet,success,,1,2026-07-24T23:05:57.931844
pay_01078,cust_0330,1999,upi,success,,2,2026-08-15T19:56:57.931848
pay_01079,cust_0819,999,upi,success,,1,2026-08-19T11:20:57.931852
pay_01080,cust_0858,299,wallet,success,,1,2026-08-05T22:18:57.931857
pay_01081,cust_1045,299,card,success,,1,2026-07-29T18:30:57.931862
pay_01082,cust_0207,299,netbanking,success,,1,2026-08-02T18:08:57.931866
pay_01083,cust_1399,9999,netbanking,success,,1,2026-08-05T04:43:57.931870
pay_01084,cust_0712,2499,card,success,,1,2026-07-27T17:13:57.931875
pay_01085,cust_0497,2499,card,success,,1,2026-07-26T19:27:57.931880
pay_01086,cust_0665,1999,netbanking,success,,1,2026-08-11T19:01:57.931884
pay_01087,cust_0278,9999,netbanking,success,,1,2026-08-01T03:32:57.931889
pay_01088,cust_1081,999,wallet,success,,1,2026-07-28T18:13:57.931894
pay_01089,cust_0196,4999,netbanking,failed,network_error,1,2026-08-17T00:42:57.931899
pay_01090,cust_0997,4999,upi,success,,1,2026-08-20T10:42:57.931904
pay_01091,cust_0804,999,card,failed,bank_error,2,2026-08-11T07:50:57.931908
pay_01092,cust_0939,9999,wallet,failed,insufficient_funds,1,2026-08-17T08:30:57.931913
pay_01093,cust_1287,1999,card,success,,1,2026-08-15T04:12:57.931918
pay_01094,cust_0958,9999,netbanking,success,,1,2026-08-20T10:19:57.931924
pay_01095,cust_0485,999,upi,success,,2,2026-08-06T23:48:57.931929
pay_01096,cust_0495,199,upi,success,,2,2026-08-11T04:08:57.931933
pay_01097,cust_0644,1999,netbanking,success,,1,2026-08-14T11:42:57.931938
pay_01098,cust_1109,199,upi,success,,3,2026-08-10T02:09:57.931942
pay_01099,cust_1297,1499,netbanking,failed,insufficient_funds,1,2026-08-13T23:41:57.931954
pay_01100,cust_1300,1999,netbanking,failed,limit_exceeded,1,2026-07-25T14:41:57.931959
pay_01101,cust_1369,1499,card,success,,1,2026-08-06T19:50:57.931963
pay_01102,cust_0248,9999,netbanking,success,,1,2026-08-05T09:39:57.931969
pay_01103,cust_0758,9999,netbanking,success,,1,2026-08-04T08:48:57.931974
pay_01104,cust_0102,999,netbanking,success,,1,2026-08-04T06:21:57.931978
pay_01105,cust_0076,199,wallet,success,,1,2026-07-27T11:15:57.931982
pay_01106,cust_0014,1999,upi,failed,timeout,1,2026-08-19T19:37:57.931987
pay_01107,cust_0737,199,netbanking,success,,1,2026-08-11T02:28:57.931991
pay_01108,cust_0439,299,upi,success,,2,2026-07-22T18:07:57.931997
pay_01109,cust_0391,299,wallet,failed,authentication_failed,2,2026-07-29T14:58:57.932002
pay_01110,cust_1033,199,netbanking,success,,1,2026-08-07T20:28:57.932007
pay_01111,cust_0514,499,upi,success,,2,2026-08-05T02:53:57.932011
pay_01112,cust_0393,2499,wallet,success,,1,2026-08-16T18:50:57.932016
pay_01113,cust_0551,4999,card,failed,network_error,1,2026-08-06T05:33:57.932022
pay_01114,cust_1107,2499,card,success,,1,2026-07-27T07:26:57.932027
pay_01115,cust_0732,9999,upi,success,,1,2026-08-01T13:15:57.932032
pay_01116,cust_1232,9999,card,failed,insufficient_funds,1,2026-08-04T07:41:57.932036
pay_01117,cust_0705,4999,netbanking,failed,bank_error,1,2026-08-16T10:59:57.932041
pay_01118,cust_0598,999,upi,success,,1,2026-08-18T12:23:57.932046
pay_01119,cust_0658,1499,upi,success,,1,2026-08-06T20:28:57.932050
pay_01120,cust_1271,999,upi,failed,limit_exceeded,2,2026-07-28T17:52:57.932055
pay_01121,cust_1406,299,card,success,,1,2026-08-10T22:18:57.932059
pay_01122,cust_1169,4999,upi,failed,timeout,1,2026-07-25T09:01:57.932064
pay_01123,cust_1475,499,wallet,success,,1,2026-07-26T13:55:57.932069
pay_01124,cust_0142,2499,card,success,,1,2026-08-01T13:13:57.932074
pay_01125,cust_1337,499,wallet,success,,1,2026-07-24T02:16:57.932078
pay_01126,cust_0550,4999,upi,success,,1,2026-08-15T16:16:57.932083
pay_01127,cust_0744,4999,netbanking,success,,1,2026-08-10T04:00:57.932087
pay_01128,cust_1371,199,card,failed,bank_error,1,2026-07-24T16:02:57.932092
pay_01129,cust_0875,1999,netbanking,success,,1,2026-07-24T18:29:57.932098
pay_01130,cust_0066,199,wallet,success,,2,2026-08-03T10:20:57.932102
pay_01131,cust_0541,4999,upi,failed,network_error,1,2026-08-16T22:33:57.932107
pay_01132,cust_0418,299,wallet,success,,2,2026-08-19T10:42:57.932112
pay_01133,cust_0635,1499,wallet,success,,1,2026-08-13T08:45:57.932117
pay_01134,cust_0456,499,upi,failed,insufficient_funds,1,2026-08-15T09:10:57.932122
pay_01135,cust_0771,9999,netbanking,failed,authentication_failed,1,2026-08-21T04:31:57.932127
pay_01136,cust_0606,1499,card,failed,bank_error,2,2026-08-04T13:09:57.932131
pay_01137,cust_0813,1999,upi,success,,1,2026-08-19T22:27:57.932136
pay_01138,cust_0993,499,upi,success,,1,2026-08-10T18:48:57.932140
pay_01139,cust_0571,1499,card,failed,limit_exceeded,2,2026-08-14T08:18:57.932145
pay_01140,cust_0357,1499,netbanking,success,,1,2026-08-10T20:26:57.932150
pay_01141,cust_1089,4999,card,failed,timeout,1,2026-07-29T02:59:57.932154
pay_01142,cust_0592,199,wallet,success,,1,2026-07-23T06:03:57.932159
pay_01143,cust_1445,1499,upi,success,,1,2026-08-10T14:52:57.932164
pay_01144,cust_0856,1499,card,success,,1,2026-07-30T04:09:57.932169
pay_01145,cust_0233,199,upi,success,,2,2026-08-09T22:13:57.932174
pay_01146,cust_0600,9999,card,success,,1,2026-07-31T13:23:57.932178
pay_01147,cust_1020,199,upi,success,,1,2026-08-20T21:17:57.932183
pay_01148,cust_0219,1999,wallet,failed,authentication_failed,1,2026-08-10T00:56:57.932187
pay_01149,cust_0265,1499,wallet,success,,1,2026-07-29T03:32:57.932192
pay_01150,cust_0263,9999,upi,success,,1,2026-08-19T23:38:57.932196
pay_01151,cust_1038,499,upi,failed,network_error,1,2026-08-20T20:39:57.932202
pay_01152,cust_1159,999,upi,success,,1,2026-07-31T13:32:57.932208
pay_01153,cust_1257,299,upi,success,,1,2026-08-07T00:10:57.932212
pay_01154,cust_0086,299,upi,failed,insufficient_funds,1,2026-08-19T16:13:57.932217
pay_01155,cust_0975,9999,wallet,success,,1,2026-08-12T14:23:57.932222
pay_01156,cust_1451,299,card,success,,1,2026-08-09T20:12:57.932226
pay_01157,cust_0873,299,upi,failed,authentication_failed,2,2026-08-17T00:17:57.932231
pay_01158,cust_0016,4999,card,success,,2,2026-08-17T13:29:57.932236
pay_01159,cust_0160,9999,wallet,success,,1,2026-08-10T10:16:57.932240
pay_01160,cust_1084,999,wallet,success,,1,2026-08-10T05:22:57.932245
pay_01161,cust_1138,499,wallet,success,,1,2026-08-20T12:14:57.932250
pay_01162,cust_0648,2499,wallet,success,,2,2026-08-17T14:06:57.932254
pay_01163,cust_1214,199,card,failed,insufficient_funds,2,2026-08-01T13:18:57.932259
pay_01164,cust_1449,1499,netbanking,success,,1,2026-07-24T08:29:57.932264
pay_01165,cust_0429,1999,wallet,success,,3,2026-08-02T15:06:57.932268
pay_01166,cust_0745,9999,card,success,,1,2026-07-31T11:12:57.932273
pay_01167,cust_0041,4999,upi,success,,1,2026-08-02T18:36:57.932277
pay_01168,cust_0237,1999,card,failed,limit_exceeded,1,2026-08-06T21:10:57.932281
pay_01169,cust_0973,299,upi,failed,limit_exceeded,1,2026-08-11T08:44:57.932286
pay_01170,cust_0038,1999,card,success,,1,2026-07-24T06:53:57.932291
pay_01171,cust_0566,2499,wallet,success,,1,2026-08-10T09:10:57.932295
pay_01172,cust_0195,299,wallet,success,,1,2026-08-03T12:12:57.932301
pay_01173,cust_1305,299,card,success,,1,2026-07-30T15:01:57.932306
pay_01174,cust_0100,199,netbanking,failed,network_error,1,2026-08-04T23:25:57.932311
pay_01175,cust_0447,2499,wallet,success,,1,2026-08-02T19:54:57.932315
pay_01176,cust_1466,1999,card,failed,network_error,2,2026-07-27T06:54:57.932320
pay_01177,cust_0295,999,upi,success,,1,2026-08-16T15:46:57.932324
pay_01178,cust_0330,299,wallet,success,,1,2026-08-01T23:56:57.932329
pay_01179,cust_0408,1999,wallet,success,,1,2026-08-01T04:11:57.932333
pay_01180,cust_0399,999,netbanking,success,,1,2026-07-25T05:32:57.932338
pay_01181,cust_1215,4999,card,failed,limit_exceeded,2,2026-08-04T09:18:57.932342
pay_01182,cust_0608,1999,upi,failed,limit_exceeded,2,2026-08-20T14:18:57.932347
pay_01183,cust_0928,299,card,success,,2,2026-08-01T05:32:57.932352
pay_01184,cust_0232,9999,upi,failed,bank_error,1,2026-07-31T10:53:57.932356
pay_01185,cust_0243,499,netbanking,success,,1,2026-07-31T04:34:57.932361
pay_01186,cust_0955,1999,upi,success,,2,2026-07-28T19:26:57.932365
pay_01187,cust_1414,1999,upi,failed,insufficient_funds,1,2026-08-03T13:50:57.932370
pay_01188,cust_1225,9999,upi,success,,1,2026-08-05T23:08:57.932374
pay_01189,cust_1139,1499,card,success,,1,2026-08-20T00:06:57.932378
pay_01190,cust_0645,2499,wallet,success,,1,2026-07-28T16:32:57.932383
pay_01191,cust_0237,1499,netbanking,success,,1,2026-08-18T09:07:57.932389
pay_01192,cust_0049,2499,upi,success,,2,2026-07-25T12:21:57.932394
pay_01193,cust_0878,299,upi,failed,limit_exceeded,1,2026-07-24T12:05:57.932400
pay_01194,cust_1469,199,upi,failed,network_error,2,2026-08-03T21:21:57.932405
pay_01195,cust_1078,1999,netbanking,success,,1,2026-08-20T13:33:57.932410
pay_01196,cust_1268,2499,upi,success,,1,2026-08-08T15:41:57.932415
pay_01197,cust_0343,1499,netbanking,success,,1,2026-07-23T12:37:57.932420
pay_01198,cust_0019,199,upi,success,,2,2026-08-04T03:38:57.932424
pay_01199,cust_1364,9999,upi,failed,bank_error,1,2026-07-24T12:11:57.932429
pay_01200,cust_0036,499,card,success,,3,2026-08-06T17:43:57.932434
pay_01201,cust_0942,299,card,success,,1,2026-08-02T15:01:57.932438
pay_01202,cust_1007,199,netbanking,success,,1,2026-08-05T04:55:57.932442
pay_01203,cust_0246,1999,wallet,success,,1,2026-08-16T21:55:57.932447
pay_01204,cust_1070,199,upi,success,,1,2026-07-28T14:52:57.932451
pay_01205,cust_0778,199,wallet,failed,limit_exceeded,1,2026-08-03T10:14:57.932456
pay_01206,cust_1272,9999,wallet,success,,1,2026-08-01T09:02:57.932461
pay_01207,cust_0973,499,upi,success,,1,2026-08-09T09:39:57.932466
pay_01208,cust_0899,199,card,success,,3,2026-08-03T02:47:57.932470
pay_01209,cust_0252,1999,card,success,,1,2026-08-17T10:43:57.932476
pay_01210,cust_0456,4999,card,failed,insufficient_funds,2,2026-08-13T17:26:57.932480
pay_01211,cust_0509,2499,card,success,,1,2026-08-07T09:12:57.932486
pay_01212,cust_1065,199,netbanking,success,,1,2026-08-12T20:32:57.932491
pay_01213,cust_1073,4999,wallet,success,,1,2026-07-24T03:05:57.932495
pay_01214,cust_0325,9999,netbanking,success,,1,2026-08-03T05:20:57.932501
pay_01215,cust_1130,9999,wallet,success,,3,2026-08-01T17:17:57.932506
pay_01216,cust_0475,1499,card,success,,1,2026-08-14T10:58:57.932510
pay_01217,cust_1075,199,card,success,,1,2026-08-12T10:25:57.932515
pay_01218,cust_0785,9999,wallet,success,,1,2026-08-01T11:19:57.932519
pay_01219,cust_1382,4999,card,success,,1,2026-08-05T05:45:57.932524
pay_01220,cust_0383,2499,wallet,success,,2,2026-08-09T19:56:57.932528
pay_01221,cust_0610,299,upi,failed,insufficient_funds,2,2026-07-25T07:12:57.932533
pay_01222,cust_0088,1499,upi,success,,3,2026-08-15T10:24:57.932538
pay_01223,cust_0350,199,wallet,success,,1,2026-07-28T04:00:57.932543
pay_01224,cust_1266,4999,card,success,,1,2026-07-25T13:14:57.932547
pay_01225,cust_0116,1999,netbanking,failed,insufficient_funds,1,2026-07-29T05:02:57.932552
pay_01226,cust_0122,999,netbanking,success,,1,2026-08-20T04:10:57.932557
pay_01227,cust_0480,2499,card,success,,1,2026-07-31T13:34:57.932561
pay_01228,cust_0202,1499,card,success,,1,2026-08-19T03:36:57.932566
pay_01229,cust_0490,199,netbanking,success,,1,2026-07-29T22:26:57.932570
pay_01230,cust_0177,999,wallet,success,,1,2026-08-21T00:45:57.932576
pay_01231,cust_0841,1499,netbanking,success,,2,2026-07-24T14:51:57.932581
pay_01232,cust_1406,9999,card,success,,1,2026-08-05T22:43:57.932585
pay_01233,cust_1477,1999,card,failed,bank_error,1,2026-08-08T21:57:57.932590
pay_01234,cust_1111,299,card,success,,2,2026-08-20T20:14:57.932594
pay_01235,cust_1347,4999,wallet,success,,1,2026-08-10T20:41:57.932599
pay_01236,cust_0677,2499,netbanking,success,,1,2026-08-03T21:24:57.932604
pay_01237,cust_0401,1499,card,success,,1,2026-07-25T16:17:57.932609
pay_01238,cust_0446,9999,upi,success,,3,2026-07-31T22:00:57.932613
pay_01239,cust_1353,499,upi,success,,1,2026-07-31T15:52:57.932618
pay_01240,cust_1458,9999,upi,success,,1,2026-08-21T13:56:57.932622
pay_01241,cust_1441,9999,upi,failed,insufficient_funds,1,2026-08-13T18:21:57.932627
pay_01242,cust_0077,1499,card,success,,1,2026-08-16T23:45:57.932632
pay_01243,cust_0397,1499,card,success,,3,2026-08-21T09:45:57.932636
pay_01244,cust_1304,1999,wallet,success,,2,2026-07-29T03:34:57.932641
pay_01245,cust_1500,999,netbanking,success,,2,2026-08-13T05:30:57.932646
pay_01246,cust_0294,1999,card,success,,1,2026-08-11T00:34:57.932651
pay_01247,cust_1432,299,netbanking,success,,1,2026-08-21T06:59:57.932656
pay_01248,cust_0027,9999,upi,success,,1,2026-07-26T13:23:57.932660
pay_01249,cust_0196,499,card,success,,1,2026-07-24T07:17:57.932665
pay_01250,cust_1242,999,wallet,success,,1,2026-08-02T23:25:57.932671
pay_01251,cust_0960,4999,upi,failed,limit_exceeded,1,2026-07-27T03:01:57.932676
pay_01252,cust_1447,299,card,success,,3,2026-08-20T00:03:57.932681
pay_01253,cust_0491,199,netbanking,success,,1,2026-07-26T07:23:57.932685
pay_01254,cust_0468,4999,upi,failed,bank_error,2,2026-08-19T23:25:57.932690
pay_01255,cust_0166,299,wallet,success,,1,2026-08-22T03:52:57.932695
pay_01256,cust_0657,499,wallet,success,,1,2026-07-23T03:03:57.932699
pay_01257,cust_0035,1499,netbanking,success,,2,2026-08-10T07:16:57.932705
pay_01258,cust_1420,2499,upi,success,,1,2026-08-22T05:41:57.932710
pay_01259,cust_0221,299,netbanking,success,,1,2026-08-22T06:57:57.932715
pay_01260,cust_0591,4999,wallet,success,,1,2026-08-03T07:17:57.932720
pay_01261,cust_0078,999,netbanking,success,,1,2026-07-31T10:36:57.932725
pay_01262,cust_0331,999,wallet,success,,2,2026-08-04T18:22:57.932730
pay_01263,cust_1247,299,wallet,success,,2,2026-07-26T23:15:57.932735
pay_01264,cust_1145,4999,card,success,,1,2026-08-05T07:37:57.932739
pay_01265,cust_0257,1999,card,success,,1,2026-07-27T06:21:57.932744
pay_01266,cust_0669,299,wallet,failed,authentication_failed,2,2026-07-24T16:36:57.932749
pay_01267,cust_0476,2499,netbanking,success,,1,2026-08-19T07:16:57.932754
pay_01268,cust_0379,1499,upi,success,,1,2026-08-17T02:26:57.932758
pay_01269,cust_0925,1499,card,success,,2,2026-07-26T16:15:57.932764
pay_01270,cust_0914,1999,netbanking,success,,1,2026-07-25T04:56:57.932769
pay_01271,cust_1266,4999,netbanking,failed,bank_error,1,2026-08-07T21:13:57.932774
pay_01272,cust_1293,4999,netbanking,success,,1,2026-07-24T11:21:57.932778
pay_01273,cust_0537,1999,upi,success,,1,2026-08-22T07:18:57.932783
pay_01274,cust_0823,2499,card,failed,timeout,1,2026-07-30T15:13:57.932788
pay_01275,cust_0817,1999,netbanking,success,,1,2026-08-13T06:54:57.932792
pay_01276,cust_0427,1499,netbanking,failed,authentication_failed,3,2026-08-11T18:09:57.932797
pay_01277,cust_1296,1999,netbanking,success,,1,2026-08-02T04:32:57.932802
pay_01278,cust_1439,499,upi,success,,1,2026-07-29T09:49:57.932808
pay_01279,cust_1285,1499,upi,success,,1,2026-08-14T01:28:57.932813
pay_01280,cust_0166,1999,upi,success,,2,2026-08-10T06:27:57.932817
pay_01281,cust_0620,999,card,failed,timeout,1,2026-08-12T00:39:57.932822
pay_01282,cust_0225,1499,card,success,,2,2026-08-08T05:44:57.932827
pay_01283,cust_1295,1499,wallet,failed,authentication_failed,2,2026-07-28T17:16:57.932832
pay_01284,cust_0595,1999,netbanking,success,,1,2026-08-20T14:10:57.932836
pay_01285,cust_0694,299,wallet,success,,2,2026-08-03T11:22:57.932841
pay_01286,cust_1258,1999,wallet,failed,timeout,1,2026-08-15T00:38:57.932845
pay_01287,cust_1490,299,card,success,,1,2026-07-26T20:23:57.932850
pay_01288,cust_0991,299,netbanking,success,,1,2026-08-16T14:08:57.932855
pay_01289,cust_1383,9999,card,failed,network_error,1,2026-07-25T04:19:57.932861
pay_01290,cust_0760,1999,card,success,,1,2026-08-19T15:52:57.932866
pay_01291,cust_0470,199,netbanking,failed,limit_exceeded,1,2026-07-23T17:25:57.932870
pay_01292,cust_1132,499,netbanking,success,,1,2026-07-29T00:12:57.932875
pay_01293,cust_0343,4999,upi,success,,2,2026-08-12T12:27:57.932880
pay_01294,cust_0019,199,card,failed,network_error,1,2026-08-06T01:19:57.932885
pay_01295,cust_0521,2499,card,success,,1,2026-08-18T18:47:57.932889
pay_01296,cust_0864,4999,wallet,success,,1,2026-08-06T04:35:57.932894
pay_01297,cust_0691,299,netbanking,success,,1,2026-08-05T22:14:57.932899
pay_01298,cust_0568,9999,netbanking,success,,1,2026-08-14T09:20:57.932904
pay_01299,cust_1012,299,upi,failed,authentication_failed,2,2026-08-17T06:18:57.932910
pay_01300,cust_0419,4999,upi,success,,3,2026-08-12T03:42:57.932915
pay_01301,cust_0835,199,wallet,success,,1,2026-07-28T23:44:57.932920
pay_01302,cust_1336,9999,wallet,failed,timeout,1,2026-08-06T09:13:57.932924
pay_01303,cust_0367,1999,wallet,success,,2,2026-08-19T05:03:57.932929
pay_01304,cust_0975,9999,card,failed,authentication_failed,2,2026-07-26T22:48:57.932934
pay_01305,cust_1355,1999,upi,success,,2,2026-08-11T06:09:57.932939
pay_01306,cust_1488,9999,netbanking,success,,2,2026-08-09T22:08:57.932944
pay_01307,cust_0678,199,wallet,success,,2,2026-07-29T01:17:57.932948
pay_01308,cust_0384,499,upi,failed,timeout,1,2026-08-13T12:47:57.932954
pay_01309,cust_1214,499,card,failed,authentication_failed,1,2026-08-06T13:43:57.932959
pay_01310,cust_0659,199,upi,success,,2,2026-08-11T17:13:57.932964
pay_01311,cust_1052,1999,upi,failed,limit_exceeded,1,2026-08-06T14:21:57.932969
pay_01312,cust_1393,199,card,failed,limit_exceeded,2,2026-08-01T01:23:57.932973
pay_01313,cust_1395,2499,upi,success,,1,2026-08-09T23:35:57.932978
pay_01314,cust_0452,299,upi,success,,1,2026-08-08T16:18:57.932983
pay_01315,cust_1148,999,wallet,success,,1,2026-08-19T13:06:57.932987
pay_01316,cust_0789,1499,netbanking,failed,bank_error,1,2026-07-22T13:23:57.932992
pay_01317,cust_1261,2499,netbanking,failed,bank_error,2,2026-08-21T19:01:57.932997
pay_01318,cust_0456,1999,card,success,,1,2026-08-22T03:19:57.933001
pay_01319,cust_0062,299,wallet,success,,3,2026-08-04T00:48:57.933006
pay_01320,cust_1177,499,wallet,success,,1,2026-08-20T01:42:57.933010
pay_01321,cust_1218,199,card,success,,1,2026-07-29T10:06:57.933016
pay_01322,cust_1429,4999,wallet,success,,1,2026-07-29T21:50:57.933021
pay_01323,cust_0649,999,wallet,success,,1,2026-08-17T21:36:57.933025
pay_01324,cust_0062,199,wallet,success,,1,2026-07-31T23:40:57.933030
pay_01325,cust_1170,4999,card,success,,1,2026-08-20T15:21:57.933034
pay_01326,cust_0763,9999,upi,success,,1,2026-08-08T10:42:57.933039
pay_01327,cust_0733,499,upi,success,,1,2026-07-28T21:45:57.933043
pay_01328,cust_0866,999,card,success,,2,2026-07-27T08:20:57.933049
pay_01329,cust_0417,4999,upi,success,,2,2026-08-17T10:42:57.933053
pay_01330,cust_1150,999,wallet,success,,2,2026-08-16T18:39:57.933058
pay_01331,cust_1427,4999,card,success,,3,2026-07-26T12:40:57.933062
pay_01332,cust_1469,1999,wallet,success,,1,2026-08-14T16:54:57.933067
pay_01333,cust_0745,999,wallet,success,,1,2026-08-05T04:51:57.933072
pay_01334,cust_0238,999,upi,success,,1,2026-08-02T09:06:57.933077
pay_01335,cust_1218,999,card,success,,1,2026-08-05T14:37:57.933081
pay_01336,cust_0100,2499,upi,failed,timeout,1,2026-08-16T03:10:57.933086
pay_01337,cust_1115,1999,wallet,failed,limit_exceeded,2,2026-07-26T00:49:57.933091
pay_01338,cust_0112,199,card,success,,2,2026-08-12T12:33:57.933095
pay_01339,cust_1169,1999,upi,success,,1,2026-07-30T05:10:57.933100
pay_01340,cust_0555,199,wallet,success,,1,2026-08-10T11:07:57.933105
pay_01341,cust_1394,199,upi,success,,1,2026-08-10T06:18:57.933110
pay_01342,cust_1142,1999,card,failed,timeout,1,2026-08-07T00:15:57.933116
pay_01343,cust_1479,299,netbanking,success,,1,2026-08-03T05:42:57.933120
pay_01344,cust_0316,199,upi,success,,1,2026-08-01T08:00:57.933125
pay_01345,cust_1095,499,wallet,success,,1,2026-08-02T08:38:57.933130
pay_01346,cust_0828,499,netbanking,success,,1,2026-07-31T01:39:57.933134
pay_01347,cust_0935,499,upi,success,,1,2026-08-12T23:48:57.933140
pay_01348,cust_0817,999,netbanking,success,,1,2026-08-20T12:17:57.933146
pay_01349,cust_0525,199,wallet,success,,1,2026-07-28T22:45:57.933150
pay_01350,cust_0758,499,card,failed,bank_error,1,2026-07-30T11:56:57.933155
pay_01351,cust_0090,1499,upi,success,,1,2026-08-08T16:53:57.933160
pay_01352,cust_1290,1499,upi,success,,2,2026-08-10T19:02:57.933165
pay_01353,cust_1113,2499,netbanking,success,,1,2026-07-31T00:03:57.933170
pay_01354,cust_0284,4999,wallet,failed,limit_exceeded,1,2026-08-12T11:32:57.933175
pay_01355,cust_1007,299,netbanking,success,,1,2026-08-14T14:01:57.933179
pay_01356,cust_0771,1999,card,success,,3,2026-08-03T01:21:57.933184
pay_01357,cust_0073,1999,wallet,success,,1,2026-07-27T07:46:57.933189
pay_01358,cust_0370,199,upi,success,,1,2026-08-13T19:50:57.933194
pay_01359,cust_0347,1499,card,success,,1,2026-07-25T18:56:57.933198
pay_01360,cust_0020,9999,card,failed,network_error,1,2026-08-04T02:07:57.933203
pay_01361,cust_0069,9999,wallet,success,,1,2026-07-29T03:05:57.933208
pay_01362,cust_0937,1999,wallet,success,,1,2026-08-21T10:22:57.933213
pay_01363,cust_0371,199,card,success,,1,2026-08-22T08:50:57.933219
pay_01364,cust_0004,2499,wallet,success,,1,2026-08-12T04:27:57.933224
pay_01365,cust_1027,9999,netbanking,success,,2,2026-07-28T20:25:57.933228
pay_01366,cust_0855,199,card,success,,1,2026-07-25T17:50:57.933233
pay_01367,cust_1481,299,netbanking,success,,3,2026-08-21T12:05:57.933239
pay_01368,cust_0098,299,wallet,success,,1,2026-08-21T12:11:57.933243
pay_01369,cust_1094,4999,upi,success,,1,2026-08-20T17:27:57.933248
pay_01370,cust_0744,199,card,success,,1,2026-08-18T18:56:57.933252
pay_01371,cust_0168,1499,wallet,failed,insufficient_funds,1,2026-08-13T13:15:57.933257
pay_01372,cust_0424,299,wallet,success,,2,2026-08-08T00:03:57.933261
pay_01373,cust_0855,4999,wallet,success,,1,2026-08-09T00:20:57.933266
pay_01374,cust_0292,1499,netbanking,failed,authentication_failed,1,2026-07-26T13:12:57.933271
pay_01375,cust_0697,299,upi,success,,2,2026-08-15T18:11:57.933275
pay_01376,cust_1472,1499,card,success,,1,2026-07-26T21:53:57.933280
pay_01377,cust_0783,199,upi,success,,2,2026-08-12T05:47:57.933285
pay_01378,cust_0724,499,netbanking,success,,2,2026-07-25T20:58:57.933289
pay_01379,cust_1122,199,netbanking,failed,network_error,3,2026-08-11T01:45:57.933294
pay_01380,cust_0908,2499,card,success,,2,2026-08-02T14:55:57.933299
pay_01381,cust_0880,499,upi,success,,1,2026-08-13T19:15:57.933303
pay_01382,cust_1425,4999,wallet,success,,1,2026-08-18T12:21:57.933308
pay_01383,cust_0832,9999,upi,success,,1,2026-07-27T21:25:57.933313
pay_01384,cust_0607,1499,netbanking,success,,1,2026-08-05T02:34:57.933318
pay_01385,cust_0815,2499,wallet,success,,1,2026-08-08T09:00:57.933323
pay_01386,cust_0362,1499,wallet,success,,1,2026-07-24T22:05:57.933329
pay_01387,cust_0201,499,upi,success,,1,2026-08-14T09:30:57.933333
pay_01388,cust_0514,999,card,failed,insufficient_funds,2,2026-08-17T02:05:57.933338
pay_01389,cust_1331,1999,wallet,failed,insufficient_funds,1,2026-08-15T14:16:57.933343
pay_01390,cust_0294,999,upi,success,,1,2026-08-21T04:01:57.933347
pay_01391,cust_0815,999,wallet,success,,2,2026-08-19T12:33:57.933352
pay_01392,cust_0891,499,wallet,success,,1,2026-08-12T08:02:57.933357
pay_01393,cust_1136,4999,netbanking,success,,1,2026-08-21T03:38:57.933361
pay_01394,cust_0264,199,upi,failed,limit_exceeded,1,2026-08-20T03:38:57.933366
pay_01395,cust_0144,999,netbanking,success,,1,2026-07-28T02:13:57.933371
pay_01396,cust_0562,1999,netbanking,success,,2,2026-08-11T00:45:57.933376
pay_01397,cust_1171,499,netbanking,failed,limit_exceeded,2,2026-07-24T07:07:57.933380
pay_01398,cust_1023,9999,upi,success,,1,2026-08-12T04:56:57.933385
pay_01399,cust_1119,499,upi,success,,1,2026-08-11T17:06:57.933391
pay_01400,cust_0240,9999,card,success,,1,2026-07-27T23:20:57.933396
pay_01401,cust_1396,2499,card,success,,1,2026-08-02T03:23:57.933400
pay_01402,cust_0365,2499,upi,failed,network_error,1,2026-07-26T22:05:57.933406
pay_01403,cust_0446,9999,wallet,success,,1,2026-07-22T17:07:57.933411
pay_01404,cust_0424,299,card,success,,1,2026-08-21T12:27:57.933416
pay_01405,cust_1131,1999,wallet,success,,1,2026-07-29T19:06:57.933420
pay_01406,cust_0812,1999,wallet,success,,1,2026-07-24T11:28:57.933427
pay_01407,cust_0033,9999,netbanking,success,,1,2026-08-07T22:46:57.933432
pay_01408,cust_0826,199,netbanking,failed,timeout,1,2026-08-03T13:15:57.933437
pay_01409,cust_1432,9999,upi,success,,2,2026-07-25T15:21:57.933442
pay_01410,cust_0713,2499,upi,success,,2,2026-08-02T07:08:57.933446
pay_01411,cust_0955,499,netbanking,success,,1,2026-08-19T01:57:57.933451
pay_01412,cust_1249,999,netbanking,success,,1,2026-08-15T13:54:57.933455
pay_01413,cust_0272,999,netbanking,failed,network_error,2,2026-08-12T15:51:57.933460
pay_01414,cust_0437,9999,wallet,success,,2,2026-07-28T13:03:57.933465
pay_01415,cust_0202,9999,card,success,,1,2026-07-25T07:07:57.933470
pay_01416,cust_0038,299,wallet,success,,2,2026-08-05T15:23:57.933475
pay_01417,cust_1353,1499,wallet,success,,3,2026-08-05T16:51:57.933479
pay_01418,cust_0594,1499,upi,success,,3,2026-08-02T09:10:57.933484
pay_01419,cust_0599,999,upi,success,,1,2026-08-01T07:11:57.933488
pay_01420,cust_0139,499,netbanking,success,,1,2026-08-20T20:39:57.933493
pay_01421,cust_1324,299,wallet,success,,2,2026-07-24T09:37:57.933498
pay_01422,cust_0378,299,upi,success,,1,2026-08-13T18:24:57.933503
pay_01423,cust_0213,199,netbanking,failed,insufficient_funds,1,2026-07-31T17:58:57.933507
pay_01424,cust_0023,4999,wallet,success,,1,2026-08-14T18:21:57.933512
pay_01425,cust_0547,9999,netbanking,success,,1,2026-08-08T15:06:57.933518
pay_01426,cust_1101,999,netbanking,success,,1,2026-08-07T17:28:57.933522
pay_01427,cust_0787,999,wallet,failed,limit_exceeded,1,2026-08-21T01:39:57.933528
pay_01428,cust_0404,199,upi,success,,1,2026-08-17T00:09:57.933533
pay_01429,cust_0054,1999,card,success,,1,2026-08-09T14:34:57.933538
pay_01430,cust_0837,499,upi,failed,limit_exceeded,1,2026-08-07T09:41:57.933542
pay_01431,cust_0481,2499,card,failed,limit_exceeded,1,2026-08-10T08:55:57.933547
pay_01432,cust_1032,299,upi,success,,1,2026-08-18T10:16:57.933552
pay_01433,cust_0441,9999,card,success,,1,2026-07-29T04:13:57.933557
pay_01434,cust_0268,999,wallet,failed,timeout,1,2026-08-17T21:19:57.933561
pay_01435,cust_1252,1499,wallet,success,,1,2026-08-21T22:40:57.933566
pay_01436,cust_0517,9999,wallet,success,,1,2026-07-27T08:51:57.933571
pay_01437,cust_0505,1499,wallet,failed,bank_error,1,2026-08-13T10:57:57.933576
pay_01438,cust_1055,1499,upi,failed,authentication_failed,1,2026-07-23T22:04:57.933580
pay_01439,cust_0643,299,upi,success,,2,2026-08-04T06:03:57.933585
pay_01440,cust_0449,299,netbanking,success,,1,2026-07-22T19:51:57.933590
pay_01441,cust_1106,2499,netbanking,failed,limit_exceeded,1,2026-08-08T19:37:57.933595
pay_01442,cust_1100,499,upi,success,,2,2026-07-30T00:39:57.933600
pay_01443,cust_1103,2499,netbanking,success,,2,2026-08-11T02:24:57.933604
pay_01444,cust_0626,1499,netbanking,success,,1,2026-08-21T12:40:57.933609
pay_01445,cust_0129,4999,wallet,failed,insufficient_funds,1,2026-08-16T21:01:57.933615
pay_01446,cust_1183,499,card,failed,authentication_failed,1,2026-08-03T05:24:57.933620
pay_01447,cust_1144,299,upi,failed,bank_error,1,2026-08-01T02:27:57.933625
pay_01448,cust_1310,4999,netbanking,failed,authentication_failed,1,2026-07-25T01:37:57.933631
pay_01449,cust_0329,9999,card,success,,2,2026-08-20T10:10:57.933636
pay_01450,cust_1025,1499,wallet,success,,1,2026-08-20T01:51:57.933642
pay_01451,cust_1414,299,card,success,,1,2026-08-11T07:03:57.933647
pay_01452,cust_0516,4999,wallet,failed,timeout,1,2026-08-20T13:04:57.933652
pay_01453,cust_1022,199,wallet,success,,2,2026-08-06T22:02:57.933656
pay_01454,cust_0349,999,wallet,success,,2,2026-08-19T13:06:57.933661
pay_01455,cust_0130,299,upi,success,,1,2026-08-09T22:35:57.933666
pay_01456,cust_0021,299,wallet,success,,2,2026-08-17T08:40:57.933670
pay_01457,cust_0684,4999,upi,failed,bank_error,1,2026-08-18T04:46:57.933675
pay_01458,cust_1301,499,card,success,,1,2026-08-09T17:56:57.933680
pay_01459,cust_1366,1999,netbanking,success,,2,2026-08-07T02:55:57.933685
pay_01460,cust_1305,4999,upi,failed,bank_error,1,2026-07-31T10:55:57.933693
pay_01461,cust_0692,2499,wallet,success,,1,2026-08-07T01:46:57.933698
pay_01462,cust_0766,499,upi,success,,1,2026-08-10T17:49:57.933702
pay_01463,cust_0259,2499,card,success,,2,2026-07-24T07:05:57.933707
pay_01464,cust_1091,299,wallet,failed,insufficient_funds,1,2026-07-28T20:27:57.933713
pay_01465,cust_0866,2499,card,success,,1,2026-08-07T00:14:57.933718
pay_01466,cust_1418,499,netbanking,failed,limit_exceeded,1,2026-07-26T04:01:57.933723
pay_01467,cust_0620,1499,wallet,failed,authentication_failed,1,2026-08-17T06:33:57.933728
pay_01468,cust_0427,4999,upi,success,,1,2026-08-11T18:46:57.933732
pay_01469,cust_0290,1999,upi,success,,2,2026-08-20T02:34:57.933738
pay_01470,cust_1494,1999,card,success,,2,2026-07-23T13:25:57.933743
pay_01471,cust_0893,499,card,success,,1,2026-08-12T22:15:57.933748
pay_01472,cust_1452,499,upi,success,,1,2026-08-19T15:32:57.933753
pay_01473,cust_0966,4999,wallet,success,,1,2026-07-28T21:32:57.933757
pay_01474,cust_1402,4999,netbanking,success,,1,2026-08-01T15:53:57.933762
pay_01475,cust_0456,199,card,failed,bank_error,1,2026-08-07T19:22:57.933767
pay_01476,cust_0944,4999,wallet,failed,limit_exceeded,2,2026-07-28T14:11:57.933772
pay_01477,cust_0751,1499,card,success,,1,2026-07-25T12:19:57.933777
pay_01478,cust_1068,9999,card,success,,1,2026-08-17T18:49:57.933781
pay_01479,cust_1430,4999,netbanking,success,,1,2026-08-15T04:56:57.933786
pay_01480,cust_0278,9999,wallet,failed,timeout,1,2026-08-10T07:08:57.933791
pay_01481,cust_0289,999,upi,success,,2,2026-07-24T17:05:57.933796
pay_01482,cust_1065,4999,card,success,,2,2026-08-21T19:49:57.933800
pay_01483,cust_0689,299,netbanking,success,,1,2026-08-12T15:52:57.933805
pay_01484,cust_0882,1999,upi,success,,1,2026-08-09T09:37:57.933811
pay_01485,cust_1498,4999,wallet,failed,network_error,1,2026-08-02T22:12:57.933816
pay_01486,cust_1487,999,netbanking,success,,1,2026-08-05T08:16:57.933823
pay_01487,cust_0043,2499,wallet,success,,1,2026-08-22T07:26:57.933828
pay_01488,cust_0852,499,card,success,,2,2026-08-05T15:02:57.933832
pay_01489,cust_0744,2499,upi,success,,1,2026-08-14T17:43:57.933837
pay_01490,cust_0475,299,upi,success,,1,2026-08-01T09:12:57.933841
pay_01491,cust_0465,1999,netbanking,success,,1,2026-08-13T09:25:57.933847
pay_01492,cust_0949,499,wallet,success,,1,2026-07-25T20:40:57.933851
pay_01493,cust_0463,299,wallet,success,,1,2026-08-21T17:53:57.933856
pay_01494,cust_1132,9999,card,success,,1,2026-08-13T14:11:57.933860
pay_01495,cust_1401,4999,upi,success,,1,2026-07-22T11:54:57.933865
pay_01496,cust_0069,999,netbanking,success,,2,2026-08-01T05:36:57.933870
pay_01497,cust_1372,1499,wallet,failed,limit_exceeded,1,2026-08-05T18:28:57.933874
pay_01498,cust_0563,1499,wallet,failed,timeout,1,2026-07-28T12:37:57.933879
pay_01499,cust_0633,9999,upi,success,,2,2026-08-07T23:41:57.933883
pay_01500,cust_0546,299,wallet,success,,1,2026-08-02T06:48:57.933888
pay_01501,cust_0857,999,netbanking,success,,1,2026-08-21T16:28:57.933892
pay_01502,cust_0172,999,netbanking,success,,1,2026-08-12T16:20:57.933898
pay_01503,cust_0017,1499,upi,success,,2,2026-08-05T10:07:57.933904
pay_01504,cust_0328,199,netbanking,success,,1,2026-07-29T21:47:57.933908
pay_01505,cust_1335,999,netbanking,success,,1,2026-07-23T18:44:57.933913
pay_01506,cust_1298,4999,wallet,failed,authentication_failed,2,2026-08-07T00:46:57.933917
pay_01507,cust_0496,499,card,failed,bank_error,2,2026-08-09T17:37:57.933922
pay_01508,cust_0530,1999,upi,success,,1,2026-08-03T20:08:57.933927
pay_01509,cust_0419,499,card,success,,1,2026-07-23T07:25:57.933932
pay_01510,cust_1344,199,wallet,success,,1,2026-07-30T00:21:57.933936
pay_01511,cust_0660,1999,card,success,,1,2026-07-24T11:35:57.933941
pay_01512,cust_1479,4999,card,success,,1,2026-08-06T17:21:57.933946
pay_01513,cust_0042,199,card,success,,1,2026-07-24T14:57:57.933951
pay_01514,cust_0551,199,netbanking,success,,1,2026-08-09T12:46:57.933956
pay_01515,cust_0988,2499,wallet,failed,timeout,1,2026-07-28T07:32:57.933961
pay_01516,cust_0397,1499,card,success,,1,2026-07-30T01:05:57.933965
pay_01517,cust_0541,499,netbanking,success,,1,2026-08-04T20:15:57.933970
pay_01518,cust_1157,499,wallet,success,,2,2026-08-12T13:02:57.933974
pay_01519,cust_0425,4999,wallet,failed,network_error,1,2026-07-31T10:40:57.933979
pay_01520,cust_1290,499,netbanking,failed,network_error,1,2026-08-17T01:35:57.933984
pay_01521,cust_0131,9999,wallet,success,,1,2026-08-16T04:33:57.933989
pay_01522,cust_0592,999,netbanking,success,,1,2026-08-02T00:45:57.933993
pay_01523,cust_0215,999,netbanking,success,,1,2026-07-27T00:02:57.933999
pay_01524,cust_0045,1499,netbanking,success,,1,2026-07-24T16:43:57.934004
pay_01525,cust_0730,499,netbanking,success,,2,2026-08-19T06:37:57.934008
pay_01526,cust_1421,4999,card,success,,1,2026-08-11T15:24:57.934013
pay_01527,cust_1477,999,wallet,success,,1,2026-08-17T09:34:57.934017
pay_01528,cust_1054,1999,card,failed,authentication_failed,1,2026-08-20T04:59:57.934022
pay_01529,cust_0186,499,upi,failed,timeout,2,2026-07-30T02:03:57.934027
pay_01530,cust_1198,1499,upi,success,,1,2026-07-25T11:09:57.934031
pay_01531,cust_0568,199,card,failed,network_error,1,2026-08-08T12:10:57.934036
pay_01532,cust_1331,4999,netbanking,success,,2,2026-08-15T07:17:57.934040
pay_01533,cust_0287,4999,wallet,success,,1,2026-07-31T01:07:57.934046
pay_01534,cust_0598,1999,upi,success,,1,2026-08-05T19:29:57.934051
pay_01535,cust_1484,199,upi,failed,bank_error,1,2026-08-15T15:42:57.934055
pay_01536,cust_0880,9999,netbanking,success,,1,2026-08-02T09:43:57.934060
pay_01537,cust_1348,199,wallet,success,,1,2026-08-02T03:01:57.934064
pay_01538,cust_0417,4999,card,failed,authentication_failed,1,2026-08-01T17:51:57.934069
pay_01539,cust_0974,999,card,failed,insufficient_funds,1,2026-08-07T01:28:57.934074
pay_01540,cust_0457,299,wallet,success,,1,2026-07-22T15:39:57.934078
pay_01541,cust_0711,9999,netbanking,failed,limit_exceeded,2,2026-07-24T01:09:57.934083
pay_01542,cust_0684,9999,wallet,success,,1,2026-08-18T10:04:57.934089
pay_01543,cust_0291,299,netbanking,success,,1,2026-08-11T17:15:57.934093
pay_01544,cust_0009,299,wallet,success,,1,2026-08-12T05:44:57.934098
pay_01545,cust_0912,1499,card,failed,timeout,2,2026-07-24T00:05:57.934103
pay_01546,cust_0135,4999,wallet,success,,1,2026-07-28T06:38:57.934107
pay_01547,cust_1253,2499,upi,success,,1,2026-07-28T06:14:57.934112
pay_01548,cust_1105,999,card,success,,1,2026-07-26T07:00:57.934116
pay_01549,cust_1492,2499,netbanking,failed,authentication_failed,1,2026-08-02T16:07:57.934121
pay_01550,cust_0854,299,card,failed,limit_exceeded,1,2026-08-21T01:39:57.934126
pay_01551,cust_0299,4999,upi,success,,1,2026-08-08T05:48:57.934130
pay_01552,cust_0959,299,wallet,failed,network_error,1,2026-08-19T16:15:57.934136
pay_01553,cust_0524,1499,wallet,success,,1,2026-08-11T00:25:57.934140
pay_01554,cust_0617,299,wallet,success,,1,2026-07-23T09:52:57.934146
pay_01555,cust_1305,9999,wallet,success,,1,2026-07-25T23:07:57.934150
pay_01556,cust_0695,499,wallet,success,,1,2026-07-25T12:49:57.934155
pay_01557,cust_1144,4999,card,success,,1,2026-08-01T16:41:57.934159
pay_01558,cust_1377,9999,wallet,success,,1,2026-08-20T22:48:57.934164
pay_01559,cust_0760,1499,netbanking,failed,network_error,1,2026-08-20T03:50:57.934169
pay_01560,cust_1457,9999,card,success,,1,2026-08-18T21:54:57.934173
pay_01561,cust_0562,1999,netbanking,success,,1,2026-08-11T22:50:57.934178
pay_01562,cust_0346,1999,upi,success,,1,2026-07-28T23:09:57.934183
pay_01563,cust_1292,1499,upi,success,,2,2026-07-28T06:24:57.934188
pay_01564,cust_0194,999,upi,failed,authentication_failed,1,2026-08-11T00:16:57.934192
pay_01565,cust_0701,9999,wallet,failed,network_error,2,2026-08-15T20:48:57.934197
pay_01566,cust_1036,499,netbanking,success,,1,2026-08-16T10:12:57.934201
pay_01567,cust_1048,4999,netbanking,failed,authentication_failed,1,2026-07-31T06:55:57.934206
pay_01568,cust_0508,9999,netbanking,success,,1,2026-07-24T13:32:57.934211
pay_01569,cust_1469,499,netbanking,failed,limit_exceeded,2,2026-08-02T00:24:57.934215
pay_01570,cust_0345,2499,netbanking,success,,1,2026-08-21T10:42:57.934219
pay_01571,cust_0790,1999,card,success,,1,2026-08-05T02:01:57.934224
pay_01572,cust_1306,4999,netbanking,failed,authentication_failed,1,2026-08-16T07:27:57.934228
pay_01573,cust_0467,999,wallet,success,,2,2026-07-26T07:18:57.934233
pay_01574,cust_0215,4999,wallet,success,,1,2026-08-09T08:14:57.934237
pay_01575,cust_0165,999,upi,failed,bank_error,1,2026-08-08T01:03:57.934242
pay_01576,cust_0548,1999,netbanking,success,,1,2026-08-10T14:47:57.934247
pay_01577,cust_0847,9999,wallet,failed,insufficient_funds,1,2026-07-31T13:37:57.934252
pay_01578,cust_0644,299,card,success,,1,2026-08-11T15:20:57.934257
pay_01579,cust_1123,1999,card,failed,bank_error,1,2026-08-20T10:21:57.934262
pay_01580,cust_1294,199,netbanking,success,,2,2026-08-01T02:51:57.934266
pay_01581,cust_0953,999,wallet,success,,2,2026-08-08T22:56:57.934272
pay_01582,cust_0675,499,netbanking,success,,1,2026-08-20T23:03:57.934277
pay_01583,cust_1111,2499,wallet,failed,insufficient_funds,1,2026-07-25T05:28:57.934282
pay_01584,cust_1286,2499,wallet,success,,3,2026-07-29T20:38:57.934286
pay_01585,cust_1011,4999,upi,success,,1,2026-08-16T18:18:57.934291
pay_01586,cust_1179,999,card,success,,1,2026-07-25T06:16:57.934296
pay_01587,cust_0139,1999,upi,success,,1,2026-07-31T15:59:57.934300
pay_01588,cust_0669,4999,wallet,failed,network_error,1,2026-08-18T22:37:57.934305
pay_01589,cust_1050,1999,netbanking,success,,1,2026-08-10T16:44:57.934309
pay_01590,cust_1195,4999,upi,success,,2,2026-07-26T16:14:57.934314
pay_01591,cust_1424,2499,netbanking,failed,timeout,2,2026-08-04T22:20:57.934318
pay_01592,cust_1342,1999,wallet,failed,insufficient_funds,1,2026-08-18T22:02:57.934323
pay_01593,cust_0038,2499,card,success,,1,2026-07-28T00:11:57.934328
pay_01594,cust_0969,4999,wallet,success,,1,2026-08-02T00:01:57.934332
pay_01595,cust_1355,999,upi,failed,limit_exceeded,1,2026-08-04T19:06:57.934337
pay_01596,cust_0475,9999,upi,success,,1,2026-08-15T10:11:57.934342
pay_01597,cust_0259,9999,wallet,success,,1,2026-08-22T02:41:57.934347
pay_01598,cust_0030,4999,card,success,,1,2026-08-17T08:31:57.934352
pay_01599,cust_0831,299,card,success,,1,2026-08-21T15:49:57.934356
pay_01600,cust_0106,9999,wallet,success,,1,2026-08-17T21:31:57.934361
pay_01601,cust_0286,2499,card,success,,2,2026-07-26T07:23:57.934366
pay_01602,cust_0692,9999,netbanking,success,,2,2026-08-10T05:06:57.934371
pay_01603,cust_0263,4999,upi,failed,timeout,1,2026-08-19T10:34:57.934377
pay_01604,cust_0251,299,upi,success,,1,2026-08-12T11:52:57.934381
pay_01605,cust_0579,4999,wallet,success,,2,2026-08-11T05:43:57.934386
pay_01606,cust_1268,999,wallet,failed,authentication_failed,1,2026-08-05T05:34:57.934391
pay_01607,cust_0440,499,netbanking,success,,1,2026-08-14T13:26:57.934395
pay_01608,cust_0097,4999,card,success,,1,2026-07-27T00:16:57.934400
pay_01609,cust_0362,1999,card,success,,1,2026-07-30T02:43:57.934404
pay_01610,cust_1047,299,wallet,success,,1,2026-07-23T20:42:57.934409
pay_01611,cust_1373,1999,wallet,success,,1,2026-08-20T14:25:57.934414
pay_01612,cust_0599,999,upi,success,,2,2026-08-08T02:23:57.934418
pay_01613,cust_1089,4999,netbanking,failed,network_error,1,2026-08-02T14:23:57.934423
pay_01614,cust_0993,1499,netbanking,success,,1,2026-08-03T16:49:57.934427
pay_01615,cust_0720,999,upi,failed,network_error,1,2026-08-17T18:11:57.934432
pay_01616,cust_0417,2499,netbanking,success,,1,2026-08-21T01:41:57.934437
pay_01617,cust_0226,1999,wallet,success,,1,2026-08-03T06:20:57.934441
pay_01618,cust_0570,1499,card,success,,1,2026-08-11T04:41:57.934447
pay_01619,cust_1482,1999,upi,success,,1,2026-08-17T11:00:57.934452
pay_01620,cust_1334,1499,card,success,,1,2026-08-22T02:59:57.934457
pay_01621,cust_0995,999,wallet,success,,3,2026-08-02T00:04:57.934462
pay_01622,cust_1406,299,wallet,success,,2,2026-08-17T19:48:57.934467
pay_01623,cust_0697,199,netbanking,success,,1,2026-07-27T22:23:57.934471
pay_01624,cust_0929,9999,upi,failed,insufficient_funds,2,2026-07-25T18:47:57.934476
pay_01625,cust_0783,999,card,success,,3,2026-08-16T16:06:57.934481
pay_01626,cust_0537,999,card,success,,1,2026-08-04T17:55:57.934485
pay_01627,cust_1207,999,wallet,success,,1,2026-08-18T22:10:57.934490
pay_01628,cust_1453,999,netbanking,success,,3,2026-08-09T19:57:57.934495
pay_01629,cust_0905,199,card,success,,1,2026-08-10T23:05:57.934499
pay_01630,cust_1348,199,netbanking,success,,1,2026-07-28T16:09:57.934504
pay_01631,cust_1279,1999,card,success,,2,2026-07-26T02:04:57.934509
pay_01632,cust_0290,9999,upi,success,,2,2026-08-17T23:05:57.934514
pay_01633,cust_0286,199,wallet,success,,2,2026-08-11T00:01:57.934518
pay_01634,cust_1274,1499,upi,success,,1,2026-08-03T09:20:57.934523
pay_01635,cust_1146,199,upi,failed,bank_error,1,2026-08-16T04:16:57.934527
pay_01636,cust_0791,299,upi,success,,1,2026-07-26T20:33:57.934531
pay_01637,cust_0909,999,card,success,,1,2026-08-13T07:46:57.934536
pay_01638,cust_0318,299,upi,success,,1,2026-08-15T16:13:57.934540
pay_01639,cust_1422,2499,upi,failed,authentication_failed,1,2026-07-31T12:15:57.934546
pay_01640,cust_1399,199,upi,success,,1,2026-08-18T04:27:57.934552
pay_01641,cust_0266,1499,upi,success,,1,2026-08-12T07:07:57.934556
pay_01642,cust_0180,1999,netbanking,success,,3,2026-08-11T21:46:57.934561
pay_01643,cust_0469,2499,wallet,failed,bank_error,1,2026-07-25T01:22:57.934566
pay_01644,cust_0119,1499,netbanking,success,,1,2026-08-17T02:33:57.934570
pay_01645,cust_0847,2499,card,success,,1,2026-08-14T23:20:57.934575
pay_01646,cust_1059,299,upi,failed,network_error,2,2026-07-22T23:32:57.934579
pay_01647,cust_1433,499,upi,success,,1,2026-08-22T00:02:57.934584
pay_01648,cust_1286,4999,wallet,success,,2,2026-08-03T00:49:57.934589
pay_01649,cust_0457,299,card,success,,1,2026-07-29T21:05:57.934593
pay_01650,cust_0061,299,card,failed,insufficient_funds,1,2026-08-04T11:02:57.934598
pay_01651,cust_0644,999,upi,success,,1,2026-08-17T12:06:57.934603
pay_01652,cust_1172,4999,upi,success,,1,2026-08-20T08:56:57.934607
pay_01653,cust_1142,9999,upi,success,,1,2026-08-08T10:17:57.934612
pay_01654,cust_1022,499,card,success,,1,2026-08-17T01:50:57.934617
pay_01655,cust_0512,299,wallet,success,,2,2026-08-05T11:55:57.934622
pay_01656,cust_0479,2499,netbanking,failed,network_error,1,2026-07-29T12:59:57.934626
pay_01657,cust_0135,499,wallet,failed,timeout,1,2026-07-25T16:37:57.934631
pay_01658,cust_1326,299,netbanking,success,,2,2026-08-21T03:44:57.934636
pay_01659,cust_1371,1999,card,success,,1,2026-08-20T09:12:57.934641
pay_01660,cust_0460,1499,upi,failed,insufficient_funds,1,2026-08-15T12:04:57.934646
pay_01661,cust_0991,299,upi,success,,2,2026-07-24T04:11:57.934651
pay_01662,cust_0683,999,card,success,,1,2026-07-26T02:15:57.934656
pay_01663,cust_0736,4999,wallet,success,,1,2026-08-14T22:40:57.934660
pay_01664,cust_0548,499,upi,success,,2,2026-07-28T02:41:57.934665
pay_01665,cust_1196,299,card,success,,1,2026-07-24T03:10:57.934669
pay_01666,cust_1340,4999,card,success,,1,2026-08-13T04:21:57.934674
pay_01667,cust_0733,299,upi,success,,1,2026-07-22T14:17:57.934678
pay_01668,cust_0247,9999,card,success,,2,2026-08-11T09:08:57.934683
pay_01669,cust_0305,499,card,failed,timeout,2,2026-08-10T22:49:57.934688
pay_01670,cust_0591,9999,netbanking,success,,1,2026-08-21T16:35:57.934692
pay_01671,cust_1015,199,upi,failed,network_error,1,2026-08-21T08:54:57.934697
pay_01672,cust_1174,499,wallet,success,,2,2026-07-24T10:58:57.934701
pay_01673,cust_0645,9999,wallet,failed,authentication_failed,2,2026-08-19T19:05:57.934706
pay_01674,cust_0648,2499,upi,success,,1,2026-08-17T05:02:57.934711
pay_01675,cust_0047,2499,card,failed,timeout,1,2026-08-10T09:03:57.934715
pay_01676,cust_0757,499,netbanking,success,,1,2026-08-13T21:08:57.934720
pay_01677,cust_0630,2499,upi,success,,1,2026-08-14T13:36:57.934724
pay_01678,cust_1386,2499,card,failed,authentication_failed,2,2026-08-12T00:58:57.934729
pay_01679,cust_0513,999,upi,success,,2,2026-07-29T18:05:57.934735
pay_01680,cust_1172,1999,upi,success,,1,2026-08-15T15:08:57.934739
pay_01681,cust_1409,499,card,failed,insufficient_funds,1,2026-08-21T20:51:57.934744
pay_01682,cust_0514,1499,card,success,,1,2026-07-22T22:57:57.934749
pay_01683,cust_0298,199,card,success,,2,2026-08-14T10:48:57.934754
pay_01684,cust_0959,2499,netbanking,failed,insufficient_funds,1,2026-08-02T03:34:57.934758
pay_01685,cust_0298,199,card,success,,1,2026-07-29T20:45:57.934763
pay_01686,cust_0879,499,wallet,success,,1,2026-08-06T22:15:57.934767
pay_01687,cust_0895,1999,upi,success,,1,2026-08-07T15:26:57.934772
pay_01688,cust_0652,9999,card,success,,1,2026-07-27T13:42:57.934776
pay_01689,cust_1310,1499,wallet,success,,2,2026-08-15T08:10:57.934781
pay_01690,cust_1113,299,netbanking,success,,1,2026-08-09T21:24:57.934786
pay_01691,cust_1075,499,card,success,,2,2026-07-23T16:41:57.934791
pay_01692,cust_0353,1999,card,success,,2,2026-07-23T11:47:57.934795
pay_01693,cust_0891,499,upi,success,,1,2026-07-22T12:01:57.934800
pay_01694,cust_1245,999,wallet,failed,network_error,2,2026-08-07T15:18:57.934805
pay_01695,cust_0915,9999,wallet,failed,insufficient_funds,2,2026-08-22T08:05:57.934809
pay_01696,cust_0891,299,card,failed,authentication_failed,2,2026-07-27T14:31:57.934814
pay_01697,cust_0888,4999,wallet,success,,1,2026-08-09T21:49:57.934818
pay_01698,cust_1151,1499,netbanking,failed,insufficient_funds,2,2026-07-30T11:57:57.934825
pay_01699,cust_0636,999,upi,success,,2,2026-07-27T14:47:57.934829
pay_01700,cust_1414,999,card,success,,1,2026-08-17T19:37:57.934834
pay_01701,cust_0637,2499,upi,success,,1,2026-08-14T07:15:57.934838
pay_01702,cust_0904,999,netbanking,failed,limit_exceeded,1,2026-07-26T08:14:57.934843
pay_01703,cust_0989,2499,upi,success,,1,2026-07-26T06:05:57.934848
pay_01704,cust_1065,999,upi,success,,1,2026-07-29T08:29:57.934853
pay_01705,cust_0841,999,upi,success,,1,2026-08-13T22:24:57.934858
pay_01706,cust_0850,1999,card,success,,1,2026-08-12T16:01:57.934863
pay_01707,cust_0699,1499,card,success,,1,2026-07-26T19:40:57.934868
pay_01708,cust_0487,499,wallet,success,,2,2026-08-21T01:17:57.934873
pay_01709,cust_0645,4999,wallet,failed,bank_error,2,2026-08-04T06:00:57.934878
pay_01710,cust_0951,1499,netbanking,success,,1,2026-07-26T10:46:57.934883
pay_01711,cust_0710,1999,netbanking,success,,1,2026-08-13T00:44:57.934887
pay_01712,cust_1311,1999,netbanking,success,,1,2026-08-02T22:07:57.934892
pay_01713,cust_0636,2499,card,success,,2,2026-08-16T08:18:57.934896
pay_01714,cust_0724,499,card,success,,1,2026-08-08T02:09:57.934901
pay_01715,cust_0093,499,wallet,failed,bank_error,1,2026-08-04T12:54:57.934906
pay_01716,cust_0836,1999,wallet,success,,1,2026-08-05T05:04:57.934910
pay_01717,cust_1384,999,upi,success,,2,2026-08-01T16:31:57.934915
pay_01718,cust_1374,1999,wallet,success,,1,2026-08-12T18:57:57.934920
pay_01719,cust_0927,999,card,success,,1,2026-08-20T02:56:57.934925
pay_01720,cust_0337,4999,upi,success,,1,2026-08-01T15:29:57.934929
pay_01721,cust_0598,999,wallet,success,,1,2026-08-11T12:58:57.934934
pay_01722,cust_0654,1999,wallet,success,,1,2026-08-11T00:18:57.934938
pay_01723,cust_1405,999,netbanking,failed,insufficient_funds,1,2026-08-17T17:47:57.934943
pay_01724,cust_0756,2499,card,failed,authentication_failed,1,2026-08-07T11:49:57.934949
pay_01725,cust_0702,1499,card,success,,1,2026-07-27T01:21:57.934953
pay_01726,cust_1058,4999,netbanking,success,,1,2026-08-12T18:42:57.934958
pay_01727,cust_0330,299,netbanking,failed,timeout,2,2026-08-19T20:15:57.934962
pay_01728,cust_1052,299,wallet,success,,1,2026-08-13T23:01:57.934967
pay_01729,cust_1051,2499,upi,success,,2,2026-08-09T16:37:57.934972
pay_01730,cust_0289,1499,wallet,success,,1,2026-07-23T04:14:57.934976
pay_01731,cust_0892,499,upi,success,,1,2026-07-24T23:34:57.934981
pay_01732,cust_0182,9999,card,success,,3,2026-08-11T14:13:57.934986
pay_01733,cust_0869,199,wallet,success,,1,2026-08-17T22:59:57.934990
pay_01734,cust_1365,999,card,failed,insufficient_funds,1,2026-08-03T14:26:57.934995
pay_01735,cust_0135,999,wallet,success,,1,2026-08-07T08:05:57.934999
pay_01736,cust_0354,1499,card,success,,1,2026-08-09T06:36:57.935004
pay_01737,cust_0223,499,wallet,success,,1,2026-08-17T11:37:57.935013
pay_01738,cust_0839,1999,upi,success,,1,2026-08-10T21:03:57.935018
pay_01739,cust_1009,299,upi,success,,1,2026-08-02T23:34:57.935022
pay_01740,cust_0852,4999,upi,success,,1,2026-08-02T11:17:57.935027
pay_01741,cust_0060,499,upi,success,,1,2026-08-10T05:33:57.935032
pay_01742,cust_0572,299,upi,success,,1,2026-08-05T08:17:57.935036
pay_01743,cust_0511,2499,upi,success,,3,2026-08-13T12:45:57.935041
pay_01744,cust_1495,499,upi,success,,1,2026-08-19T09:06:57.935045
pay_01745,cust_0136,999,netbanking,success,,1,2026-08-01T20:08:57.935050
pay_01746,cust_1316,2499,netbanking,failed,insufficient_funds,1,2026-07-27T16:12:57.935056
pay_01747,cust_0848,9999,upi,success,,1,2026-08-19T13:09:57.935060
pay_01748,cust_0849,9999,netbanking,failed,insufficient_funds,1,2026-08-18T04:01:57.935065
pay_01749,cust_0216,1999,upi,success,,3,2026-08-14T05:42:57.935070
pay_01750,cust_0955,1499,wallet,failed,network_error,1,2026-08-17T14:22:57.935074
pay_01751,cust_1348,2499,netbanking,success,,2,2026-08-14T12:00:57.935079
pay_01752,cust_0644,299,netbanking,failed,insufficient_funds,2,2026-07-27T23:34:57.935084
pay_01753,cust_1243,299,card,success,,1,2026-07-22T16:33:57.935088
pay_01754,cust_0291,299,card,success,,2,2026-08-03T17:31:57.935093
pay_01755,cust_0755,9999,upi,success,,1,2026-08-07T17:49:57.935098
pay_01756,cust_0283,1999,wallet,success,,1,2026-07-31T12:52:57.935103
pay_01757,cust_0680,999,wallet,success,,1,2026-08-03T07:13:57.935109
pay_01758,cust_0098,299,card,failed,insufficient_funds,1,2026-08-06T15:08:57.935113
pay_01759,cust_0647,999,upi,success,,1,2026-08-05T16:48:57.935118
pay_01760,cust_0176,499,netbanking,success,,1,2026-08-09T07:28:57.935122
pay_01761,cust_0263,1499,netbanking,success,,1,2026-08-20T14:06:57.935127
pay_01762,cust_1321,999,card,success,,1,2026-08-07T19:34:57.935131
pay_01763,cust_1330,199,upi,failed,insufficient_funds,3,2026-07-23T20:47:57.935136
pay_01764,cust_1233,499,card,success,,1,2026-08-03T22:24:57.935140
pay_01765,cust_0367,4999,wallet,success,,1,2026-07-27T13:12:57.935145
pay_01766,cust_1284,299,netbanking,failed,timeout,1,2026-07-23T11:38:57.935150
pay_01767,cust_0722,1499,upi,success,,1,2026-07-27T05:53:57.935156
pay_01768,cust_0981,499,card,success,,1,2026-07-23T23:32:57.935160
pay_01769,cust_0079,2499,wallet,success,,1,2026-08-12T21:35:57.935165
pay_01770,cust_0812,999,card,success,,2,2026-08-10T02:16:57.935169
pay_01771,cust_0654,199,upi,success,,1,2026-08-19T08:51:57.935174
pay_01772,cust_0024,199,netbanking,success,,1,2026-08-02T16:51:57.935178
pay_01773,cust_1083,999,upi,success,,2,2026-07-31T10:21:57.935183
pay_01774,cust_0384,299,upi,success,,2,2026-08-02T14:28:57.935187
pay_01775,cust_0691,299,upi,success,,1,2026-08-18T19:42:57.935192
pay_01776,cust_0644,1499,netbanking,success,,1,2026-08-20T22:40:57.935197
pay_01777,cust_0969,1499,upi,success,,1,2026-08-02T17:54:57.935202
pay_01778,cust_0667,199,netbanking,success,,2,2026-08-08T10:58:57.935206
pay_01779,cust_0810,199,netbanking,success,,1,2026-08-10T19:04:57.935211
pay_01780,cust_0302,2499,wallet,success,,3,2026-08-19T10:01:57.935215
pay_01781,cust_1064,1999,card,success,,1,2026-08-19T00:01:57.935220
pay_01782,cust_1210,299,card,failed,network_error,3,2026-08-06T04:36:57.935224
pay_01783,cust_0590,1499,netbanking,failed,network_error,2,2026-07-31T09:45:57.935229
pay_01784,cust_0791,499,card,success,,1,2026-08-21T20:12:57.935234
pay_01785,cust_1390,9999,card,success,,1,2026-07-24T07:48:57.935238
pay_01786,cust_1088,499,card,success,,1,2026-08-02T16:22:57.935243
pay_01787,cust_0091,199,wallet,success,,1,2026-08-09T04:54:57.935247
pay_01788,cust_0682,999,wallet,failed,authentication_failed,2,2026-08-04T07:47:57.935253
pay_01789,cust_0900,9999,netbanking,success,,1,2026-08-19T07:16:57.935258
pay_01790,cust_1372,2499,card,success,,1,2026-08-12T15:58:57.935263
pay_01791,cust_1070,999,wallet,success,,1,2026-08-05T21:49:57.935268
pay_01792,cust_1236,1499,card,failed,authentication_failed,1,2026-08-11T04:14:57.935273
pay_01793,cust_1254,4999,card,success,,1,2026-07-29T11:28:57.935277
pay_01794,cust_0698,999,upi,success,,1,2026-08-14T19:44:57.935281
pay_01795,cust_0600,999,wallet,success,,1,2026-08-13T00:29:57.935286
pay_01796,cust_1369,2499,card,success,,1,2026-08-06T18:01:57.935291
pay_01797,cust_0540,199,wallet,failed,insufficient_funds,1,2026-07-25T10:18:57.935296
pay_01798,cust_1459,999,upi,failed,bank_error,3,2026-07-30T04:17:57.935301
pay_01799,cust_0452,9999,upi,success,,1,2026-08-04T08:30:57.935305
pay_01800,cust_1038,499,card,success,,3,2026-08-20T14:42:57.935310
pay_01801,cust_0411,499,netbanking,success,,1,2026-07-25T01:52:57.935315
pay_01802,cust_0018,199,upi,success,,3,2026-08-01T10:29:57.935319
pay_01803,cust_0652,9999,card,success,,1,2026-08-18T08:18:57.935324
pay_01804,cust_1493,9999,netbanking,failed,network_error,1,2026-08-12T18:39:57.935329
pay_01805,cust_0245,1499,upi,success,,1,2026-08-09T20:27:57.935333
pay_01806,cust_0094,299,wallet,success,,1,2026-08-03T09:58:57.935338
pay_01807,cust_0395,9999,wallet,success,,2,2026-08-10T21:03:57.935343
pay_01808,cust_1022,499,upi,success,,1,2026-08-13T15:00:57.935348
pay_01809,cust_1019,1499,upi,success,,1,2026-08-10T03:09:57.935354
pay_01810,cust_0577,199,card,failed,authentication_failed,1,2026-08-05T15:38:57.935358
pay_01811,cust_1233,199,wallet,success,,1,2026-08-09T05:26:57.935363
pay_01812,cust_1044,1499,card,success,,1,2026-07-24T23:58:57.935367
pay_01813,cust_1072,199,netbanking,success,,1,2026-08-19T23:12:57.935372
pay_01814,cust_0651,499,wallet,success,,1,2026-08-06T09:53:57.935377
pay_01815,cust_0133,999,card,success,,1,2026-07-27T22:18:57.935382
pay_01816,cust_1110,999,card,success,,1,2026-07-30T08:22:57.935387
pay_01817,cust_0479,2499,upi,success,,1,2026-08-01T03:06:57.935391
pay_01818,cust_0152,1499,upi,success,,1,2026-07-22T20:20:57.935396
pay_01819,cust_1371,1999,card,success,,1,2026-07-23T20:13:57.935401
pay_01820,cust_1494,1499,wallet,success,,1,2026-08-08T10:47:57.935405
pay_01821,cust_0910,499,wallet,success,,1,2026-08-06T19:58:57.935410
pay_01822,cust_0009,4999,card,success,,1,2026-08-16T07:33:57.935415
pay_01823,cust_0702,299,card,failed,bank_error,1,2026-07-23T13:19:57.935419
pay_01824,cust_0571,4999,wallet,success,,3,2026-08-15T22:53:57.935424
pay_01825,cust_0870,2499,upi,failed,authentication_failed,2,2026-07-23T09:09:57.935432
pay_01826,cust_1123,4999,wallet,failed,insufficient_funds,1,2026-08-17T09:59:57.935438
pay_01827,cust_0738,2499,card,success,,1,2026-08-17T03:19:57.935442
pay_01828,cust_1488,2499,upi,failed,limit_exceeded,1,2026-08-01T23:40:57.935447
pay_01829,cust_1305,2499,card,success,,1,2026-08-14T06:31:57.935452
pay_01830,cust_1420,199,upi,success,,2,2026-07-25T16:53:57.935457
pay_01831,cust_0453,499,netbanking,success,,1,2026-08-04T13:45:57.935462
pay_01832,cust_0809,499,wallet,success,,1,2026-07-23T10:54:57.935467
pay_01833,cust_0381,999,wallet,success,,1,2026-07-29T08:27:57.935471
pay_01834,cust_0218,9999,netbanking,success,,1,2026-08-10T23:43:57.935475
pay_01835,cust_0726,1499,upi,success,,1,2026-08-02T01:53:57.935481
pay_01836,cust_1253,4999,card,success,,1,2026-08-08T15:45:57.935485
pay_01837,cust_0699,2499,wallet,failed,authentication_failed,1,2026-07-26T11:58:57.935490
pay_01838,cust_0611,999,upi,success,,1,2026-08-06T23:52:57.935495
pay_01839,cust_0399,1999,card,success,,1,2026-08-05T19:33:57.935500
pay_01840,cust_0914,999,wallet,failed,authentication_failed,2,2026-08-17T09:35:57.935504
pay_01841,cust_0104,9999,upi,success,,1,2026-07-27T20:40:57.935509
pay_01842,cust_1299,299,upi,success,,2,2026-07-30T09:25:57.935513
pay_01843,cust_0225,2499,upi,success,,1,2026-07-25T20:56:57.935518
pay_01844,cust_0431,1499,card,success,,1,2026-08-04T16:08:57.935523
pay_01845,cust_0023,299,netbanking,success,,1,2026-08-21T14:26:57.935528
pay_01846,cust_0346,4999,upi,success,,1,2026-08-11T23:11:57.935532
pay_01847,cust_0980,4999,wallet,success,,1,2026-08-02T17:52:57.935536
pay_01848,cust_0115,299,upi,failed,insufficient_funds,1,2026-07-28T22:38:57.935542
pay_01849,cust_1332,1999,wallet,success,,1,2026-08-09T02:10:57.935546
pay_01850,cust_0855,999,wallet,success,,1,2026-08-03T19:28:57.935551
pay_01851,cust_0822,999,card,success,,1,2026-08-13T10:38:57.935556
pay_01852,cust_1279,9999,card,success,,1,2026-08-09T16:16:57.935561
pay_01853,cust_1245,4999,upi,success,,1,2026-08-07T01:42:57.935566
pay_01854,cust_0038,1499,upi,failed,limit_exceeded,1,2026-07-31T21:12:57.935572
pay_01855,cust_1411,1499,netbanking,success,,1,2026-08-19T11:29:57.935576
pay_01856,cust_0521,499,upi,success,,1,2026-08-21T07:57:57.935581
pay_01857,cust_0338,1999,wallet,success,,1,2026-07-30T04:11:57.935585
pay_01858,cust_0945,2499,netbanking,failed,limit_exceeded,1,2026-07-30T06:17:57.935591
pay_01859,cust_1156,299,card,success,,1,2026-08-21T19:26:57.935595
pay_01860,cust_0910,1499,card,success,,1,2026-08-15T20:08:57.935600
pay_01861,cust_1303,499,netbanking,success,,1,2026-08-10T03:16:57.935605
pay_01862,cust_1448,199,upi,failed,authentication_failed,2,2026-08-14T19:44:57.935610
pay_01863,cust_1143,2499,card,success,,1,2026-08-16T02:32:57.935614
pay_01864,cust_0776,499,card,success,,1,2026-08-15T08:47:57.935619
pay_01865,cust_0329,199,card,success,,1,2026-08-21T19:26:57.935623
pay_01866,cust_0270,1499,upi,success,,3,2026-08-22T08:54:57.935628
pay_01867,cust_0797,9999,upi,failed,timeout,1,2026-07-31T19:59:57.935633
pay_01868,cust_1325,4999,wallet,success,,1,2026-08-15T17:41:57.935638
pay_01869,cust_1340,299,upi,success,,1,2026-07-22T10:09:57.935642
pay_01870,cust_0937,299,card,success,,1,2026-08-04T08:34:57.935647
pay_01871,cust_0016,199,upi,success,,1,2026-08-09T22:16:57.935651
pay_01872,cust_0577,1999,netbanking,success,,1,2026-08-21T10:53:57.935656
pay_01873,cust_0032,1999,netbanking,success,,1,2026-08-05T09:28:57.935661
pay_01874,cust_0213,1499,card,success,,1,2026-08-06T23:59:57.935667
pay_01875,cust_0391,999,netbanking,success,,2,2026-07-24T08:32:57.935671
pay_01876,cust_0666,9999,netbanking,success,,1,2026-07-26T21:37:57.935676
pay_01877,cust_0400,299,wallet,success,,1,2026-08-01T05:21:57.935681
pay_01878,cust_1373,999,wallet,success,,1,2026-08-19T17:37:57.935685
pay_01879,cust_0968,199,wallet,success,,2,2026-08-17T11:31:57.935690
pay_01880,cust_0304,299,card,success,,1,2026-08-17T13:57:57.935694
pay_01881,cust_0102,199,upi,success,,1,2026-07-24T00:31:57.935699
pay_01882,cust_0559,499,netbanking,success,,1,2026-07-28T14:55:57.935703
pay_01883,cust_1200,499,netbanking,success,,1,2026-07-22T18:04:57.935708
pay_01884,cust_1285,199,wallet,success,,1,2026-07-22T18:51:57.935713
pay_01885,cust_1268,2499,wallet,failed,authentication_failed,1,2026-08-10T10:36:57.935718
pay_01886,cust_0501,1999,upi,failed,bank_error,1,2026-08-11T06:18:57.935722
pay_01887,cust_0520,299,netbanking,success,,1,2026-07-27T09:58:57.935727
pay_01888,cust_1131,2499,netbanking,success,,1,2026-08-16T08:55:57.935731
pay_01889,cust_1339,1999,netbanking,success,,1,2026-07-29T13:36:57.935736
pay_01890,cust_1270,1999,upi,success,,1,2026-08-05T08:24:57.935740
pay_01891,cust_0624,1499,card,success,,1,2026-07-28T04:26:57.935745
pay_01892,cust_0749,199,card,success,,1,2026-08-13T23:23:57.935749
pay_01893,cust_0677,299,card,failed,insufficient_funds,1,2026-08-06T16:52:57.935755
pay_01894,cust_0203,999,wallet,success,,1,2026-08-06T00:03:57.935761
pay_01895,cust_0884,299,wallet,success,,1,2026-07-22T19:59:57.935766
pay_01896,cust_0826,1999,netbanking,success,,2,2026-07-27T07:16:57.935770
pay_01897,cust_0675,2499,card,success,,1,2026-08-14T02:17:57.935775
pay_01898,cust_1280,4999,upi,failed,limit_exceeded,1,2026-08-02T13:43:57.935779
pay_01899,cust_1451,999,upi,success,,2,2026-08-16T13:48:57.935784
pay_01900,cust_0761,2499,upi,success,,1,2026-07-26T05:27:57.935788
pay_01901,cust_0760,299,card,success,,1,2026-08-10T08:40:57.935793
pay_01902,cust_0418,199,card,success,,1,2026-07-26T12:06:57.935797
pay_01903,cust_1297,1499,upi,success,,1,2026-08-16T00:51:57.935802
pay_01904,cust_0916,2499,upi,success,,2,2026-08-21T18:13:57.935806
pay_01905,cust_0326,2499,upi,failed,limit_exceeded,1,2026-08-09T23:07:57.935811
pay_01906,cust_1362,1499,upi,success,,1,2026-08-12T16:08:57.935816
pay_01907,cust_0229,999,upi,failed,network_error,1,2026-08-21T12:38:57.935820
pay_01908,cust_0474,199,upi,failed,timeout,1,2026-08-10T04:18:57.935825
pay_01909,cust_0046,999,netbanking,success,,2,2026-08-19T02:13:57.935829
pay_01910,cust_0468,2499,card,success,,1,2026-08-04T19:23:57.935835
pay_01911,cust_0306,499,card,success,,1,2026-08-02T08:12:57.935840
pay_01912,cust_1161,2499,card,success,,1,2026-07-30T13:17:57.935844
pay_01913,cust_0558,999,wallet,success,,1,2026-08-17T22:51:57.935850
pay_01914,cust_0874,499,card,success,,1,2026-08-04T12:45:57.935855
pay_01915,cust_0369,1999,netbanking,failed,bank_error,1,2026-08-20T02:35:57.935859
pay_01916,cust_0418,2499,netbanking,success,,1,2026-08-01T07:21:57.935865
pay_01917,cust_0955,499,wallet,success,,1,2026-08-17T13:11:57.935869
pay_01918,cust_0122,9999,card,success,,3,2026-08-15T22:54:57.935874
pay_01919,cust_0764,999,netbanking,success,,2,2026-08-05T12:40:57.935878
pay_01920,cust_0538,1999,card,success,,1,2026-08-19T21:18:57.935883
pay_01921,cust_1475,1999,netbanking,success,,1,2026-08-03T09:58:57.935887
pay_01922,cust_1007,999,wallet,success,,1,2026-07-29T06:05:57.935892
pay_01923,cust_0942,1999,upi,failed,limit_exceeded,1,2026-07-30T21:35:57.935896
pay_01924,cust_0321,999,netbanking,success,,1,2026-08-07T06:54:57.935901
pay_01925,cust_0113,299,wallet,success,,1,2026-08-02T04:40:57.935905
pay_01926,cust_0656,1499,card,success,,1,2026-07-27T19:54:57.935910
pay_01927,cust_0321,9999,netbanking,failed,bank_error,1,2026-07-27T03:57:57.935915
pay_01928,cust_1083,1499,wallet,success,,1,2026-08-17T11:11:57.935919
pay_01929,cust_1343,9999,netbanking,success,,1,2026-07-31T19:12:57.935924
pay_01930,cust_0331,4999,card,success,,1,2026-08-01T15:10:57.935928
pay_01931,cust_1339,199,card,failed,timeout,1,2026-08-08T21:27:57.935933
pay_01932,cust_1043,199,netbanking,success,,1,2026-08-09T10:47:57.935939
pay_01933,cust_0689,999,netbanking,failed,limit_exceeded,2,2026-07-30T03:39:57.935944
pay_01934,cust_0668,9999,wallet,failed,limit_exceeded,1,2026-08-12T20:52:57.935948
pay_01935,cust_0916,299,netbanking,success,,1,2026-07-27T17:07:57.935953
pay_01936,cust_0792,4999,netbanking,success,,1,2026-07-26T19:44:57.935957
pay_01937,cust_0100,299,upi,success,,1,2026-08-05T19:44:57.935963
pay_01938,cust_1218,999,wallet,success,,2,2026-07-22T21:15:57.935968
pay_01939,cust_1139,1499,upi,success,,2,2026-08-22T03:49:57.935973
pay_01940,cust_0381,9999,upi,failed,bank_error,1,2026-08-11T03:57:57.935977
pay_01941,cust_0375,4999,card,failed,insufficient_funds,1,2026-07-31T09:10:57.935982
pay_01942,cust_0429,299,netbanking,success,,1,2026-08-18T08:51:57.935986
pay_01943,cust_1127,1999,netbanking,failed,bank_error,3,2026-07-22T19:30:57.935991
pay_01944,cust_0892,499,wallet,success,,1,2026-08-19T18:59:57.935996
pay_01945,cust_0477,299,netbanking,success,,1,2026-08-05T14:28:57.936000
pay_01946,cust_0467,499,upi,failed,timeout,1,2026-08-18T15:59:57.936005
pay_01947,cust_1080,999,netbanking,success,,1,2026-08-02T12:30:57.936009
pay_01948,cust_0727,999,card,success,,2,2026-08-07T12:54:57.936014
pay_01949,cust_0058,499,upi,success,,1,2026-07-22T14:39:57.936018
pay_01950,cust_0550,299,upi,success,,1,2026-08-02T05:39:57.936023
pay_01951,cust_1168,1499,netbanking,success,,1,2026-08-02T15:46:57.936027
pay_01952,cust_0626,9999,wallet,success,,1,2026-08-16T01:32:57.936032
pay_01953,cust_0591,1499,wallet,success,,1,2026-08-16T16:06:57.936037
pay_01954,cust_0038,1499,card,success,,2,2026-08-03T23:25:57.936042
pay_01955,cust_1403,499,netbanking,success,,2,2026-08-05T22:10:57.936046
pay_01956,cust_0526,2499,netbanking,failed,timeout,1,2026-07-25T20:19:57.936051
pay_01957,cust_0560,4999,netbanking,failed,bank_error,1,2026-08-15T10:12:57.936056
pay_01958,cust_0899,1999,card,failed,network_error,1,2026-07-28T07:18:57.936061
pay_01959,cust_0403,1999,wallet,success,,1,2026-07-28T17:54:57.936066
pay_01960,cust_0371,2499,card,success,,1,2026-08-21T09:20:57.936072
pay_01961,cust_0751,199,wallet,success,,1,2026-07-30T18:24:57.936077
pay_01962,cust_0177,199,upi,failed,insufficient_funds,3,2026-07-27T05:44:57.936081
pay_01963,cust_0684,299,netbanking,success,,1,2026-07-23T12:08:57.936086
pay_01964,cust_0826,9999,wallet,failed,insufficient_funds,1,2026-08-14T09:38:57.936090
pay_01965,cust_0130,299,card,success,,1,2026-07-28T21:38:57.936095
pay_01966,cust_0010,1499,upi,success,,1,2026-08-09T18:56:57.936100
pay_01967,cust_0887,1499,netbanking,failed,timeout,1,2026-07-24T04:23:57.936105
pay_01968,cust_0364,999,wallet,success,,1,2026-08-15T10:22:57.936109
pay_01969,cust_0088,1999,netbanking,success,,1,2026-07-25T15:18:57.936114
pay_01970,cust_0819,299,upi,success,,1,2026-08-08T04:00:57.936118
pay_01971,cust_1143,1999,card,success,,1,2026-08-12T05:58:57.936124
pay_01972,cust_1081,1999,upi,success,,1,2026-07-25T00:14:57.936129
pay_01973,cust_0690,499,card,success,,1,2026-08-09T06:47:57.936133
pay_01974,cust_1015,299,upi,success,,2,2026-07-30T01:24:57.936138
pay_01975,cust_0673,2499,wallet,success,,1,2026-08-18T11:07:57.936142
pay_01976,cust_0765,4999,netbanking,success,,1,2026-07-25T00:29:57.936147
pay_01977,cust_0462,299,wallet,success,,1,2026-08-06T15:47:57.936152
pay_01978,cust_1296,499,wallet,success,,2,2026-08-16T07:10:57.936156
pay_01979,cust_0282,9999,upi,success,,2,2026-08-04T16:10:57.936162
pay_01980,cust_0437,4999,card,success,,3,2026-08-22T02:44:57.936166
pay_01981,cust_1411,499,wallet,success,,1,2026-08-13T03:48:57.936171
pay_01982,cust_1191,9999,wallet,success,,1,2026-08-16T02:56:57.936175
pay_01983,cust_0401,4999,wallet,success,,1,2026-08-17T07:55:57.936180
pay_01984,cust_1239,4999,netbanking,success,,1,2026-07-27T05:15:57.936184
pay_01985,cust_0031,199,upi,success,,1,2026-07-28T11:50:57.936189
pay_01986,cust_0427,299,netbanking,failed,insufficient_funds,1,2026-07-24T10:36:57.936194
pay_01987,cust_1294,999,wallet,success,,1,2026-07-27T20:25:57.936198
pay_01988,cust_0330,9999,netbanking,failed,bank_error,1,2026-08-22T04:48:57.936203
pay_01989,cust_1326,199,card,success,,1,2026-07-29T19:13:57.936207
pay_01990,cust_0956,999,netbanking,failed,timeout,1,2026-08-17T10:01:57.936270
pay_01991,cust_0460,499,wallet,success,,2,2026-08-09T21:37:57.936276
pay_01992,cust_0567,1499,upi,success,,3,2026-08-07T16:59:57.936281
pay_01993,cust_0713,999,card,failed,limit_exceeded,1,2026-07-30T23:06:57.936286
pay_01994,cust_1203,299,upi,failed,network_error,2,2026-08-17T13:15:57.936291
pay_01995,cust_0160,1499,upi,success,,1,2026-08-09T03:16:57.936296
pay_01996,cust_0114,1499,wallet,failed,limit_exceeded,1,2026-08-22T09:26:57.936301
pay_01997,cust_1164,999,upi,success,,2,2026-07-23T21:26:57.936306
pay_01998,cust_0674,299,upi,success,,2,2026-08-10T22:23:57.936310
pay_01999,cust_1017,1499,upi,failed,limit_exceeded,1,2026-08-06T19:10:57.936315
pay_02000,cust_0303,499,netbanking,success,,1,2026-08-15T01:44:57.936320
pay_02001,cust_0667,499,upi,success,,1,2026-08-13T12:31:57.936333
pay_02002,cust_0288,999,wallet,success,,1,2026-07-22T14:38:57.936339
pay_02003,cust_0464,9999,card,failed,insufficient_funds,1,2026-08-22T08:14:57.936344
pay_02004,cust_0033,4999,card,success,,1,2026-08-09T12:55:57.936350
pay_02005,cust_0203,4999,netbanking,success,,1,2026-08-09T12:34:57.936355
pay_02006,cust_0926,4999,upi,failed,network_error,1,2026-08-18T21:14:57.936361
pay_02007,cust_1223,9999,wallet,success,,1,2026-07-27T16:11:57.936367
pay_02008,cust_0782,1499,netbanking,success,,2,2026-08-12T18:50:57.936372
pay_02009,cust_0138,1499,wallet,success,,1,2026-08-01T15:14:57.936378
pay_02010,cust_0935,1999,netbanking,failed,network_error,1,2026-08-05T08:42:57.936385
pay_02011,cust_1166,9999,card,failed,limit_exceeded,2,2026-08-10T03:58:57.936392
pay_02012,cust_0054,9999,netbanking,success,,3,2026-08-09T16:45:57.936398
pay_02013,cust_1487,999,wallet,success,,1,2026-08-11T13:25:57.936408
pay_02014,cust_1146,199,upi,success,,2,2026-08-19T10:32:57.936413
pay_02015,cust_0648,9999,wallet,success,,1,2026-08-21T08:23:57.936419
pay_02016,cust_1371,4999,wallet,failed,network_error,1,2026-08-21T08:01:57.936425
pay_02017,cust_0013,999,upi,success,,2,2026-08-04T17:15:57.936430
pay_02018,cust_0050,1999,card,failed,timeout,1,2026-08-18T12:59:57.936437
pay_02019,cust_0473,299,wallet,failed,network_error,1,2026-08-11T01:39:57.936443
pay_02020,cust_0576,299,netbanking,failed,limit_exceeded,1,2026-08-07T18:01:57.936449
pay_02021,cust_1213,2499,netbanking,success,,2,2026-08-16T22:07:57.936454
pay_02022,cust_0768,299,wallet,success,,1,2026-08-17T08:00:57.936465
pay_02023,cust_0130,1499,card,success,,2,2026-08-07T03:06:57.936470
pay_02024,cust_0583,299,upi,failed,bank_error,1,2026-08-12T07:48:57.936476
pay_02025,cust_0403,2499,wallet,success,,1,2026-08-01T21:00:57.936481
pay_02026,cust_0920,1499,netbanking,success,,2,2026-08-15T07:09:57.936486
pay_02027,cust_0872,499,wallet,success,,1,2026-08-21T09:24:57.936491
pay_02028,cust_0815,999,upi,success,,2,2026-08-13T09:12:57.936497
pay_02029,cust_1218,299,wallet,success,,2,2026-08-09T05:59:57.936510
pay_02030,cust_0553,1499,upi,failed,bank_error,1,2026-07-31T02:05:57.936517
pay_02031,cust_1035,299,upi,success,,1,2026-08-09T21:10:57.936522
pay_02032,cust_0396,9999,wallet,success,,1,2026-08-10T12:01:57.936527
pay_02033,cust_0827,2499,netbanking,success,,1,2026-08-03T20:31:57.936533
pay_02034,cust_1214,1499,wallet,failed,authentication_failed,1,2026-08-09T05:16:57.936538
pay_02035,cust_1000,1499,wallet,success,,2,2026-07-27T08:31:57.936543
pay_02036,cust_0487,2499,upi,success,,1,2026-08-08T13:11:57.936548
pay_02037,cust_0388,199,upi,failed,limit_exceeded,1,2026-07-29T21:49:57.936555
pay_02038,cust_1432,299,card,success,,2,2026-08-01T20:23:57.936561
pay_02039,cust_0067,1999,netbanking,success,,1,2026-08-11T18:27:57.936566
pay_02040,cust_0951,9999,card,success,,1,2026-08-12T04:52:57.936571
pay_02041,cust_1021,999,upi,success,,3,2026-08-14T21:44:57.936576
pay_02042,cust_1001,299,netbanking,success,,1,2026-08-16T06:30:57.936581
pay_02043,cust_1181,299,upi,failed,bank_error,2,2026-07-26T12:37:57.936588
pay_02044,cust_0396,4999,upi,success,,1,2026-07-30T00:08:57.936596
pay_02045,cust_1426,9999,card,success,,1,2026-08-11T00:43:57.936601
pay_02046,cust_1077,2499,wallet,success,,1,2026-08-21T17:28:57.936606
pay_02047,cust_1464,2499,card,success,,1,2026-08-19T07:01:57.936610
pay_02048,cust_1299,199,netbanking,failed,network_error,1,2026-08-05T01:05:57.936615
pay_02049,cust_0924,1499,card,failed,bank_error,2,2026-08-05T05:40:57.936623
pay_02050,cust_0045,9999,netbanking,success,,1,2026-08-02T06:32:57.936627
pay_02051,cust_0863,1999,wallet,success,,1,2026-08-04T22:52:57.936631
pay_02052,cust_1290,1999,wallet,failed,authentication_failed,1,2026-08-19T00:51:57.936636
pay_02053,cust_0994,1499,netbanking,success,,3,2026-07-23T15:41:57.936641
pay_02054,cust_0715,2499,wallet,failed,limit_exceeded,1,2026-07-24T05:40:57.936646
pay_02055,cust_0336,1499,netbanking,failed,network_error,1,2026-07-26T15:49:57.936651
pay_02056,cust_0415,1499,card,success,,1,2026-07-28T09:57:57.936655
pay_02057,cust_1047,1499,netbanking,success,,1,2026-08-02T00:44:57.936660
pay_02058,cust_0332,2499,wallet,failed,insufficient_funds,1,2026-08-09T01:22:57.936665
pay_02059,cust_1145,1499,card,success,,2,2026-08-13T04:45:57.936669
pay_02060,cust_1320,999,card,success,,1,2026-07-27T02:07:57.936674
pay_02061,cust_1348,199,upi,success,,1,2026-08-22T06:09:57.936678
pay_02062,cust_0090,1999,wallet,success,,1,2026-08-05T01:56:57.936684
pay_02063,cust_0028,1999,card,success,,1,2026-08-20T10:49:57.936689
pay_02064,cust_0118,4999,netbanking,success,,1,2026-08-15T15:56:57.936694
pay_02065,cust_0504,1999,netbanking,success,,1,2026-08-21T21:20:57.936699
pay_02066,cust_0318,499,netbanking,success,,2,2026-08-21T06:19:57.936703
pay_02067,cust_1270,999,wallet,success,,1,2026-07-26T08:44:57.936707
pay_02068,cust_1303,999,upi,success,,2,2026-08-11T05:13:57.936712
pay_02069,cust_0557,499,wallet,success,,1,2026-08-16T04:48:57.936718
pay_02070,cust_0637,9999,card,success,,1,2026-08-04T06:22:57.936722
pay_02071,cust_0988,1499,card,success,,1,2026-07-29T16:34:57.936728
pay_02072,cust_1254,2499,upi,success,,1,2026-07-23T00:18:57.936732
pay_02073,cust_0991,1499,card,success,,3,2026-08-11T06:07:57.936737
pay_02074,cust_0925,299,upi,success,,2,2026-07-30T20:25:57.936741
pay_02075,cust_1247,499,card,failed,insufficient_funds,1,2026-08-15T18:39:57.936746
pay_02076,cust_0318,4999,upi,success,,1,2026-07-23T03:22:57.936751
pay_02077,cust_1020,1499,netbanking,success,,1,2026-08-08T13:02:57.936755
pay_02078,cust_1495,499,upi,success,,1,2026-08-17T23:27:57.936760
pay_02079,cust_0279,299,netbanking,success,,1,2026-08-15T02:56:57.936765
pay_02080,cust_0654,1499,netbanking,success,,1,2026-08-21T03:22:57.936769
pay_02081,cust_0168,999,netbanking,success,,1,2026-08-15T16:47:57.936773
pay_02082,cust_0547,199,netbanking,failed,limit_exceeded,1,2026-08-12T03:27:57.936778
pay_02083,cust_0391,299,upi,success,,2,2026-08-17T14:48:57.936783
pay_02084,cust_1293,199,wallet,failed,bank_error,2,2026-08-03T00:04:57.936788
pay_02085,cust_0645,299,netbanking,success,,2,2026-08-21T22:34:57.936792
pay_02086,cust_0582,199,upi,success,,1,2026-08-01T20:49:57.936799
pay_02087,cust_1171,4999,netbanking,success,,1,2026-08-12T01:24:57.936803
pay_02088,cust_1007,199,netbanking,success,,2,2026-08-07T21:04:57.936809
pay_02089,cust_0170,9999,netbanking,success,,1,2026-08-19T22:53:57.936814
pay_02090,cust_0537,4999,upi,success,,1,2026-08-07T11:22:57.936818
pay_02091,cust_1444,1999,card,success,,1,2026-08-22T00:07:57.936823
pay_02092,cust_0492,499,upi,success,,1,2026-08-13T13:09:57.936828
pay_02093,cust_1026,2499,upi,success,,1,2026-07-31T10:56:57.936832
pay_02094,cust_0907,9999,card,success,,1,2026-08-05T00:18:57.936837
pay_02095,cust_1362,999,wallet,failed,bank_error,2,2026-08-20T02:45:57.936842
pay_02096,cust_0985,299,card,success,,1,2026-08-12T05:28:57.936847
pay_02097,cust_1079,2499,netbanking,failed,timeout,2,2026-07-28T02:15:57.936851
pay_02098,cust_1449,499,card,success,,2,2026-08-01T19:42:57.936856
pay_02099,cust_1152,299,wallet,success,,2,2026-08-08T15:32:57.936860
pay_02100,cust_0062,2499,wallet,success,,1,2026-08-09T09:35:57.936865
pay_02101,cust_0372,299,card,failed,insufficient_funds,1,2026-08-18T08:29:57.936870
pay_02102,cust_0514,2499,netbanking,failed,insufficient_funds,1,2026-08-22T00:07:57.936874
pay_02103,cust_1265,299,wallet,success,,1,2026-08-15T14:43:57.936879
pay_02104,cust_0710,199,card,success,,1,2026-08-10T07:47:57.936884
pay_02105,cust_0781,999,card,success,,1,2026-08-07T03:41:57.936889
pay_02106,cust_0283,1499,wallet,failed,bank_error,1,2026-07-23T03:19:57.936893
pay_02107,cust_1270,999,wallet,failed,insufficient_funds,1,2026-07-24T15:50:57.936900
pay_02108,cust_1093,2499,netbanking,success,,1,2026-08-06T19:17:57.936906
pay_02109,cust_0971,1499,wallet,success,,1,2026-08-05T21:50:57.936910
pay_02110,cust_1355,2499,upi,success,,1,2026-07-28T13:41:57.936914
pay_02111,cust_1037,2499,wallet,success,,1,2026-08-18T03:42:57.936919
pay_02112,cust_1265,199,netbanking,success,,1,2026-08-17T05:44:57.936924
pay_02113,cust_0291,2499,netbanking,failed,limit_exceeded,1,2026-08-02T10:23:57.936928
pay_02114,cust_0129,2499,netbanking,failed,authentication_failed,1,2026-08-03T02:31:57.936935
pay_02115,cust_0859,2499,card,success,,2,2026-08-21T19:20:57.936939
pay_02116,cust_1468,199,wallet,failed,authentication_failed,2,2026-08-15T05:58:57.936944
pay_02117,cust_0740,499,upi,failed,network_error,3,2026-08-03T20:39:57.936949
pay_02118,cust_1431,199,upi,success,,1,2026-08-22T05:12:57.936953
pay_02119,cust_0837,2499,wallet,success,,1,2026-08-03T09:21:57.936958
pay_02120,cust_0612,2499,netbanking,success,,2,2026-08-16T13:29:57.936962
pay_02121,cust_1037,1999,wallet,success,,1,2026-08-15T07:29:57.936967
pay_02122,cust_1490,499,netbanking,success,,1,2026-08-19T08:50:57.936972
pay_02123,cust_1156,299,upi,success,,1,2026-07-28T19:52:57.936977
pay_02124,cust_1117,499,upi,success,,1,2026-08-05T00:13:57.936981
pay_02125,cust_0771,199,upi,success,,1,2026-08-02T13:31:57.936986
pay_02126,cust_0064,9999,card,success,,1,2026-07-30T19:32:57.936990
pay_02127,cust_1156,9999,netbanking,success,,1,2026-08-03T19:56:57.936997
pay_02128,cust_1114,2499,wallet,failed,authentication_failed,2,2026-07-30T22:23:57.937003
pay_02129,cust_0210,999,wallet,success,,2,2026-07-26T05:51:57.937008
pay_02130,cust_1086,1499,netbanking,success,,2,2026-08-14T02:30:57.937014
pay_02131,cust_0962,1499,netbanking,success,,2,2026-08-20T23:41:57.937019
pay_02132,cust_0706,999,upi,success,,2,2026-08-20T03:46:57.937023
pay_02133,cust_0487,199,upi,success,,2,2026-08-21T17:51:57.937028
pay_02134,cust_1062,4999,upi,failed,limit_exceeded,1,2026-08-06T09:24:57.937033
pay_02135,cust_0786,299,card,success,,2,2026-08-12T09:43:57.937038
pay_02136,cust_1325,4999,netbanking,failed,insufficient_funds,1,2026-08-01T20:24:57.937042
pay_02137,cust_0767,299,card,success,,1,2026-08-07T02:21:57.937047
pay_02138,cust_1492,9999,netbanking,failed,timeout,2,2026-07-28T02:42:57.937052
pay_02139,cust_1217,499,card,success,,1,2026-08-11T12:06:57.937057
pay_02140,cust_0844,2499,card,success,,1,2026-07-27T03:34:57.937061
pay_02141,cust_1009,999,upi,success,,3,2026-08-05T06:09:57.937066
pay_02142,cust_0055,499,wallet,failed,bank_error,1,2026-08-02T19:37:57.937071
pay_02143,cust_0543,9999,wallet,failed,insufficient_funds,1,2026-08-15T03:29:57.937075
pay_02144,cust_1083,1499,wallet,failed,bank_error,2,2026-08-16T20:10:57.937080
pay_02145,cust_0338,1499,card,failed,authentication_failed,2,2026-08-06T08:27:57.937084
pay_02146,cust_1461,999,wallet,success,,1,2026-08-08T10:28:57.937089
pay_02147,cust_1158,4999,netbanking,success,,1,2026-08-08T17:37:57.937095
pay_02148,cust_0959,9999,wallet,success,,2,2026-08-19T11:23:57.937099
pay_02149,cust_0013,2499,upi,failed,timeout,1,2026-08-16T05:25:57.937105
pay_02150,cust_0604,1499,wallet,success,,2,2026-07-24T09:14:57.937109
pay_02151,cust_0265,4999,card,failed,insufficient_funds,1,2026-08-13T01:36:57.937114
pay_02152,cust_1418,299,netbanking,failed,authentication_failed,1,2026-07-30T19:22:57.937119
pay_02153,cust_0940,4999,card,success,,1,2026-08-01T14:05:57.937123
pay_02154,cust_0040,999,netbanking,failed,insufficient_funds,1,2026-08-13T22:43:57.937128
pay_02155,cust_0497,4999,netbanking,success,,3,2026-08-20T15:35:57.937132
pay_02156,cust_0322,1999,wallet,success,,1,2026-08-05T10:49:57.937137
pay_02157,cust_0917,199,card,success,,1,2026-08-07T13:35:57.937142
pay_02158,cust_0558,999,card,success,,1,2026-08-20T19:56:57.937146
pay_02159,cust_0512,1999,wallet,success,,1,2026-08-13T12:07:57.937151
pay_02160,cust_0529,9999,wallet,failed,bank_error,3,2026-07-23T08:43:57.937155
pay_02161,cust_0135,9999,upi,success,,1,2026-08-01T12:56:57.937160
pay_02162,cust_1204,2499,card,success,,1,2026-08-06T00:21:57.937164
pay_02163,cust_1320,299,card,success,,1,2026-08-07T20:30:57.937169
pay_02164,cust_1011,299,netbanking,success,,1,2026-08-03T14:46:57.937174
pay_02165,cust_0106,999,wallet,success,,1,2026-07-23T18:55:57.937178
pay_02166,cust_1102,2499,wallet,failed,limit_exceeded,2,2026-07-24T01:59:57.937184
pay_02167,cust_0142,199,wallet,success,,1,2026-08-05T22:17:57.937189
pay_02168,cust_0351,1499,netbanking,failed,insufficient_funds,1,2026-08-13T16:34:57.937193
pay_02169,cust_0417,9999,netbanking,success,,1,2026-08-08T17:04:57.937198
pay_02170,cust_1183,1999,wallet,success,,1,2026-08-05T00:32:57.937202
pay_02171,cust_0871,1499,card,success,,1,2026-08-14T15:31:57.937208
pay_02172,cust_1459,499,netbanking,success,,1,2026-08-18T00:01:57.937212
pay_02173,cust_0807,199,netbanking,success,,1,2026-08-03T10:35:57.937217
pay_02174,cust_0854,2499,upi,success,,2,2026-08-16T13:13:57.937221
pay_02175,cust_0157,2499,upi,success,,1,2026-07-27T04:24:57.937226
pay_02176,cust_1172,4999,netbanking,failed,authentication_failed,1,2026-08-03T18:14:57.937231
pay_02177,cust_0493,299,card,failed,limit_exceeded,1,2026-08-10T13:18:57.937235
pay_02178,cust_0214,499,wallet,success,,1,2026-08-11T07:36:57.937240
pay_02179,cust_0268,4999,upi,failed,timeout,3,2026-07-23T09:13:57.937245
pay_02180,cust_0724,999,card,success,,3,2026-08-05T01:36:57.937249
pay_02181,cust_1040,199,upi,failed,insufficient_funds,2,2026-07-26T07:57:57.937254
pay_02182,cust_1254,999,card,success,,1,2026-07-26T19:52:57.937258
pay_02183,cust_0485,9999,netbanking,failed,network_error,2,2026-07-24T20:32:57.937263
pay_02184,cust_0056,199,card,failed,timeout,1,2026-08-21T16:58:57.937268
pay_02185,cust_0478,1999,wallet,success,,1,2026-08-18T00:12:57.937272
pay_02186,cust_0417,9999,card,success,,1,2026-08-09T17:42:57.937277
pay_02187,cust_0745,999,netbanking,success,,1,2026-07-30T17:07:57.937282
pay_02188,cust_1081,1499,card,failed,insufficient_funds,1,2026-08-16T11:14:57.937287
pay_02189,cust_1332,4999,wallet,success,,1,2026-08-13T09:05:57.937291
pay_02190,cust_0854,2499,upi,success,,1,2026-08-07T10:14:57.937296
pay_02191,cust_0077,999,upi,success,,1,2026-08-21T22:50:57.937301
pay_02192,cust_0048,499,wallet,success,,2,2026-08-09T01:49:57.937306
pay_02193,cust_0787,2499,netbanking,success,,1,2026-08-08T04:10:57.937310
pay_02194,cust_0208,199,upi,success,,1,2026-08-19T07:29:57.937315
pay_02195,cust_0728,999,netbanking,success,,2,2026-08-16T20:38:57.937320
pay_02196,cust_0126,9999,wallet,success,,1,2026-08-02T09:09:57.937324
pay_02197,cust_0331,299,wallet,success,,1,2026-08-18T11:52:57.937329
pay_02198,cust_0489,4999,card,success,,1,2026-08-07T17:01:57.937333
pay_02199,cust_0802,2499,upi,success,,2,2026-07-26T16:29:57.937338
pay_02200,cust_0709,9999,wallet,success,,2,2026-07-27T11:45:57.937342
pay_02201,cust_0359,2499,wallet,failed,limit_exceeded,1,2026-08-18T02:45:57.937347
pay_02202,cust_0219,2499,upi,success,,1,2026-08-21T08:16:57.937352
pay_02203,cust_1280,999,netbanking,success,,3,2026-08-10T14:13:57.937356
pay_02204,cust_0222,9999,netbanking,success,,1,2026-08-18T09:29:57.937361
pay_02205,cust_0798,999,upi,success,,1,2026-08-02T08:39:57.937365
pay_02206,cust_1262,9999,card,success,,2,2026-08-15T04:12:57.937370
pay_02207,cust_0159,9999,card,failed,timeout,1,2026-07-29T21:58:57.937375
pay_02208,cust_0660,299,wallet,success,,1,2026-08-18T20:13:57.937379
pay_02209,cust_0887,999,upi,failed,network_error,1,2026-08-06T13:51:57.937384
pay_02210,cust_0766,4999,wallet,success,,2,2026-07-25T00:11:57.937389
pay_02211,cust_0046,2499,wallet,success,,1,2026-07-31T11:06:57.937393
pay_02212,cust_1390,199,upi,success,,1,2026-08-04T15:03:57.937398
pay_02213,cust_0284,1499,card,success,,1,2026-08-20T16:11:57.937403
pay_02214,cust_0688,199,netbanking,success,,1,2026-07-27T18:30:57.937408
pay_02215,cust_1176,1499,upi,success,,3,2026-07-31T14:06:57.937414
pay_02216,cust_1120,999,wallet,success,,2,2026-08-10T10:40:57.937418
pay_02217,cust_1120,299,card,success,,1,2026-08-10T23:13:57.937423
pay_02218,cust_0130,1499,netbanking,success,,1,2026-08-03T04:54:57.937427
pay_02219,cust_0425,9999,card,success,,1,2026-08-19T08:58:57.937439
pay_02220,cust_1373,4999,netbanking,success,,1,2026-07-27T18:17:57.937444
pay_02221,cust_1233,199,wallet,success,,1,2026-08-07T02:54:57.937449
pay_02222,cust_0971,2499,wallet,success,,1,2026-08-18T05:21:57.937453
pay_02223,cust_1085,4999,upi,success,,2,2026-08-17T17:05:57.937458
pay_02224,cust_1022,499,upi,success,,1,2026-08-14T18:03:57.937462
pay_02225,cust_1297,199,upi,success,,2,2026-07-25T18:23:57.937468
pay_02226,cust_1279,4999,wallet,success,,1,2026-08-04T05:39:57.937473
pay_02227,cust_0158,999,wallet,success,,1,2026-07-29T13:47:57.937477
pay_02228,cust_0936,499,card,success,,1,2026-07-31T05:33:57.937481
pay_02229,cust_0028,2499,netbanking,success,,1,2026-08-01T02:04:57.937486
pay_02230,cust_0663,199,netbanking,success,,1,2026-08-05T07:26:57.937491
pay_02231,cust_1292,2499,card,success,,2,2026-08-07T01:28:57.937495
pay_02232,cust_0541,4999,netbanking,failed,bank_error,1,2026-08-04T21:17:57.937500
pay_02233,cust_0409,499,card,success,,2,2026-08-17T13:46:57.937505
pay_02234,cust_0791,199,netbanking,success,,1,2026-07-27T21:21:57.937510
pay_02235,cust_1440,9999,upi,success,,1,2026-08-13T11:43:57.937514
pay_02236,cust_1434,1499,upi,success,,2,2026-08-20T15:26:57.937519
pay_02237,cust_0884,199,netbanking,failed,timeout,1,2026-08-12T08:27:57.937523
pay_02238,cust_1056,999,netbanking,success,,1,2026-07-25T13:10:57.937528
pay_02239,cust_0225,9999,netbanking,success,,1,2026-08-15T11:10:57.937532
pay_02240,cust_0687,1999,card,failed,insufficient_funds,1,2026-07-30T12:08:57.937537
pay_02241,cust_0567,1999,card,success,,1,2026-08-14T03:54:57.937542
pay_02242,cust_1381,299,netbanking,success,,1,2026-08-22T06:30:57.937546
pay_02243,cust_0179,1999,netbanking,success,,2,2026-07-30T23:29:57.937551
pay_02244,cust_0479,1999,upi,success,,1,2026-07-31T19:50:57.937556
pay_02245,cust_0948,4999,wallet,success,,2,2026-08-15T16:43:57.937560
pay_02246,cust_0111,1499,upi,success,,1,2026-08-11T14:00:57.937565
pay_02247,cust_0553,999,wallet,failed,network_error,1,2026-08-16T09:41:57.937569
pay_02248,cust_0683,2499,wallet,success,,1,2026-08-03T00:12:57.937574
pay_02249,cust_0609,9999,upi,failed,insufficient_funds,2,2026-08-12T00:41:57.937579
pay_02250,cust_0365,1499,wallet,failed,authentication_failed,2,2026-08-02T01:46:57.937584
pay_02251,cust_0056,2499,wallet,success,,1,2026-07-27T10:58:57.937589
pay_02252,cust_0895,2499,card,success,,2,2026-07-24T13:12:57.937594
pay_02253,cust_1265,199,upi,success,,1,2026-08-06T20:55:57.937598
pay_02254,cust_0016,499,netbanking,success,,1,2026-08-11T07:24:57.937603
pay_02255,cust_0265,1499,wallet,success,,1,2026-08-07T18:53:57.937607
pay_02256,cust_0119,199,card,failed,insufficient_funds,1,2026-07-25T07:35:57.937613
pay_02257,cust_0877,199,wallet,success,,1,2026-08-21T05:43:57.937618
pay_02258,cust_0389,499,netbanking,failed,authentication_failed,1,2026-08-15T18:20:57.937623
pay_02259,cust_1084,1499,upi,success,,1,2026-08-19T14:43:57.937627
pay_02260,cust_0939,999,netbanking,success,,1,2026-08-13T17:59:57.937632
pay_02261,cust_0751,299,wallet,success,,1,2026-07-31T03:26:57.937636
pay_02262,cust_0325,1999,upi,success,,1,2026-07-24T09:37:57.937641
pay_02263,cust_0721,299,netbanking,success,,2,2026-07-24T02:24:57.937645
pay_02264,cust_0225,1499,wallet,success,,1,2026-08-15T11:16:57.937651
pay_02265,cust_1226,1499,upi,success,,1,2026-07-31T03:52:57.937655
pay_02266,cust_0869,4999,wallet,failed,limit_exceeded,1,2026-08-03T22:23:57.937661
pay_02267,cust_0963,9999,netbanking,failed,bank_error,3,2026-08-04T13:51:57.937666
pay_02268,cust_1193,499,wallet,success,,2,2026-08-21T00:49:57.937670
pay_02269,cust_0547,1999,upi,success,,1,2026-08-19T21:44:57.937675
pay_02270,cust_0600,1999,wallet,failed,bank_error,1,2026-08-18T21:05:57.937679
pay_02271,cust_0261,299,netbanking,success,,2,2026-07-26T10:15:57.937684
pay_02272,cust_0678,9999,wallet,success,,1,2026-07-26T16:04:57.937689
pay_02273,cust_0781,1999,upi,success,,1,2026-08-16T01:29:57.937694
pay_02274,cust_0189,4999,wallet,success,,3,2026-07-27T18:28:57.937699
pay_02275,cust_0247,999,upi,success,,1,2026-08-04T01:22:57.937704
pay_02276,cust_0725,2499,upi,failed,bank_error,1,2026-07-24T06:43:57.937709
pay_02277,cust_0647,199,netbanking,success,,1,2026-08-13T14:13:57.937715
pay_02278,cust_0043,199,card,success,,1,2026-07-30T05:55:57.937719
pay_02279,cust_1114,199,card,failed,timeout,1,2026-07-29T14:05:57.937724
pay_02280,cust_0126,1999,upi,success,,1,2026-07-25T00:12:57.937729
pay_02281,cust_0946,4999,upi,success,,1,2026-08-15T12:18:57.937733
pay_02282,cust_1211,1499,netbanking,success,,1,2026-07-28T23:20:57.937738
pay_02283,cust_1058,9999,upi,failed,authentication_failed,1,2026-07-23T21:43:57.937743
pay_02284,cust_0230,1999,card,failed,limit_exceeded,1,2026-08-21T02:41:57.937748
pay_02285,cust_0979,4999,card,success,,1,2026-08-20T00:04:57.937753
pay_02286,cust_0358,1499,wallet,failed,limit_exceeded,1,2026-07-29T02:29:57.937757
pay_02287,cust_1123,1999,upi,success,,2,2026-07-24T23:31:57.937762
pay_02288,cust_0601,1499,wallet,success,,1,2026-08-20T14:32:57.937766
pay_02289,cust_0984,1499,netbanking,failed,network_error,1,2026-07-28T01:18:57.937772
pay_02290,cust_0405,999,netbanking,success,,2,2026-08-01T17:45:57.937776
pay_02291,cust_0402,499,upi,success,,2,2026-08-17T07:46:57.937781
pay_02292,cust_1466,199,upi,success,,1,2026-08-07T11:42:57.937785
pay_02293,cust_0762,199,upi,success,,2,2026-08-01T21:36:57.937790
pay_02294,cust_0335,2499,netbanking,success,,1,2026-07-30T03:30:57.937794
pay_02295,cust_0164,4999,wallet,success,,2,2026-08-07T00:12:57.937799
pay_02296,cust_0670,1999,card,success,,1,2026-08-13T18:10:57.937803
pay_02297,cust_0894,9999,upi,success,,1,2026-08-08T00:04:57.937808
pay_02298,cust_0896,4999,card,success,,1,2026-08-10T19:39:57.937814
pay_02299,cust_0674,499,netbanking,success,,1,2026-08-09T14:07:57.937818
pay_02300,cust_0119,9999,netbanking,success,,1,2026-08-05T18:49:57.937823
pay_02301,cust_0406,4999,card,success,,1,2026-08-18T23:36:57.937827
pay_02302,cust_1126,9999,upi,failed,limit_exceeded,2,2026-08-14T07:15:57.937836
pay_02303,cust_0710,1499,netbanking,failed,limit_exceeded,2,2026-08-14T08:10:57.937891
pay_02304,cust_0786,1499,card,success,,1,2026-08-14T16:06:57.937901
pay_02305,cust_0114,1499,wallet,failed,authentication_failed,1,2026-08-13T21:54:57.937910
pay_02306,cust_0436,4999,netbanking,success,,1,2026-07-26T06:30:57.937915
pay_02307,cust_1148,2499,card,success,,1,2026-08-10T19:55:57.937919
pay_02308,cust_0370,9999,card,success,,1,2026-08-14T21:16:57.937924
pay_02309,cust_0779,199,upi,success,,1,2026-07-24T17:28:57.937928
pay_02310,cust_0377,1499,upi,success,,1,2026-08-21T05:45:57.937932
pay_02311,cust_0842,299,netbanking,failed,timeout,1,2026-08-02T18:28:57.937937
pay_02312,cust_0791,499,netbanking,success,,3,2026-07-25T23:06:57.937942
pay_02313,cust_0194,299,card,failed,limit_exceeded,1,2026-07-29T11:08:57.937947
pay_02314,cust_1303,999,netbanking,failed,limit_exceeded,1,2026-08-21T14:58:57.937951
pay_02315,cust_1058,499,card,success,,1,2026-08-19T22:04:57.937956
pay_02316,cust_0693,499,netbanking,success,,1,2026-07-26T04:46:57.937960
pay_02317,cust_0151,299,wallet,success,,2,2026-07-30T17:19:57.937965
pay_02318,cust_0436,1499,wallet,success,,1,2026-08-20T17:59:57.937971
pay_02319,cust_0536,299,upi,success,,2,2026-08-14T14:36:57.937977
pay_02320,cust_0086,199,netbanking,success,,3,2026-08-13T00:36:57.937981
pay_02321,cust_0102,4999,upi,success,,2,2026-08-16T05:49:57.937986
pay_02322,cust_0287,9999,upi,success,,1,2026-08-15T22:55:57.937992
pay_02323,cust_1498,199,netbanking,success,,1,2026-07-27T01:23:57.937996
pay_02324,cust_0051,199,netbanking,failed,timeout,1,2026-08-03T09:45:57.938001
pay_02325,cust_1256,999,wallet,success,,1,2026-08-17T20:39:57.938006
pay_02326,cust_1458,499,netbanking,success,,1,2026-08-06T21:41:57.938010
pay_02327,cust_0893,299,upi,success,,1,2026-07-28T15:26:57.938015
pay_02328,cust_0601,199,card,success,,1,2026-08-06T17:42:57.938019
pay_02329,cust_1384,999,netbanking,success,,1,2026-08-05T15:28:57.938024
pay_02330,cust_1384,9999,upi,success,,1,2026-07-31T13:13:57.938029
pay_02331,cust_1344,4999,upi,success,,1,2026-07-29T19:47:57.938033
pay_02332,cust_0854,2499,netbanking,success,,1,2026-08-21T02:00:57.938038
pay_02333,cust_1097,4999,upi,success,,1,2026-07-24T00:27:57.938042
pay_02334,cust_0967,1999,card,success,,1,2026-08-01T16:04:57.938047
pay_02335,cust_0770,9999,wallet,success,,1,2026-07-22T10:07:57.938052
pay_02336,cust_1156,499,netbanking,failed,network_error,1,2026-08-07T13:55:57.938057
pay_02337,cust_0361,9999,card,success,,1,2026-08-13T09:26:57.938061
pay_02338,cust_1083,199,wallet,success,,3,2026-08-11T11:09:57.938066
pay_02339,cust_1494,4999,netbanking,success,,2,2026-07-31T02:01:57.938070
pay_02340,cust_1182,1499,wallet,failed,limit_exceeded,1,2026-08-19T11:52:57.938075
pay_02341,cust_0383,299,netbanking,success,,2,2026-08-09T21:52:57.938080
pay_02342,cust_0501,9999,upi,success,,1,2026-08-18T01:35:57.938086
pay_02343,cust_0379,199,upi,success,,1,2026-08-14T14:06:57.938091
pay_02344,cust_1080,199,card,failed,network_error,2,2026-07-30T14:02:57.938095
pay_02345,cust_0630,1499,wallet,success,,1,2026-08-07T03:33:57.938100
pay_02346,cust_0681,499,wallet,failed,network_error,1,2026-08-13T02:00:57.938105
pay_02347,cust_1419,2499,netbanking,failed,network_error,2,2026-08-20T19:26:57.938110
pay_02348,cust_0464,299,upi,success,,1,2026-07-24T20:46:57.938114
pay_02349,cust_0022,999,card,success,,1,2026-08-05T17:54:57.938118
pay_02350,cust_1431,199,netbanking,success,,1,2026-08-17T15:51:57.938123
pay_02351,cust_0889,999,card,success,,2,2026-07-22T15:40:57.938127
pay_02352,cust_0997,499,wallet,success,,2,2026-08-02T08:11:57.938132
pay_02353,cust_0608,999,netbanking,success,,1,2026-07-31T19:04:57.938137
pay_02354,cust_1109,199,netbanking,success,,2,2026-08-03T01:26:57.938141
pay_02355,cust_1464,999,wallet,failed,network_error,1,2026-07-30T07:49:57.938146
pay_02356,cust_0440,199,wallet,success,,1,2026-08-05T07:54:57.938150
pay_02357,cust_0919,999,wallet,success,,2,2026-07-22T18:34:57.938155
pay_02358,cust_0864,4999,netbanking,success,,1,2026-08-15T16:28:57.938159
pay_02359,cust_1313,299,netbanking,success,,1,2026-08-22T07:28:57.938164
pay_02360,cust_0450,199,netbanking,success,,2,2026-08-02T00:57:57.938169
pay_02361,cust_0268,1999,upi,failed,network_error,1,2026-07-25T16:38:57.938175
pay_02362,cust_1498,2499,wallet,success,,1,2026-08-10T21:24:57.938180
pay_02363,cust_1449,9999,netbanking,failed,bank_error,1,2026-08-09T09:32:57.938185
pay_02364,cust_0452,1999,netbanking,success,,1,2026-08-06T07:53:57.938189
pay_02365,cust_1101,2499,netbanking,success,,1,2026-08-21T02:30:57.938194
pay_02366,cust_1152,4999,card,success,,2,2026-07-30T21:33:57.938199
pay_02367,cust_1397,1999,card,success,,2,2026-08-05T03:45:57.938203
pay_02368,cust_0813,1499,netbanking,success,,1,2026-07-30T12:37:57.938209
pay_02369,cust_1107,4999,netbanking,success,,2,2026-08-16T05:34:57.938214
pay_02370,cust_0619,299,upi,success,,3,2026-07-31T23:24:57.938219
pay_02371,cust_0692,2499,card,success,,2,2026-08-10T06:02:57.938223
pay_02372,cust_0458,1999,card,failed,network_error,2,2026-08-19T09:58:57.938228
pay_02373,cust_0866,199,card,success,,1,2026-08-08T09:33:57.938233
pay_02374,cust_1330,199,card,success,,3,2026-07-28T13:07:57.938237
pay_02375,cust_1369,1999,upi,success,,1,2026-07-25T07:00:57.938242
pay_02376,cust_0060,1499,upi,success,,2,2026-08-02T06:45:57.938246
pay_02377,cust_0051,199,upi,success,,1,2026-07-24T03:35:57.938251
pay_02378,cust_0739,199,netbanking,success,,2,2026-07-23T01:55:57.938256
pay_02379,cust_0960,9999,wallet,success,,1,2026-08-13T15:45:57.938261
pay_02380,cust_0351,299,netbanking,success,,1,2026-08-15T09:40:57.938265
pay_02381,cust_0002,2499,upi,success,,1,2026-08-02T21:53:57.938270
pay_02382,cust_0650,299,netbanking,failed,network_error,2,2026-07-22T23:00:57.938275
pay_02383,cust_1208,299,wallet,success,,2,2026-08-03T14:04:57.938281
pay_02384,cust_1050,499,netbanking,success,,1,2026-08-20T04:59:57.938285
pay_02385,cust_0396,9999,card,success,,1,2026-08-12T10:21:57.938290
pay_02386,cust_0778,2499,card,success,,1,2026-08-10T01:33:57.938294
pay_02387,cust_1142,299,wallet,success,,1,2026-08-05T02:40:57.938299
pay_02388,cust_0402,999,upi,success,,1,2026-08-02T20:57:57.938303
pay_02389,cust_1275,299,upi,success,,1,2026-08-16T02:01:57.938308
pay_02390,cust_0010,1999,card,success,,2,2026-08-15T13:39:57.938312
pay_02391,cust_1413,499,wallet,failed,timeout,1,2026-08-02T11:07:57.938317
pay_02392,cust_0825,9999,wallet,failed,bank_error,1,2026-07-25T14:37:57.938322
pay_02393,cust_1341,999,netbanking,success,,2,2026-08-17T15:55:57.938327
pay_02394,cust_1452,9999,netbanking,failed,bank_error,1,2026-08-09T19:46:57.938331
pay_02395,cust_0128,2499,upi,success,,1,2026-08-19T16:46:57.938336
pay_02396,cust_0219,299,upi,success,,2,2026-08-18T20:16:57.938341
pay_02397,cust_0272,2499,wallet,failed,network_error,1,2026-08-05T05:54:57.938345
pay_02398,cust_0011,2499,netbanking,success,,1,2026-08-02T12:50:57.938350
pay_02399,cust_0843,2499,card,success,,3,2026-08-14T23:56:57.938354
pay_02400,cust_0009,999,card,success,,1,2026-08-13T03:44:57.938360
pay_02401,cust_0894,9999,netbanking,success,,1,2026-08-05T22:19:57.938364
pay_02402,cust_0208,499,card,success,,2,2026-08-18T12:36:57.938369
pay_02403,cust_1200,299,upi,success,,1,2026-07-24T18:38:57.938373
pay_02404,cust_1413,2499,wallet,success,,1,2026-08-01T08:50:57.938378
pay_02405,cust_1393,199,upi,success,,1,2026-07-26T05:37:57.938383
pay_02406,cust_0050,199,netbanking,success,,1,2026-08-06T08:24:57.938388
pay_02407,cust_0345,499,netbanking,failed,limit_exceeded,1,2026-08-04T15:14:57.938392
pay_02408,cust_0573,4999,netbanking,success,,1,2026-07-27T04:18:57.938397
pay_02409,cust_0639,2499,upi,success,,1,2026-08-01T21:51:57.938401
pay_02410,cust_0725,9999,wallet,success,,1,2026-08-16T18:51:57.938406
pay_02411,cust_1009,9999,upi,failed,insufficient_funds,1,2026-07-26T07:23:57.938411
pay_02412,cust_0477,499,upi,success,,3,2026-07-31T17:54:57.938415
pay_02413,cust_1261,1999,card,success,,1,2026-07-23T23:33:57.938420
pay_02414,cust_0765,199,wallet,failed,limit_exceeded,1,2026-08-07T15:50:57.938424
pay_02415,cust_1099,199,wallet,failed,limit_exceeded,3,2026-08-15T22:22:57.938429
pay_02416,cust_0715,9999,wallet,success,,2,2026-08-10T11:58:57.938434
pay_02417,cust_1302,499,upi,success,,1,2026-08-14T01:56:57.938439
pay_02418,cust_0298,1499,wallet,success,,2,2026-07-23T01:10:57.938444
pay_02419,cust_0353,4999,wallet,failed,insufficient_funds,1,2026-08-11T01:18:57.938449
pay_02420,cust_1048,199,wallet,failed,limit_exceeded,1,2026-08-10T17:43:57.938455
pay_02421,cust_0342,199,wallet,success,,2,2026-08-06T13:59:57.938459
pay_02422,cust_1087,4999,card,success,,1,2026-08-19T07:47:57.938464
pay_02423,cust_0581,499,wallet,success,,1,2026-08-02T02:12:57.938469
pay_02424,cust_0149,199,upi,success,,2,2026-08-20T02:11:57.938473
pay_02425,cust_1220,499,card,success,,2,2026-07-25T10:55:57.938478
pay_02426,cust_0736,499,netbanking,failed,limit_exceeded,3,2026-07-25T06:12:57.938484
pay_02427,cust_1307,999,wallet,success,,1,2026-07-30T12:51:57.938488
pay_02428,cust_0896,1499,wallet,success,,1,2026-08-09T14:26:57.938492
pay_02429,cust_0228,2499,upi,success,,1,2026-08-03T15:25:57.938497
pay_02430,cust_0677,999,upi,success,,1,2026-07-28T14:51:57.938501
pay_02431,cust_1100,299,upi,failed,insufficient_funds,1,2026-07-30T22:56:57.938506
pay_02432,cust_1094,9999,card,success,,2,2026-08-14T13:37:57.938511
pay_02433,cust_1390,499,netbanking,success,,1,2026-08-12T18:07:57.938515
pay_02434,cust_0785,1999,netbanking,success,,1,2026-08-09T01:07:57.938520
pay_02435,cust_0174,299,upi,success,,2,2026-08-12T17:18:57.938524
pay_02436,cust_1430,1999,upi,success,,1,2026-08-11T04:05:57.938529
pay_02437,cust_0691,1499,wallet,success,,1,2026-07-29T18:40:57.938534
pay_02438,cust_0796,199,card,success,,1,2026-08-15T13:21:57.938538
pay_02439,cust_0803,299,netbanking,success,,2,2026-08-01T16:22:57.938544
pay_02440,cust_1283,4999,upi,success,,2,2026-08-08T21:23:57.938548
pay_02441,cust_0937,199,card,success,,1,2026-07-29T07:02:57.938552
pay_02442,cust_0696,499,card,failed,authentication_failed,2,2026-07-29T01:39:57.938557
pay_02443,cust_0362,299,netbanking,success,,1,2026-08-16T20:57:57.938562
pay_02444,cust_1274,199,card,success,,3,2026-08-19T15:51:57.938566
pay_02445,cust_0153,199,upi,success,,1,2026-08-12T02:18:57.938571
pay_02446,cust_0541,299,netbanking,failed,authentication_failed,1,2026-08-12T20:55:57.938576
pay_02447,cust_1455,1499,card,success,,1,2026-07-28T13:56:57.938581
pay_02448,cust_0332,499,netbanking,success,,2,2026-07-25T16:22:57.938586
pay_02449,cust_1021,1499,card,success,,2,2026-08-14T11:45:57.938591
pay_02450,cust_0498,2499,wallet,failed,authentication_failed,1,2026-08-18T22:09:57.938595
pay_02451,cust_1083,4999,netbanking,failed,limit_exceeded,1,2026-08-01T08:56:57.938600
pay_02452,cust_0072,499,wallet,success,,1,2026-08-12T07:07:57.938604
pay_02453,cust_1373,1499,card,success,,1,2026-08-03T06:50:57.938609
pay_02454,cust_0215,9999,netbanking,failed,insufficient_funds,1,2026-08-22T08:32:57.938614
pay_02455,cust_0290,199,wallet,success,,1,2026-08-01T00:21:57.938618
pay_02456,cust_0058,2499,wallet,success,,2,2026-08-15T16:47:57.938623
pay_02457,cust_0884,4999,card,success,,1,2026-08-06T06:12:57.938627
pay_02458,cust_0165,1499,wallet,success,,1,2026-07-23T08:54:57.938631
pay_02459,cust_0021,199,upi,success,,1,2026-08-06T03:55:57.938637
pay_02460,cust_0030,1499,wallet,success,,2,2026-08-13T13:02:57.938642
pay_02461,cust_0726,1499,netbanking,success,,2,2026-07-27T02:53:57.938646
pay_02462,cust_1315,1499,netbanking,success,,1,2026-08-12T16:09:57.938651
pay_02463,cust_0790,199,netbanking,success,,1,2026-08-16T06:27:57.938655
pay_02464,cust_0471,9999,netbanking,success,,1,2026-07-24T01:28:57.938661
pay_02465,cust_0568,2499,card,success,,1,2026-07-26T03:32:57.938665
pay_02466,cust_0935,9999,netbanking,success,,1,2026-08-01T03:02:57.938669
pay_02467,cust_1437,4999,card,failed,timeout,1,2026-08-09T01:33:57.938674
pay_02468,cust_0758,999,netbanking,failed,timeout,1,2026-08-08T15:32:57.938687
pay_02469,cust_0591,299,upi,failed,insufficient_funds,1,2026-07-27T16:19:57.938692
pay_02470,cust_1441,199,netbanking,success,,1,2026-07-25T01:26:57.938698
pay_02471,cust_1361,2499,card,success,,1,2026-08-18T04:20:57.938703
pay_02472,cust_0699,1499,card,success,,2,2026-08-19T13:27:57.938707
pay_02473,cust_0981,4999,card,success,,1,2026-07-30T11:07:57.938712
pay_02474,cust_0291,4999,wallet,failed,insufficient_funds,1,2026-08-13T23:42:57.938717
pay_02475,cust_0596,2499,card,success,,1,2026-08-04T07:14:57.938721
pay_02476,cust_1164,1999,netbanking,success,,1,2026-08-13T21:31:57.938726
pay_02477,cust_0674,999,card,success,,1,2026-08-13T09:51:57.938730
pay_02478,cust_0333,199,netbanking,success,,1,2026-08-19T05:36:57.938736
pay_02479,cust_1361,199,upi,success,,1,2026-08-03T10:22:57.938740
pay_02480,cust_1024,1999,wallet,success,,2,2026-07-24T01:56:57.938745
pay_02481,cust_0348,999,card,failed,authentication_failed,1,2026-08-03T17:08:57.938750
pay_02482,cust_0268,299,upi,failed,authentication_failed,1,2026-08-16T23:01:57.938755
pay_02483,cust_0885,299,card,success,,2,2026-07-29T02:20:57.938759
pay_02484,cust_0023,2499,card,success,,2,2026-07-22T14:51:57.938764
pay_02485,cust_1291,1499,card,success,,1,2026-08-08T08:19:57.938768
pay_02486,cust_0574,4999,upi,failed,insufficient_funds,2,2026-08-10T19:07:57.938773
pay_02487,cust_1243,499,card,success,,2,2026-08-18T23:43:57.938778
pay_02488,cust_1233,4999,upi,success,,1,2026-07-26T05:20:57.938782
pay_02489,cust_0103,2499,wallet,success,,1,2026-08-06T14:53:57.938789
pay_02490,cust_0301,4999,upi,success,,1,2026-08-18T06:01:57.938793
pay_02491,cust_0474,9999,netbanking,failed,limit_exceeded,3,2026-07-25T23:15:57.938798
pay_02492,cust_0047,2499,netbanking,success,,2,2026-08-10T23:10:57.938802
pay_02493,cust_0120,199,upi,failed,limit_exceeded,2,2026-08-08T07:16:57.938807
pay_02494,cust_0768,199,upi,success,,1,2026-08-05T07:36:57.938811
pay_02495,cust_1311,1499,netbanking,success,,1,2026-08-06T01:54:57.938816
pay_02496,cust_1273,199,wallet,success,,1,2026-07-23T07:02:57.938820
pay_02497,cust_0226,999,card,failed,bank_error,1,2026-07-23T11:13:57.938825
pay_02498,cust_1176,1999,netbanking,success,,1,2026-08-03T19:22:57.938830
pay_02499,cust_0276,2499,netbanking,success,,1,2026-07-26T00:08:57.938835
pay_02500,cust_0340,9999,netbanking,success,,1,2026-07-26T06:42:57.938839
pay_02501,cust_0178,199,upi,success,,1,2026-07-26T23:44:57.938844
pay_02502,cust_0623,999,wallet,success,,1,2026-08-16T23:04:57.938848
pay_02503,cust_1127,4999,card,success,,2,2026-08-10T21:04:57.938853
pay_02504,cust_1207,499,upi,failed,authentication_failed,1,2026-08-05T05:01:57.938857
pay_02505,cust_0551,1499,upi,success,,2,2026-08-13T13:56:57.938862
pay_02506,cust_0230,4999,upi,success,,1,2026-08-11T22:43:57.938866
pay_02507,cust_0724,499,wallet,failed,bank_error,1,2026-08-01T05:06:57.938871
pay_02508,cust_1373,299,wallet,success,,1,2026-08-15T22:19:57.938875
pay_02509,cust_0122,2499,upi,failed,timeout,1,2026-07-22T16:50:57.938880
pay_02510,cust_0795,299,netbanking,failed,authentication_failed,1,2026-08-11T08:28:57.938884
pay_02511,cust_0767,199,wallet,failed,bank_error,1,2026-08-11T08:07:57.938890
pay_02512,cust_1378,2499,netbanking,success,,1,2026-08-21T19:46:57.938894
pay_02513,cust_0448,199,netbanking,success,,1,2026-08-21T08:26:57.938899
pay_02514,cust_0194,2499,wallet,success,,2,2026-08-20T12:00:57.938904
pay_02515,cust_1339,499,wallet,success,,1,2026-08-04T13:44:57.938908
pay_02516,cust_0077,2499,wallet,success,,2,2026-08-08T19:46:57.938913
pay_02517,cust_0132,999,wallet,success,,1,2026-07-30T17:38:57.938918
pay_02518,cust_0846,499,upi,failed,network_error,1,2026-08-11T12:14:57.938922
pay_02519,cust_1085,499,card,success,,1,2026-07-30T21:09:57.938927
pay_02520,cust_0430,1999,card,success,,1,2026-08-19T10:47:57.938931
pay_02521,cust_1225,9999,card,success,,1,2026-08-07T07:46:57.938936
pay_02522,cust_0046,1999,wallet,failed,network_error,1,2026-08-20T14:26:57.938941
pay_02523,cust_0625,299,card,success,,1,2026-08-13T23:07:57.938946
pay_02524,cust_0804,9999,wallet,success,,1,2026-08-03T22:46:57.938950
pay_02525,cust_0941,4999,wallet,success,,1,2026-07-22T10:31:57.938955
pay_02526,cust_1318,2499,upi,success,,1,2026-08-20T00:04:57.938959
pay_02527,cust_0883,499,card,success,,1,2026-08-21T21:41:57.938964
pay_02528,cust_0535,499,upi,success,,1,2026-08-20T08:24:57.938968
pay_02529,cust_0410,999,wallet,success,,2,2026-08-10T19:02:57.938973
pay_02530,cust_0681,1499,upi,success,,1,2026-08-08T06:27:57.938977
pay_02531,cust_0036,1999,upi,success,,1,2026-08-16T10:16:57.938982
pay_02532,cust_1037,499,wallet,success,,1,2026-08-10T08:57:57.938987
pay_02533,cust_0594,499,card,success,,1,2026-08-18T02:44:57.938992
pay_02534,cust_0447,1499,wallet,success,,2,2026-08-07T21:07:57.938997
pay_02535,cust_0737,1499,card,failed,bank_error,3,2026-08-08T23:54:57.939002
pay_02536,cust_0066,1999,wallet,success,,1,2026-08-03T08:17:57.939006
pay_02537,cust_0173,4999,upi,success,,1,2026-08-01T23:50:57.939012
pay_02538,cust_0852,199,upi,success,,1,2026-08-21T23:09:57.939017
pay_02539,cust_1238,199,upi,success,,1,2026-07-23T10:05:57.939021
pay_02540,cust_0653,299,card,success,,1,2026-08-16T04:11:57.939026
pay_02541,cust_1307,499,upi,success,,2,2026-08-01T14:06:57.939030
pay_02542,cust_1063,299,upi,success,,1,2026-08-10T16:24:57.939035
pay_02543,cust_0502,1999,upi,success,,1,2026-08-16T00:50:57.939039
pay_02544,cust_0531,1999,wallet,success,,2,2026-07-27T23:07:57.939043
pay_02545,cust_0787,1499,netbanking,success,,3,2026-07-26T02:55:57.939048
pay_02546,cust_1027,4999,upi,success,,1,2026-08-13T02:55:57.939052
pay_02547,cust_0309,1999,upi,success,,2,2026-08-10T10:50:57.939056
pay_02548,cust_0601,9999,card,success,,1,2026-08-04T20:53:57.939061
pay_02549,cust_0935,199,wallet,success,,3,2026-08-18T14:52:57.939065
pay_02550,cust_0820,499,netbanking,success,,1,2026-08-07T01:14:57.939070
pay_02551,cust_1498,199,netbanking,success,,1,2026-08-14T06:22:57.939074
pay_02552,cust_0513,1499,card,success,,2,2026-07-23T03:16:57.939079
pay_02553,cust_0355,299,netbanking,success,,2,2026-08-16T13:48:57.939084
pay_02554,cust_0832,499,upi,success,,2,2026-08-18T01:49:57.939089
pay_02555,cust_0592,999,card,failed,limit_exceeded,2,2026-07-23T11:47:57.939093
pay_02556,cust_1461,2499,wallet,success,,2,2026-07-25T21:13:57.939099
pay_02557,cust_1058,1499,upi,failed,authentication_failed,1,2026-08-09T13:28:57.939103
pay_02558,cust_0166,2499,card,success,,1,2026-08-03T18:25:57.939108
pay_02559,cust_0018,299,netbanking,success,,1,2026-08-16T10:24:57.939112
pay_02560,cust_1325,4999,upi,success,,1,2026-08-03T09:17:57.939117
pay_02561,cust_1026,199,upi,failed,limit_exceeded,1,2026-08-21T21:09:57.939121
pay_02562,cust_0541,499,wallet,success,,1,2026-07-26T15:41:57.939127
pay_02563,cust_0031,4999,wallet,success,,1,2026-07-27T05:07:57.939132
pay_02564,cust_1481,199,wallet,success,,1,2026-07-29T03:38:57.939136
pay_02565,cust_0653,999,card,success,,1,2026-08-21T19:16:57.939141
pay_02566,cust_1079,2499,upi,failed,insufficient_funds,1,2026-07-29T19:10:57.939145
pay_02567,cust_1388,4999,card,success,,1,2026-08-15T08:09:57.939149
pay_02568,cust_1009,299,card,failed,insufficient_funds,2,2026-08-07T08:21:57.939154
pay_02569,cust_0752,9999,card,success,,1,2026-07-27T20:18:57.939158
pay_02570,cust_1164,299,netbanking,success,,1,2026-08-06T12:48:57.939163
pay_02571,cust_0824,499,card,success,,1,2026-08-03T04:26:57.939167
pay_02572,cust_0887,199,wallet,success,,1,2026-08-02T19:04:57.939173
pay_02573,cust_0729,4999,card,failed,timeout,1,2026-08-09T16:46:57.939177
pay_02574,cust_0430,2499,card,success,,2,2026-07-28T00:42:57.939183
pay_02575,cust_0932,499,upi,success,,1,2026-07-24T01:16:57.939187
pay_02576,cust_0181,499,netbanking,success,,1,2026-08-08T10:29:57.939193
pay_02577,cust_0603,999,wallet,success,,1,2026-07-26T18:28:57.939197
pay_02578,cust_0654,1999,netbanking,success,,1,2026-08-21T12:23:57.939201
pay_02579,cust_1158,9999,upi,success,,1,2026-08-12T16:17:57.939206
pay_02580,cust_0719,299,card,success,,1,2026-08-01T14:40:57.939210
pay_02581,cust_1474,1499,card,success,,1,2026-08-06T03:52:57.939214
pay_02582,cust_0870,4999,wallet,success,,1,2026-08-11T06:50:57.939219
pay_02583,cust_1044,299,card,success,,1,2026-08-07T00:54:57.939223
pay_02584,cust_0519,9999,upi,success,,2,2026-08-07T06:32:57.939228
pay_02585,cust_0070,299,card,failed,timeout,1,2026-08-13T18:51:57.939232
pay_02586,cust_0443,1999,upi,success,,2,2026-08-07T14:32:57.939237
pay_02587,cust_0518,2499,wallet,success,,2,2026-08-21T03:25:57.939241
pay_02588,cust_0022,2499,card,failed,limit_exceeded,1,2026-08-09T17:21:57.939246
pay_02589,cust_1239,9999,upi,success,,1,2026-08-18T04:47:57.939250
pay_02590,cust_1069,4999,upi,success,,1,2026-08-18T19:25:57.939255
pay_02591,cust_0932,9999,upi,failed,bank_error,2,2026-08-12T13:16:57.939260
pay_02592,cust_0926,1999,netbanking,failed,bank_error,1,2026-08-12T13:23:57.939264
pay_02593,cust_0009,1999,netbanking,success,,1,2026-07-28T18:15:57.939269
pay_02594,cust_0554,9999,netbanking,success,,2,2026-08-20T09:40:57.939273
pay_02595,cust_1014,1499,upi,success,,2,2026-08-03T21:59:57.939279
pay_02596,cust_0482,199,upi,success,,1,2026-08-10T05:15:57.939284
pay_02597,cust_1383,9999,card,failed,insufficient_funds,1,2026-07-27T11:29:57.939289
pay_02598,cust_0812,1999,card,success,,1,2026-07-30T18:01:57.939294
pay_02599,cust_0327,2499,card,success,,1,2026-08-05T10:53:57.939298
pay_02600,cust_0382,1499,card,success,,1,2026-08-13T20:37:57.939302
pay_02601,cust_0715,499,netbanking,failed,insufficient_funds,1,2026-08-04T12:00:57.939307
pay_02602,cust_0754,299,card,success,,1,2026-08-06T07:05:57.939312
pay_02603,cust_0827,1999,card,failed,bank_error,1,2026-08-14T11:25:57.939316
pay_02604,cust_1457,1999,upi,success,,2,2026-08-16T12:20:57.939321
pay_02605,cust_0694,499,wallet,success,,1,2026-08-12T11:18:57.939325
pay_02606,cust_0911,1999,wallet,failed,insufficient_funds,1,2026-08-02T20:21:57.939330
pay_02607,cust_0680,9999,netbanking,success,,2,2026-07-31T04:02:57.939334
pay_02608,cust_1087,1999,card,success,,1,2026-08-22T06:26:57.939338
pay_02609,cust_0078,299,wallet,failed,insufficient_funds,1,2026-08-21T07:39:57.939343
pay_02610,cust_0065,199,netbanking,success,,2,2026-07-25T17:04:57.939348
pay_02611,cust_1327,299,upi,success,,1,2026-07-24T02:23:57.939352
pay_02612,cust_1135,4999,wallet,failed,bank_error,1,2026-08-06T10:26:57.939356
pay_02613,cust_1191,499,netbanking,success,,2,2026-07-24T07:59:57.939361
pay_02614,cust_0109,4999,wallet,success,,2,2026-08-19T04:57:57.939366
pay_02615,cust_1104,499,netbanking,success,,1,2026-07-25T11:53:57.939371
pay_02616,cust_1262,1499,card,failed,limit_exceeded,1,2026-07-24T08:29:57.939375
pay_02617,cust_0477,2499,card,failed,limit_exceeded,1,2026-08-15T03:41:57.939381
pay_02618,cust_0010,1499,wallet,success,,1,2026-08-04T02:43:57.939385
pay_02619,cust_0826,1499,upi,failed,authentication_failed,1,2026-08-03T19:52:57.939390
pay_02620,cust_0384,199,upi,success,,1,2026-08-17T09:56:57.939394
pay_02621,cust_0468,199,upi,success,,2,2026-08-03T17:17:57.939399
pay_02622,cust_0295,4999,upi,success,,1,2026-08-06T01:45:57.939404
pay_02623,cust_1463,299,upi,success,,1,2026-08-07T03:35:57.939409
pay_02624,cust_1082,499,wallet,failed,bank_error,1,2026-07-24T16:31:57.939414
pay_02625,cust_0085,9999,upi,success,,1,2026-08-11T22:00:57.939418
pay_02626,cust_0792,499,card,success,,1,2026-08-01T18:00:57.939422
pay_02627,cust_1103,199,netbanking,success,,2,2026-07-28T13:27:57.939427
pay_02628,cust_0008,499,upi,success,,1,2026-08-02T03:25:57.939438
pay_02629,cust_0064,999,card,success,,1,2026-08-14T20:17:57.939446
pay_02630,cust_0991,2499,card,success,,1,2026-07-30T22:39:57.939451
pay_02631,cust_0687,999,netbanking,success,,1,2026-08-11T05:00:57.939456
pay_02632,cust_0707,299,wallet,success,,1,2026-07-25T19:22:57.939460
pay_02633,cust_0744,1499,netbanking,success,,2,2026-08-17T04:49:57.939465
pay_02634,cust_1319,499,upi,success,,2,2026-08-18T17:33:57.939470
pay_02635,cust_1256,1999,card,success,,2,2026-07-23T22:46:57.939474
pay_02636,cust_0889,4999,netbanking,failed,timeout,1,2026-07-23T00:30:57.939479
pay_02637,cust_1307,1999,card,failed,authentication_failed,2,2026-08-03T07:54:57.939484
pay_02638,cust_0168,999,netbanking,success,,1,2026-08-17T21:44:57.939489
pay_02639,cust_1409,1499,wallet,success,,2,2026-08-17T02:07:57.939493
pay_02640,cust_0326,199,card,success,,1,2026-08-03T01:11:57.939498
pay_02641,cust_0648,1999,card,success,,1,2026-07-29T23:46:57.939502
pay_02642,cust_0699,1999,upi,success,,1,2026-07-29T12:57:57.939507
pay_02643,cust_0454,299,wallet,success,,2,2026-07-22T12:43:57.939511
pay_02644,cust_1272,2499,upi,success,,1,2026-07-28T04:02:57.939516
pay_02645,cust_0590,1999,upi,success,,1,2026-08-12T14:26:57.939520
pay_02646,cust_0094,999,wallet,failed,limit_exceeded,1,2026-08-17T23:09:57.939525
pay_02647,cust_0549,199,card,success,,1,2026-07-27T03:31:57.939529
pay_02648,cust_1035,499,netbanking,success,,2,2026-08-02T05:22:57.939534
pay_02649,cust_0253,499,wallet,success,,1,2026-08-21T01:25:57.939538
pay_02650,cust_1243,2499,netbanking,success,,1,2026-08-12T01:07:57.939542
pay_02651,cust_1009,2499,upi,failed,authentication_failed,3,2026-07-30T20:20:57.939547
pay_02652,cust_1385,299,upi,success,,1,2026-08-20T01:02:57.939552
pay_02653,cust_0778,199,wallet,success,,1,2026-08-06T23:47:57.939556
pay_02654,cust_1364,499,card,success,,3,2026-08-12T02:35:57.939562
pay_02655,cust_0511,1499,netbanking,failed,insufficient_funds,2,2026-07-31T21:16:57.939567
pay_02656,cust_0272,4999,card,failed,bank_error,1,2026-08-20T07:16:57.939571
pay_02657,cust_0512,1999,upi,success,,1,2026-08-07T18:47:57.939576
pay_02658,cust_0808,499,netbanking,success,,1,2026-08-04T14:13:57.939580
pay_02659,cust_1185,4999,card,success,,1,2026-07-30T09:59:57.939586
pay_02660,cust_0762,999,card,success,,1,2026-07-24T18:49:57.939591
pay_02661,cust_0170,499,wallet,failed,authentication_failed,3,2026-07-30T01:01:57.939595
pay_02662,cust_0526,2499,netbanking,failed,limit_exceeded,1,2026-08-02T17:35:57.939600
pay_02663,cust_0439,499,card,failed,timeout,1,2026-07-27T16:25:57.939605
pay_02664,cust_0582,1999,card,success,,1,2026-07-29T07:58:57.939609
pay_02665,cust_0054,1999,upi,success,,1,2026-08-05T14:55:57.939614
pay_02666,cust_0114,499,card,failed,insufficient_funds,1,2026-07-22T11:24:57.939618
pay_02667,cust_1269,9999,netbanking,success,,2,2026-08-05T17:39:57.939623
pay_02668,cust_0524,2499,wallet,failed,limit_exceeded,1,2026-08-02T11:17:57.939627
pay_02669,cust_1469,4999,upi,success,,1,2026-07-22T15:37:57.939632
pay_02670,cust_1352,1499,card,success,,1,2026-07-24T15:51:57.939636
pay_02671,cust_1263,4999,card,success,,3,2026-08-19T23:43:57.939640
pay_02672,cust_0925,2499,upi,success,,1,2026-08-16T04:04:57.939645
pay_02673,cust_1041,4999,upi,success,,1,2026-08-12T14:58:57.939650
pay_02674,cust_0783,2499,netbanking,success,,2,2026-08-22T02:28:57.939655
pay_02675,cust_0092,299,upi,failed,bank_error,1,2026-08-12T15:56:57.939660
pay_02676,cust_1012,4999,upi,failed,timeout,2,2026-08-10T10:52:57.939665
pay_02677,cust_0028,499,wallet,success,,1,2026-08-11T19:05:57.939670
pay_02678,cust_0186,299,wallet,failed,insufficient_funds,1,2026-07-31T15:59:57.939674
pay_02679,cust_0277,999,upi,success,,1,2026-08-13T22:17:57.939678
pay_02680,cust_1023,499,wallet,success,,1,2026-07-22T19:03:57.939683
pay_02681,cust_0498,1499,card,failed,insufficient_funds,2,2026-08-16T23:01:57.939689
pay_02682,cust_1432,4999,wallet,failed,bank_error,1,2026-08-12T17:51:57.939693
pay_02683,cust_1003,1999,netbanking,success,,1,2026-08-03T17:36:57.939698
pay_02684,cust_1112,2499,netbanking,success,,3,2026-08-18T22:03:57.939702
pay_02685,cust_1037,999,wallet,success,,1,2026-08-20T09:01:57.939706
pay_02686,cust_0919,2499,netbanking,failed,timeout,1,2026-08-06T01:50:57.939711
pay_02687,cust_0863,199,netbanking,failed,limit_exceeded,1,2026-08-04T16:22:57.939716
pay_02688,cust_0195,999,wallet,success,,1,2026-08-03T04:23:57.939721
pay_02689,cust_1472,199,card,success,,2,2026-07-25T21:04:57.939725
pay_02690,cust_0529,299,wallet,failed,authentication_failed,1,2026-07-26T11:25:57.939730
pay_02691,cust_1402,499,wallet,success,,1,2026-08-08T06:29:57.939735
pay_02692,cust_0162,499,wallet,success,,2,2026-08-20T02:19:57.939739
pay_02693,cust_0910,499,upi,success,,1,2026-08-09T14:04:57.939745
pay_02694,cust_0696,199,netbanking,success,,2,2026-08-12T02:00:57.939749
pay_02695,cust_0849,9999,netbanking,success,,1,2026-08-12T11:52:57.939754
pay_02696,cust_0268,1499,card,success,,1,2026-08-17T00:29:57.939758
pay_02697,cust_0023,1499,wallet,success,,1,2026-08-10T11:07:57.939763
pay_02698,cust_0815,299,wallet,success,,1,2026-07-25T06:39:57.939768
pay_02699,cust_1168,2499,netbanking,success,,1,2026-07-22T20:18:57.939772
pay_02700,cust_1487,199,card,success,,1,2026-08-08T08:16:57.939777
pay_02701,cust_0725,4999,wallet,success,,1,2026-08-20T19:26:57.939781
pay_02702,cust_0040,2499,upi,success,,1,2026-08-14T19:40:57.939787
pay_02703,cust_0293,299,wallet,success,,1,2026-08-18T14:28:57.939791
pay_02704,cust_1219,299,netbanking,success,,1,2026-08-14T07:10:57.939796
pay_02705,cust_0468,9999,upi,failed,limit_exceeded,1,2026-08-19T06:46:57.939801
pay_02706,cust_0110,999,wallet,success,,1,2026-08-03T22:29:57.939805
pay_02707,cust_0034,4999,wallet,success,,1,2026-07-28T15:22:57.939810
pay_02708,cust_0872,499,netbanking,success,,1,2026-07-23T00:56:57.939815
pay_02709,cust_1253,4999,upi,success,,1,2026-07-27T07:03:57.939819
pay_02710,cust_1495,299,wallet,failed,bank_error,1,2026-07-29T04:44:57.939824
pay_02711,cust_0586,1499,card,success,,1,2026-08-21T16:43:57.939829
pay_02712,cust_0096,9999,wallet,success,,1,2026-08-13T02:12:57.939834
pay_02713,cust_1219,199,netbanking,success,,3,2026-08-17T10:10:57.939839
pay_02714,cust_0360,4999,wallet,success,,2,2026-08-20T04:09:57.939843
pay_02715,cust_1066,1499,card,success,,1,2026-08-02T00:47:57.939848
pay_02716,cust_1071,4999,upi,success,,3,2026-07-30T06:04:57.939853
pay_02717,cust_0786,4999,card,success,,1,2026-07-27T05:14:57.939857
pay_02718,cust_0200,9999,card,success,,1,2026-07-23T08:42:57.939862
pay_02719,cust_0900,999,upi,success,,2,2026-08-06T18:50:57.939867
pay_02720,cust_1404,1499,card,success,,1,2026-07-28T09:45:57.939871
pay_02721,cust_0669,1499,upi,failed,timeout,1,2026-08-10T21:09:57.939876
pay_02722,cust_0928,1999,card,failed,insufficient_funds,1,2026-07-24T18:37:57.939881
pay_02723,cust_0775,199,netbanking,success,,1,2026-08-15T00:50:57.939887
pay_02724,cust_1417,1499,card,success,,1,2026-08-13T22:45:57.939891
pay_02725,cust_1497,2499,upi,success,,1,2026-07-31T13:30:57.939896
pay_02726,cust_0537,4999,netbanking,success,,1,2026-08-18T22:18:57.939902
pay_02727,cust_1065,199,upi,success,,1,2026-08-13T21:01:57.939906
pay_02728,cust_0179,4999,upi,success,,1,2026-08-04T10:01:57.939911
pay_02729,cust_0662,1999,wallet,success,,1,2026-07-25T23:43:57.939916
pay_02730,cust_0613,4999,wallet,success,,1,2026-07-26T14:54:57.939920
pay_02731,cust_0679,9999,wallet,success,,1,2026-08-03T00:43:57.939925
pay_02732,cust_0425,4999,card,success,,1,2026-08-16T13:52:57.939930
pay_02733,cust_0554,1999,card,success,,1,2026-08-16T03:53:57.939934
pay_02734,cust_0799,199,upi,success,,1,2026-07-22T17:47:57.939939
pay_02735,cust_1291,1999,upi,failed,authentication_failed,1,2026-07-25T00:19:57.939943
pay_02736,cust_1451,999,wallet,failed,limit_exceeded,2,2026-08-06T11:29:57.939948
pay_02737,cust_0142,2499,netbanking,failed,authentication_failed,1,2026-08-05T08:19:57.939952
pay_02738,cust_0951,2499,upi,failed,network_error,1,2026-08-02T22:56:57.939957
pay_02739,cust_1458,2499,card,success,,1,2026-08-21T08:59:57.939961
pay_02740,cust_1278,4999,wallet,failed,authentication_failed,1,2026-07-29T14:47:57.939966
pay_02741,cust_0055,9999,card,success,,1,2026-08-13T10:06:57.939971
pay_02742,cust_1240,199,wallet,success,,1,2026-07-24T01:48:57.939976
pay_02743,cust_0985,299,upi,success,,1,2026-07-31T13:34:57.939981
pay_02744,cust_0654,1999,upi,success,,1,2026-07-23T05:46:57.939986
pay_02745,cust_0819,199,upi,success,,1,2026-08-19T07:10:57.939991
pay_02746,cust_0857,2499,netbanking,success,,3,2026-08-11T02:25:57.939996
pay_02747,cust_1132,999,card,success,,1,2026-08-05T22:15:57.940000
pay_02748,cust_0638,1499,netbanking,success,,1,2026-07-29T13:56:57.940005
pay_02749,cust_0310,4999,upi,success,,1,2026-08-11T16:50:57.940009
pay_02750,cust_1031,2499,upi,failed,timeout,1,2026-07-24T08:47:57.940014
pay_02751,cust_0752,299,upi,success,,1,2026-07-24T04:33:57.940019
pay_02752,cust_0225,1999,card,failed,network_error,2,2026-07-23T07:41:57.940024
pay_02753,cust_0686,199,upi,success,,1,2026-07-25T18:52:57.940029
pay_02754,cust_0536,199,upi,success,,1,2026-08-21T14:14:57.940034
pay_02755,cust_0688,1999,card,failed,timeout,2,2026-07-25T00:09:57.940039
pay_02756,cust_1193,4999,wallet,success,,1,2026-07-29T13:38:57.940044
pay_02757,cust_0302,299,card,success,,2,2026-08-19T12:59:57.940048
pay_02758,cust_0035,499,card,success,,1,2026-07-26T16:03:57.940053
pay_02759,cust_0345,1499,netbanking,success,,1,2026-08-21T02:34:57.940057
pay_02760,cust_0326,299,card,success,,1,2026-08-17T10:38:57.940062
pay_02761,cust_1100,999,wallet,success,,2,2026-08-03T19:30:57.940067
pay_02762,cust_1201,499,card,success,,1,2026-07-30T00:01:57.940072
pay_02763,cust_1471,199,card,success,,1,2026-07-26T10:52:57.940076
pay_02764,cust_0190,9999,upi,success,,1,2026-08-20T15:32:57.940081
pay_02765,cust_0885,499,upi,success,,1,2026-08-16T09:12:57.940086
pay_02766,cust_0755,199,card,failed,network_error,1,2026-08-01T00:07:57.940091
pay_02767,cust_1257,999,wallet,success,,2,2026-08-15T19:02:57.940096
pay_02768,cust_1235,4999,wallet,failed,insufficient_funds,1,2026-08-07T04:31:57.940101
pay_02769,cust_1220,4999,wallet,failed,insufficient_funds,1,2026-08-05T19:42:57.940105
pay_02770,cust_0603,999,wallet,success,,1,2026-08-08T10:10:57.940110
pay_02771,cust_0332,9999,card,success,,2,2026-08-17T20:19:57.940115
pay_02772,cust_0222,4999,card,success,,1,2026-08-19T03:18:57.940120
pay_02773,cust_1322,1499,upi,failed,authentication_failed,2,2026-08-09T23:09:57.940125
pay_02774,cust_0290,9999,netbanking,success,,1,2026-07-29T17:39:57.940129
pay_02775,cust_1484,499,netbanking,success,,2,2026-07-31T05:57:57.940134
pay_02776,cust_0200,199,upi,failed,timeout,1,2026-07-24T09:05:57.940139
pay_02777,cust_0398,999,card,success,,3,2026-08-14T07:10:57.940144
pay_02778,cust_1425,199,card,success,,3,2026-08-14T05:48:57.940149
pay_02779,cust_1030,299,netbanking,success,,1,2026-08-17T00:06:57.940153
pay_02780,cust_0567,1999,card,failed,authentication_failed,1,2026-08-20T06:09:57.940158
pay_02781,cust_0005,9999,netbanking,success,,1,2026-07-29T07:56:57.940162
pay_02782,cust_0981,199,card,failed,limit_exceeded,1,2026-07-22T11:31:57.940167
pay_02783,cust_1152,1499,netbanking,failed,insufficient_funds,3,2026-08-03T11:51:57.940172
pay_02784,cust_0650,2499,netbanking,success,,2,2026-08-04T22:35:57.940177
pay_02785,cust_1306,1499,upi,success,,1,2026-07-26T03:44:57.940181
pay_02786,cust_1372,999,card,failed,bank_error,1,2026-08-02T00:25:57.940186
pay_02787,cust_0309,499,upi,failed,authentication_failed,1,2026-08-02T11:30:57.940191
pay_02788,cust_0873,9999,netbanking,success,,1,2026-08-11T19:16:57.940196
pay_02789,cust_0723,2499,upi,success,,1,2026-08-17T12:55:57.940200
pay_02790,cust_0829,1499,netbanking,success,,1,2026-08-14T21:42:57.940206
pay_02791,cust_0834,4999,wallet,success,,1,2026-07-24T13:19:57.940210
pay_02792,cust_1411,4999,netbanking,failed,timeout,1,2026-08-09T11:56:57.940215
pay_02793,cust_0416,1999,upi,failed,bank_error,1,2026-08-22T08:54:57.940220
pay_02794,cust_0443,499,upi,success,,1,2026-08-22T08:01:57.940224
pay_02795,cust_0937,1999,card,failed,authentication_failed,1,2026-08-14T22:39:57.940229
pay_02796,cust_0550,499,wallet,failed,bank_error,1,2026-07-25T14:37:57.940234
pay_02797,cust_1308,199,wallet,failed,authentication_failed,1,2026-08-15T22:13:57.940239
pay_02798,cust_1003,9999,netbanking,success,,1,2026-08-20T00:20:57.940243
pay_02799,cust_0897,299,upi,success,,1,2026-08-07T11:15:57.940248
pay_02800,cust_0391,299,wallet,success,,1,2026-08-16T06:41:57.940252
pay_02801,cust_1443,999,netbanking,success,,1,2026-08-18T16:34:57.940256
pay_02802,cust_0428,9999,wallet,failed,authentication_failed,1,2026-08-21T02:21:57.940261
pay_02803,cust_1228,999,netbanking,failed,bank_error,1,2026-08-05T04:54:57.940266
pay_02804,cust_0100,2499,wallet,success,,1,2026-07-26T21:09:57.940270
pay_02805,cust_0510,199,netbanking,success,,1,2026-07-25T04:27:57.940275
pay_02806,cust_0082,4999,upi,failed,authentication_failed,1,2026-08-11T02:01:57.940280
pay_02807,cust_1033,1999,upi,success,,2,2026-08-07T12:52:57.940284
pay_02808,cust_0863,1999,card,success,,1,2026-08-17T10:58:57.940290
pay_02809,cust_0879,299,upi,success,,1,2026-07-26T18:45:57.940295
pay_02810,cust_1117,299,wallet,failed,timeout,1,2026-08-17T07:18:57.940301
pay_02811,cust_0805,199,upi,failed,limit_exceeded,1,2026-08-15T08:40:57.940305
pay_02812,cust_0896,4999,upi,success,,2,2026-08-08T14:38:57.940310
pay_02813,cust_1273,499,card,success,,1,2026-08-01T18:03:57.940314
pay_02814,cust_0405,199,card,success,,1,2026-08-04T03:50:57.940319
pay_02815,cust_0722,299,card,success,,1,2026-08-03T02:10:57.940324
pay_02816,cust_0501,1999,wallet,failed,insufficient_funds,1,2026-08-05T01:57:57.940328
pay_02817,cust_1372,199,wallet,success,,1,2026-08-17T01:27:57.940333
pay_02818,cust_0256,2499,wallet,failed,insufficient_funds,2,2026-08-06T07:32:57.940337
pay_02819,cust_1480,2499,upi,success,,1,2026-07-31T13:02:57.940342
pay_02820,cust_0254,1999,netbanking,success,,1,2026-07-28T00:59:57.940346
pay_02821,cust_0525,1999,netbanking,failed,insufficient_funds,2,2026-08-15T17:10:57.940351
pay_02822,cust_0009,999,wallet,success,,1,2026-08-17T08:37:57.940356
pay_02823,cust_1323,299,upi,success,,1,2026-07-27T20:53:57.940360
pay_02824,cust_0538,199,upi,failed,timeout,1,2026-07-26T14:34:57.940365
pay_02825,cust_0966,9999,card,success,,2,2026-08-15T15:35:57.940369
pay_02826,cust_0466,1999,netbanking,success,,1,2026-08-22T01:08:57.940374
pay_02827,cust_0081,1999,card,success,,2,2026-07-31T13:39:57.940379
pay_02828,cust_0121,9999,netbanking,success,,1,2026-08-15T12:50:57.940384
pay_02829,cust_1219,9999,netbanking,failed,insufficient_funds,1,2026-08-04T07:09:57.940390
pay_02830,cust_1029,9999,wallet,failed,network_error,1,2026-08-03T10:05:57.940395
pay_02831,cust_0451,1499,upi,success,,1,2026-07-25T17:04:57.940399
pay_02832,cust_1284,4999,card,success,,1,2026-08-04T23:37:57.940404
pay_02833,cust_0002,1499,card,failed,bank_error,1,2026-08-08T05:50:57.940409
pay_02834,cust_0589,1499,wallet,success,,1,2026-07-28T19:19:57.940413
pay_02835,cust_0433,4999,wallet,success,,1,2026-07-22T18:48:57.940418
pay_02836,cust_0874,299,netbanking,failed,limit_exceeded,2,2026-07-27T23:41:57.940422
pay_02837,cust_0180,999,upi,failed,insufficient_funds,1,2026-08-21T00:31:57.940427
pay_02838,cust_0052,999,wallet,success,,1,2026-08-08T10:30:57.940431
pay_02839,cust_0948,1999,wallet,success,,1,2026-07-26T20:31:57.940436
pay_02840,cust_0284,2499,upi,success,,1,2026-07-30T13:29:57.940440
pay_02841,cust_0208,199,wallet,success,,2,2026-08-15T23:46:57.940445
pay_02842,cust_0763,999,upi,success,,1,2026-08-18T17:56:57.940449
pay_02843,cust_1388,499,wallet,success,,1,2026-08-09T16:29:57.940453
pay_02844,cust_0187,1499,wallet,success,,1,2026-08-19T15:30:57.940458
pay_02845,cust_0397,4999,wallet,success,,2,2026-08-16T05:47:57.940463
pay_02846,cust_1427,9999,wallet,failed,authentication_failed,1,2026-08-22T07:56:57.940467
pay_02847,cust_0815,299,netbanking,success,,1,2026-07-23T15:48:57.940472
pay_02848,cust_0974,999,wallet,failed,network_error,1,2026-08-19T16:09:57.940477
pay_02849,cust_0812,199,netbanking,success,,2,2026-08-19T05:52:57.940482
pay_02850,cust_1475,499,wallet,success,,2,2026-08-02T04:13:57.940487
pay_02851,cust_1071,199,upi,failed,authentication_failed,1,2026-08-01T09:00:57.940493
pay_02852,cust_0606,999,card,success,,3,2026-07-30T12:15:57.940498
pay_02853,cust_1041,9999,wallet,failed,insufficient_funds,1,2026-07-31T00:02:57.940502
pay_02854,cust_0727,4999,card,failed,insufficient_funds,1,2026-08-19T18:39:57.940507
pay_02855,cust_0281,199,wallet,success,,1,2026-07-30T05:30:57.940512
pay_02856,cust_1468,1499,wallet,success,,1,2026-08-05T14:40:57.940517
pay_02857,cust_0503,499,wallet,success,,1,2026-08-01T02:49:57.940521
pay_02858,cust_0031,9999,netbanking,success,,1,2026-07-25T05:31:57.940526
pay_02859,cust_0054,299,upi,success,,1,2026-08-10T22:26:57.940531
pay_02860,cust_1454,1999,wallet,success,,1,2026-07-25T20:54:57.940536
pay_02861,cust_1347,999,netbanking,success,,3,2026-07-28T21:57:57.940540
pay_02862,cust_0613,2499,netbanking,failed,timeout,1,2026-08-05T23:37:57.940545
pay_02863,cust_0820,499,netbanking,success,,1,2026-08-04T04:54:57.940550
pay_02864,cust_0861,9999,upi,failed,bank_error,3,2026-08-02T06:05:57.940554
pay_02865,cust_0171,1999,upi,success,,1,2026-08-09T04:56:57.940559
pay_02866,cust_1332,199,card,success,,1,2026-08-03T05:28:57.940564
pay_02867,cust_0826,2499,wallet,success,,1,2026-08-07T04:05:57.940568
pay_02868,cust_0014,9999,upi,success,,3,2026-08-09T17:05:57.940575
pay_02869,cust_1325,999,netbanking,failed,insufficient_funds,2,2026-08-11T08:06:57.940580
pay_02870,cust_1390,9999,netbanking,failed,limit_exceeded,2,2026-07-31T20:58:57.940585
pay_02871,cust_1132,499,upi,failed,timeout,1,2026-08-19T13:48:57.940589
pay_02872,cust_0596,9999,card,success,,2,2026-07-25T14:40:57.940595
pay_02873,cust_1147,299,wallet,failed,authentication_failed,2,2026-08-05T08:25:57.940600
pay_02874,cust_0512,999,netbanking,failed,network_error,1,2026-08-19T19:45:57.940605
pay_02875,cust_1130,999,card,success,,1,2026-07-30T00:33:57.940609
pay_02876,cust_0322,299,upi,success,,1,2026-07-24T17:24:57.940614
pay_02877,cust_0082,4999,card,success,,1,2026-07-27T01:43:57.940618
pay_02878,cust_0848,1999,upi,failed,bank_error,1,2026-08-17T17:10:57.940624
pay_02879,cust_1071,1499,upi,success,,1,2026-08-10T21:07:57.940629
pay_02880,cust_0064,4999,card,success,,1,2026-08-06T02:02:57.940634
pay_02881,cust_1379,1499,card,success,,1,2026-08-08T09:26:57.940638
pay_02882,cust_0532,299,netbanking,success,,1,2026-07-26T17:03:57.940643
pay_02883,cust_0922,9999,netbanking,success,,1,2026-08-17T20:41:57.940648
pay_02884,cust_0340,299,upi,failed,insufficient_funds,1,2026-08-21T00:09:57.940652
pay_02885,cust_0949,299,wallet,failed,limit_exceeded,2,2026-08-02T14:17:57.940657
pay_02886,cust_1496,4999,wallet,success,,1,2026-08-09T14:48:57.940662
pay_02887,cust_0199,199,wallet,success,,1,2026-08-05T21:01:57.940667
pay_02888,cust_0122,9999,wallet,success,,1,2026-08-11T10:22:57.940676
pay_02889,cust_1017,999,upi,success,,1,2026-07-24T04:20:57.940688
pay_02890,cust_0324,9999,card,success,,3,2026-08-20T06:17:57.940693
pay_02891,cust_0176,299,card,failed,insufficient_funds,1,2026-08-14T06:55:57.940698
pay_02892,cust_0716,9999,netbanking,success,,2,2026-08-11T16:10:57.940702
pay_02893,cust_0011,499,upi,success,,2,2026-08-18T10:52:57.940712
pay_02894,cust_0832,999,card,failed,limit_exceeded,1,2026-08-22T08:49:57.940717
pay_02895,cust_1215,499,card,success,,1,2026-08-02T08:53:57.940721
pay_02896,cust_0962,4999,wallet,success,,1,2026-07-30T01:35:57.940726
pay_02897,cust_0130,199,netbanking,success,,2,2026-08-18T03:38:57.940731
pay_02898,cust_0043,1999,netbanking,success,,2,2026-08-06T03:05:57.940735
pay_02899,cust_0489,2499,upi,success,,1,2026-08-21T22:26:57.940740
pay_02900,cust_0352,4999,upi,success,,1,2026-08-19T03:23:57.940744
pay_02901,cust_0738,1499,netbanking,success,,1,2026-08-18T12:28:57.940749
pay_02902,cust_1472,1499,upi,success,,1,2026-08-02T11:32:57.940754
pay_02903,cust_0452,999,wallet,failed,authentication_failed,2,2026-08-14T21:35:57.940759
pay_02904,cust_1290,999,card,success,,1,2026-08-11T08:35:57.940763
pay_02905,cust_1417,199,upi,failed,network_error,1,2026-07-29T12:19:57.940768
pay_02906,cust_0778,1999,upi,failed,timeout,2,2026-07-25T01:02:57.940773
pay_02907,cust_1425,2499,upi,success,,2,2026-07-22T19:27:57.940778
pay_02908,cust_0881,1999,netbanking,success,,3,2026-08-01T15:38:57.940783
pay_02909,cust_0837,299,card,failed,authentication_failed,2,2026-08-21T20:10:57.940787
pay_02910,cust_1162,1499,card,success,,1,2026-08-16T06:04:57.940792
pay_02911,cust_0046,1999,card,success,,1,2026-08-20T09:57:57.940797
pay_02912,cust_0128,4999,card,failed,timeout,3,2026-08-22T05:41:57.940801
pay_02913,cust_0621,1999,card,success,,1,2026-08-14T15:39:57.940806
pay_02914,cust_0690,1999,netbanking,success,,1,2026-08-02T15:53:57.940811
pay_02915,cust_0945,999,card,failed,limit_exceeded,1,2026-07-28T18:40:57.940816
pay_02916,cust_0471,499,wallet,success,,1,2026-08-17T05:12:57.940820
pay_02917,cust_0923,2499,wallet,failed,authentication_failed,1,2026-08-19T16:20:57.940825
pay_02918,cust_0198,9999,upi,failed,limit_exceeded,1,2026-08-01T21:17:57.940830
pay_02919,cust_0577,299,upi,failed,timeout,1,2026-07-25T10:56:57.940834
pay_02920,cust_0462,199,card,success,,1,2026-08-02T15:01:57.940839
pay_02921,cust_0210,1999,card,success,,1,2026-07-26T09:00:57.940843
pay_02922,cust_0858,199,card,success,,1,2026-08-06T00:02:57.940848
pay_02923,cust_1146,2499,netbanking,failed,authentication_failed,1,2026-08-03T03:36:57.940853
pay_02924,cust_0786,2499,upi,success,,1,2026-08-10T20:40:57.940858
pay_02925,cust_0308,999,card,success,,3,2026-08-20T04:53:57.940862
pay_02926,cust_1012,199,netbanking,success,,1,2026-08-07T03:19:57.940866
pay_02927,cust_0699,999,wallet,failed,insufficient_funds,1,2026-07-27T10:59:57.940873
pay_02928,cust_1459,1499,upi,success,,1,2026-07-29T18:46:57.940877
pay_02929,cust_0601,1999,card,success,,2,2026-08-02T05:44:57.940882
pay_02930,cust_0920,299,wallet,success,,1,2026-07-30T05:52:57.940887
pay_02931,cust_1366,1999,card,failed,timeout,2,2026-08-02T12:02:57.940892
pay_02932,cust_1062,499,netbanking,success,,1,2026-08-06T01:50:57.940897
pay_02933,cust_1178,499,wallet,failed,limit_exceeded,2,2026-08-01T14:45:57.940901
pay_02934,cust_0725,4999,upi,success,,1,2026-07-22T18:18:57.940906
pay_02935,cust_0328,1499,upi,failed,timeout,1,2026-08-17T22:18:57.940910
pay_02936,cust_1199,2499,card,success,,1,2026-08-15T03:18:57.940916
pay_02937,cust_0784,2499,wallet,success,,1,2026-07-22T17:40:57.940920
pay_02938,cust_1484,4999,card,success,,1,2026-08-14T21:29:57.940925
pay_02939,cust_0899,999,card,failed,authentication_failed,1,2026-07-28T18:39:57.940930
pay_02940,cust_1195,1499,upi,success,,2,2026-08-10T19:36:57.940934
pay_02941,cust_0907,199,wallet,failed,authentication_failed,2,2026-08-06T21:28:57.940939
pay_02942,cust_0285,9999,upi,success,,1,2026-08-08T18:02:57.940944
pay_02943,cust_1246,999,wallet,failed,timeout,1,2026-08-12T14:34:57.940948
pay_02944,cust_0320,1999,wallet,success,,1,2026-08-02T20:27:57.940953
pay_02945,cust_0081,299,netbanking,success,,2,2026-08-21T14:17:57.940957
pay_02946,cust_1082,499,card,success,,2,2026-07-23T14:57:57.940962
pay_02947,cust_1201,9999,netbanking,success,,1,2026-07-30T10:58:57.940967
pay_02948,cust_0717,4999,upi,success,,2,2026-07-28T01:07:57.940972
pay_02949,cust_0613,499,netbanking,success,,1,2026-08-18T18:19:57.940976
pay_02950,cust_1184,1499,card,failed,timeout,1,2026-07-26T02:48:57.940981
pay_02951,cust_1023,9999,wallet,success,,2,2026-08-01T17:09:57.940986
pay_02952,cust_0545,1999,netbanking,success,,1,2026-08-18T21:38:57.940990
pay_02953,cust_0079,2499,wallet,failed,authentication_failed,2,2026-08-22T02:15:57.940995
pay_02954,cust_1143,299,card,success,,1,2026-08-09T15:37:57.941000
pay_02955,cust_0831,2499,netbanking,failed,authentication_failed,1,2026-07-31T19:54:57.941004
pay_02956,cust_0235,1999,upi,failed,authentication_failed,1,2026-07-31T21:36:57.941009
pay_02957,cust_1431,999,upi,success,,1,2026-08-22T04:52:57.941015
pay_02958,cust_0409,2499,wallet,success,,3,2026-07-27T19:45:57.941019
pay_02959,cust_1255,9999,upi,success,,1,2026-08-13T09:50:57.941024
pay_02960,cust_1161,1999,wallet,success,,2,2026-08-06T02:32:57.941028
pay_02961,cust_0477,2499,netbanking,failed,bank_error,1,2026-08-04T11:52:57.941034
pay_02962,cust_0187,2499,upi,failed,insufficient_funds,1,2026-08-06T16:54:57.941038
pay_02963,cust_1221,499,upi,success,,1,2026-07-28T00:36:57.941043
pay_02964,cust_0597,999,card,success,,2,2026-08-12T15:26:57.941047
pay_02965,cust_0467,1999,netbanking,success,,1,2026-07-26T15:17:57.941052
pay_02966,cust_0382,4999,card,success,,2,2026-07-22T13:31:57.941058
pay_02967,cust_0929,1999,card,success,,2,2026-08-10T17:24:57.941062
pay_02968,cust_0008,4999,upi,success,,1,2026-08-17T05:05:57.941067
pay_02969,cust_0073,499,wallet,failed,authentication_failed,1,2026-08-11T20:40:57.941072
pay_02970,cust_0110,4999,wallet,success,,1,2026-08-15T15:27:57.941076
pay_02971,cust_0495,299,netbanking,failed,authentication_failed,1,2026-08-18T06:06:57.941080
pay_02972,cust_1074,499,upi,success,,1,2026-08-07T17:45:57.941085
pay_02973,cust_0513,2499,netbanking,failed,limit_exceeded,2,2026-08-03T08:42:57.941090
pay_02974,cust_0576,2499,wallet,success,,1,2026-08-22T07:06:57.941094
pay_02975,cust_1268,999,card,failed,limit_exceeded,1,2026-07-25T17:44:57.941099
pay_02976,cust_1048,4999,wallet,failed,bank_error,1,2026-08-17T05:14:57.941104
pay_02977,cust_0197,9999,wallet,failed,authentication_failed,1,2026-07-25T05:00:57.941108
pay_02978,cust_0324,9999,upi,success,,1,2026-08-21T11:10:57.941115
pay_02979,cust_0315,4999,netbanking,success,,2,2026-08-15T19:40:57.941119
pay_02980,cust_0637,1999,card,success,,1,2026-08-21T20:12:57.941125
pay_02981,cust_1442,1999,card,failed,bank_error,2,2026-08-05T18:15:57.941129
pay_02982,cust_1153,2499,card,failed,timeout,1,2026-08-05T16:40:57.941134
pay_02983,cust_1236,9999,wallet,failed,bank_error,1,2026-08-21T22:42:57.941139
pay_02984,cust_0462,499,wallet,success,,1,2026-08-05T03:54:57.941143
pay_02985,cust_1237,1999,card,success,,1,2026-08-12T05:54:57.941149
pay_02986,cust_0638,499,netbanking,success,,3,2026-08-12T21:24:57.941154
pay_02987,cust_0725,1499,upi,success,,1,2026-07-22T13:36:57.941158
pay_02988,cust_1036,1999,upi,failed,network_error,1,2026-07-25T05:07:57.941163
pay_02989,cust_1235,1999,wallet,success,,2,2026-08-07T18:54:57.941167
pay_02990,cust_1444,199,card,success,,1,2026-07-29T04:17:57.941172
pay_02991,cust_0123,9999,netbanking,failed,authentication_failed,1,2026-07-28T21:55:57.941176
pay_02992,cust_1439,299,netbanking,failed,timeout,2,2026-08-12T06:32:57.941181
pay_02993,cust_1203,2499,netbanking,failed,network_error,1,2026-07-31T06:38:57.941186
pay_02994,cust_0738,1999,card,success,,1,2026-08-02T00:09:57.941191
pay_02995,cust_1373,199,netbanking,success,,1,2026-08-09T15:11:57.941195
pay_02996,cust_0622,499,netbanking,success,,1,2026-08-04T19:02:57.941200
pay_02997,cust_0007,2499,wallet,success,,1,2026-08-09T09:52:57.941204
pay_02998,cust_0970,4999,card,success,,3,2026-07-23T16:55:57.941209
pay_02999,cust_0479,1499,card,success,,1,2026-08-13T12:03:57.941215
pay_03000,cust_1409,999,netbanking,failed,network_error,1,2026-08-14T11:08:57.941220
pay_03001,cust_1386,999,netbanking,success,,2,2026-08-07T09:27:57.941224
pay_03002,cust_0804,9999,wallet,success,,1,2026-08-08T03:05:57.941228
pay_03003,cust_1440,4999,card,failed,bank_error,2,2026-07-31T17:20:57.941233
pay_03004,cust_0158,999,wallet,failed,insufficient_funds,2,2026-08-08T13:29:57.941238
pay_03005,cust_0832,4999,wallet,success,,1,2026-08-22T00:12:57.941244
pay_03006,cust_0047,499,netbanking,failed,authentication_failed,1,2026-08-21T12:29:57.941248
pay_03007,cust_0853,199,upi,success,,1,2026-07-26T05:53:57.941253
pay_03008,cust_0409,4999,upi,failed,bank_error,1,2026-08-12T16:22:57.941313
pay_03009,cust_0136,9999,card,success,,1,2026-08-18T16:49:57.941321
pay_03010,cust_0792,499,netbanking,success,,2,2026-08-10T04:51:57.941326
pay_03011,cust_0047,2499,card,success,,2,2026-08-04T04:45:57.941330
pay_03012,cust_0426,9999,card,failed,network_error,2,2026-08-02T05:28:57.941335
pay_03013,cust_1399,199,card,failed,timeout,1,2026-08-04T02:58:57.941340
pay_03014,cust_0695,999,card,failed,network_error,1,2026-08-02T20:45:57.941345
pay_03015,cust_1304,9999,netbanking,success,,1,2026-07-28T03:34:57.941350
pay_03016,cust_0875,199,wallet,failed,bank_error,1,2026-08-04T01:53:57.941355
pay_03017,cust_0547,2499,upi,success,,1,2026-07-30T05:09:57.941359
pay_03018,cust_0561,1999,card,failed,authentication_failed,2,2026-07-30T14:04:57.941364
pay_03019,cust_0912,299,netbanking,success,,1,2026-07-27T12:47:57.941368
pay_03020,cust_0944,999,upi,success,,3,2026-08-12T01:40:57.941373
pay_03021,cust_0342,2499,wallet,failed,insufficient_funds,1,2026-08-18T06:01:57.941380
pay_03022,cust_1349,2499,netbanking,success,,1,2026-08-01T16:41:57.941384
pay_03023,cust_1486,1999,card,success,,1,2026-08-13T23:25:57.941389
pay_03024,cust_1334,299,wallet,success,,1,2026-07-24T18:34:57.941395
pay_03025,cust_0304,299,netbanking,success,,2,2026-08-21T18:26:57.941399
pay_03026,cust_0392,9999,wallet,success,,2,2026-07-27T09:29:57.941404
pay_03027,cust_1119,9999,upi,success,,1,2026-07-28T08:12:57.941408
pay_03028,cust_0961,299,card,failed,network_error,2,2026-08-02T13:49:57.941413
pay_03029,cust_0020,499,netbanking,success,,1,2026-08-10T01:43:57.941418
pay_03030,cust_1115,199,card,success,,2,2026-08-10T18:35:57.941422
pay_03031,cust_1223,1499,wallet,success,,1,2026-08-03T10:13:57.941428
pay_03032,cust_0396,1499,card,success,,1,2026-08-07T19:38:57.941432
pay_03033,cust_1075,4999,upi,success,,1,2026-08-02T12:23:57.941443
pay_03034,cust_0280,199,netbanking,failed,bank_error,1,2026-08-18T02:00:57.941448
pay_03035,cust_0492,2499,upi,success,,2,2026-08-22T06:10:57.941453
pay_03036,cust_0151,2499,upi,success,,2,2026-08-07T01:34:57.941457
pay_03037,cust_0093,4999,upi,success,,2,2026-08-04T17:23:57.941462
pay_03038,cust_0127,1499,card,success,,1,2026-08-20T06:20:57.941466
pay_03039,cust_0510,1499,netbanking,success,,1,2026-08-06T18:58:57.941471
pay_03040,cust_0907,2499,wallet,success,,2,2026-08-13T16:02:57.941476
pay_03041,cust_0071,9999,upi,failed,authentication_failed,1,2026-08-21T05:12:57.941481
pay_03042,cust_1197,299,card,success,,1,2026-07-31T06:06:57.941486
pay_03043,cust_1135,2499,netbanking,failed,network_error,2,2026-08-21T07:05:57.941491
pay_03044,cust_0765,999,netbanking,success,,1,2026-08-13T05:38:57.941497
pay_03045,cust_0465,2499,card,failed,authentication_failed,3,2026-08-13T08:10:57.941502
pay_03046,cust_0253,1999,wallet,success,,1,2026-08-04T18:11:57.941507
pay_03047,cust_0029,299,card,success,,1,2026-08-16T09:12:57.941511
pay_03048,cust_1245,1999,card,success,,1,2026-07-31T16:56:57.941516
pay_03049,cust_0605,1999,netbanking,failed,limit_exceeded,1,2026-07-31T07:51:57.941521
pay_03050,cust_1405,199,netbanking,failed,limit_exceeded,1,2026-07-30T04:35:57.941526
pay_03051,cust_0457,499,wallet,failed,timeout,1,2026-07-28T17:10:57.941531
pay_03052,cust_0958,199,netbanking,success,,1,2026-07-28T13:11:57.941536
pay_03053,cust_0104,999,netbanking,success,,1,2026-08-05T01:35:57.941540
pay_03054,cust_0581,4999,netbanking,success,,1,2026-07-29T15:01:57.941545
pay_03055,cust_0590,1499,netbanking,success,,1,2026-07-30T01:39:57.941550
pay_03056,cust_1345,9999,netbanking,failed,bank_error,1,2026-07-23T14:16:57.941555
pay_03057,cust_0203,9999,netbanking,failed,network_error,1,2026-08-01T10:11:57.941559
pay_03058,cust_0321,499,card,success,,1,2026-08-03T13:45:57.941564
pay_03059,cust_0415,199,netbanking,success,,1,2026-08-01T01:09:57.941569
pay_03060,cust_0190,499,wallet,failed,authentication_failed,1,2026-07-25T21:07:57.941573
pay_03061,cust_0996,499,card,success,,1,2026-08-06T13:15:57.941578
pay_03062,cust_0278,499,netbanking,success,,1,2026-07-26T18:30:57.941583
pay_03063,cust_0847,9999,card,success,,2,2026-08-03T00:08:57.941589
pay_03064,cust_0505,299,upi,failed,authentication_failed,1,2026-08-16T02:27:57.941595
pay_03065,cust_0982,4999,wallet,success,,2,2026-08-21T23:24:57.941599
pay_03066,cust_0240,1499,netbanking,success,,2,2026-08-09T14:21:57.941604
pay_03067,cust_1480,9999,card,success,,1,2026-08-19T01:09:57.941609
pay_03068,cust_1119,499,wallet,failed,timeout,1,2026-08-16T11:44:57.941613
pay_03069,cust_0525,199,wallet,success,,1,2026-08-12T10:06:57.941618
pay_03070,cust_0864,299,wallet,success,,1,2026-08-16T03:02:57.941622
pay_03071,cust_0860,499,upi,success,,3,2026-08-12T16:43:57.941627
pay_03072,cust_1365,199,netbanking,success,,1,2026-08-07T22:42:57.941632
pay_03073,cust_0443,1999,netbanking,success,,2,2026-08-03T16:41:57.941636
pay_03074,cust_1404,9999,upi,success,,1,2026-07-24T20:04:57.941641
pay_03075,cust_0106,4999,upi,success,,2,2026-08-09T08:34:57.941645
pay_03076,cust_0024,1999,card,failed,bank_error,1,2026-07-28T12:48:57.941650
pay_03077,cust_0446,1499,wallet,success,,1,2026-07-31T06:20:57.941655
pay_03078,cust_0636,1499,card,success,,3,2026-08-03T23:59:57.941659
pay_03079,cust_1253,9999,wallet,success,,1,2026-07-30T06:32:57.941664
pay_03080,cust_0866,199,wallet,failed,limit_exceeded,1,2026-07-27T11:14:57.941669
pay_03081,cust_1091,1499,card,success,,1,2026-08-21T17:40:57.941674
pay_03082,cust_0095,9999,card,success,,2,2026-07-23T16:11:57.941679
pay_03083,cust_0659,1499,upi,success,,1,2026-08-14T15:17:57.941685
pay_03084,cust_1005,499,upi,success,,1,2026-08-11T10:12:57.941691
pay_03085,cust_0638,199,netbanking,success,,2,2026-08-15T22:01:57.941695
pay_03086,cust_1060,1499,wallet,success,,1,2026-07-25T02:33:57.941700
pay_03087,cust_0627,4999,card,success,,1,2026-08-15T15:20:57.941704
pay_03088,cust_0359,2499,upi,failed,authentication_failed,2,2026-07-24T03:43:57.941709
pay_03089,cust_0959,1499,wallet,success,,1,2026-08-16T04:55:57.941713
pay_03090,cust_0950,299,card,failed,insufficient_funds,2,2026-08-15T12:41:57.941719
pay_03091,cust_0598,4999,netbanking,failed,insufficient_funds,3,2026-07-28T21:15:57.941723
pay_03092,cust_1237,9999,netbanking,success,,1,2026-08-10T18:03:57.941727
pay_03093,cust_0713,1999,netbanking,success,,1,2026-07-31T10:29:57.941732
pay_03094,cust_0110,9999,wallet,success,,1,2026-08-09T15:05:57.941737
pay_03095,cust_0735,299,wallet,failed,authentication_failed,1,2026-08-12T07:52:57.941741
pay_03096,cust_0988,199,wallet,success,,2,2026-08-01T09:02:57.941746
pay_03097,cust_0991,1499,card,success,,1,2026-08-21T04:45:57.941750
pay_03098,cust_0882,999,netbanking,success,,1,2026-08-14T07:26:57.941755
pay_03099,cust_1284,299,wallet,success,,2,2026-08-21T05:08:57.941759
pay_03100,cust_0993,2499,upi,success,,1,2026-08-17T05:38:57.941764
pay_03101,cust_1172,999,upi,success,,1,2026-07-31T19:18:57.941768
pay_03102,cust_0509,9999,upi,failed,bank_error,1,2026-08-13T09:55:57.941774
pay_03103,cust_1456,1499,upi,success,,1,2026-08-18T10:15:57.941778
pay_03104,cust_1393,199,upi,success,,2,2026-07-26T18:13:57.941783
pay_03105,cust_0428,4999,card,success,,1,2026-07-30T12:21:57.941788
pay_03106,cust_0938,4999,upi,success,,1,2026-08-14T02:00:57.941793
pay_03107,cust_0838,299,card,failed,timeout,2,2026-07-28T02:05:57.941798
pay_03108,cust_1212,1499,upi,success,,2,2026-08-18T05:28:57.941802
pay_03109,cust_1260,2499,netbanking,success,,1,2026-08-13T13:53:57.941807
pay_03110,cust_0944,1499,card,success,,2,2026-07-30T05:53:57.941811
pay_03111,cust_0929,2499,upi,success,,1,2026-08-21T03:15:57.941816
pay_03112,cust_0876,199,wallet,failed,authentication_failed,2,2026-07-26T09:40:57.941820
pay_03113,cust_0213,299,card,success,,1,2026-08-17T04:47:57.941825
pay_03114,cust_0436,1499,upi,failed,limit_exceeded,1,2026-08-02T17:16:57.941830
pay_03115,cust_1195,299,card,success,,1,2026-08-21T18:26:57.941834
pay_03116,cust_0048,999,wallet,success,,1,2026-08-01T07:08:57.941838
pay_03117,cust_0197,499,netbanking,success,,1,2026-08-15T19:38:57.941843
pay_03118,cust_0152,299,card,failed,authentication_failed,2,2026-08-22T02:49:57.941848
pay_03119,cust_1500,499,netbanking,failed,authentication_failed,1,2026-08-08T00:04:57.941853
pay_03120,cust_0199,1999,upi,success,,2,2026-07-24T13:02:57.941857
pay_03121,cust_0615,9999,netbanking,success,,1,2026-08-16T09:02:57.941862
pay_03122,cust_0868,2499,card,success,,1,2026-07-26T06:20:57.941867
pay_03123,cust_0068,299,wallet,success,,1,2026-08-05T04:24:57.941872
pay_03124,cust_1438,499,wallet,failed,network_error,2,2026-08-07T14:30:57.941877
pay_03125,cust_1436,999,card,success,,1,2026-08-07T11:41:57.941881
pay_03126,cust_0026,2499,card,failed,timeout,1,2026-07-31T09:30:57.941886
pay_03127,cust_1452,499,wallet,success,,1,2026-08-02T09:12:57.941892
pay_03128,cust_1053,2499,wallet,success,,1,2026-08-05T22:31:57.941896
pay_03129,cust_0155,9999,upi,failed,network_error,1,2026-07-30T22:26:57.941901
pay_03130,cust_0331,499,netbanking,failed,bank_error,1,2026-07-27T12:37:57.941906
pay_03131,cust_0701,499,card,failed,timeout,1,2026-08-04T09:42:57.941911
pay_03132,cust_0236,999,wallet,failed,insufficient_funds,1,2026-07-29T02:37:57.941915
pay_03133,cust_0998,299,wallet,success,,1,2026-07-29T07:32:57.941920
pay_03134,cust_0494,499,upi,success,,2,2026-08-04T15:17:57.941926
pay_03135,cust_0540,999,wallet,success,,1,2026-08-09T11:14:57.941931
pay_03136,cust_1447,1499,card,failed,authentication_failed,1,2026-08-20T19:24:57.941935
pay_03137,cust_0347,1999,wallet,success,,1,2026-08-05T13:08:57.941940
pay_03138,cust_0721,1499,card,success,,1,2026-08-12T08:14:57.941944
pay_03139,cust_1248,199,upi,success,,1,2026-08-05T02:43:57.941949
pay_03140,cust_0056,1999,upi,success,,1,2026-08-17T10:54:57.941954
pay_03141,cust_0261,4999,upi,failed,limit_exceeded,2,2026-08-16T11:53:57.941959
pay_03142,cust_1223,499,card,success,,1,2026-08-16T19:13:57.941964
pay_03143,cust_1230,1999,wallet,success,,1,2026-07-29T19:00:57.941968
pay_03144,cust_0714,4999,upi,success,,1,2026-08-09T13:08:57.941973
pay_03145,cust_1457,199,upi,failed,bank_error,1,2026-08-22T02:18:57.941978
pay_03146,cust_0659,1999,upi,success,,1,2026-08-18T17:18:57.941982
pay_03147,cust_0288,999,card,success,,1,2026-08-11T11:07:57.941987
pay_03148,cust_0373,9999,wallet,success,,1,2026-08-01T03:02:57.941992
pay_03149,cust_0708,199,card,failed,bank_error,1,2026-08-11T00:32:57.941997
pay_03150,cust_1190,999,netbanking,success,,1,2026-08-05T01:18:57.942002
pay_03151,cust_1281,199,upi,failed,authentication_failed,1,2026-08-11T12:42:57.942006
pay_03152,cust_1385,2499,upi,failed,limit_exceeded,2,2026-08-13T16:12:57.942011
pay_03153,cust_1254,499,upi,success,,1,2026-07-25T11:10:57.942015
pay_03154,cust_1365,499,upi,success,,1,2026-07-28T23:48:57.942020
pay_03155,cust_1011,499,netbanking,success,,1,2026-08-02T06:20:57.942024
pay_03156,cust_0232,9999,netbanking,failed,timeout,3,2026-07-26T15:12:57.942029
pay_03157,cust_1448,1499,wallet,failed,bank_error,1,2026-08-01T13:39:57.942034
pay_03158,cust_0678,9999,netbanking,success,,1,2026-08-17T13:55:57.942039
pay_03159,cust_0076,199,netbanking,success,,1,2026-08-11T23:28:57.942043
pay_03160,cust_0324,4999,upi,failed,network_error,1,2026-07-26T11:58:57.942048
pay_03161,cust_0686,199,upi,failed,authentication_failed,1,2026-07-27T23:21:57.942053
pay_03162,cust_1380,4999,wallet,failed,timeout,1,2026-08-06T00:16:57.942058
pay_03163,cust_1033,4999,wallet,success,,2,2026-08-05T15:12:57.942063
pay_03164,cust_1109,1999,card,success,,1,2026-08-04T16:01:57.942067
pay_03165,cust_0418,4999,wallet,success,,3,2026-07-24T03:28:57.942072
pay_03166,cust_1288,999,wallet,failed,authentication_failed,1,2026-08-03T11:16:57.942077
pay_03167,cust_0887,499,upi,success,,1,2026-08-19T21:02:57.942081
pay_03168,cust_1221,9999,upi,failed,authentication_failed,1,2026-07-26T02:07:57.942086
pay_03169,cust_0864,499,card,success,,1,2026-08-21T11:06:57.942091
pay_03170,cust_0823,1999,card,success,,1,2026-08-18T17:49:57.942096
pay_03171,cust_1459,199,netbanking,success,,1,2026-08-09T12:24:57.942101
pay_03172,cust_1496,199,upi,failed,bank_error,1,2026-08-11T01:56:57.942106
pay_03173,cust_1200,2499,card,success,,1,2026-08-10T03:27:57.942110
pay_03174,cust_0594,299,netbanking,failed,network_error,2,2026-08-07T17:55:57.942115
pay_03175,cust_0272,9999,upi,success,,1,2026-08-10T04:43:57.942120
pay_03176,cust_1132,999,wallet,success,,1,2026-08-11T01:45:57.942124
pay_03177,cust_1410,499,card,success,,1,2026-08-07T20:38:57.942129
pay_03178,cust_0791,299,netbanking,success,,1,2026-08-16T18:45:57.942133
pay_03179,cust_0517,199,wallet,success,,2,2026-08-20T11:31:57.942137
pay_03180,cust_1458,9999,netbanking,success,,1,2026-08-15T14:31:57.942143
pay_03181,cust_1175,1499,upi,success,,1,2026-07-27T01:06:57.942147
pay_03182,cust_0736,499,card,failed,network_error,1,2026-07-29T00:46:57.942152
pay_03183,cust_0266,199,netbanking,success,,1,2026-08-02T23:15:57.942156
pay_03184,cust_0281,1499,upi,success,,2,2026-07-27T12:11:57.942162
pay_03185,cust_0194,9999,upi,success,,2,2026-08-18T00:27:57.942167
pay_03186,cust_0398,1999,card,success,,1,2026-08-07T16:31:57.942171
pay_03187,cust_1307,499,card,failed,bank_error,1,2026-07-30T05:29:57.942176
pay_03188,cust_1321,499,upi,failed,network_error,1,2026-08-06T09:08:57.942181
pay_03189,cust_0701,499,wallet,success,,2,2026-08-15T06:49:57.942185
pay_03190,cust_0302,1499,netbanking,failed,limit_exceeded,3,2026-08-10T14:42:57.942190
pay_03191,cust_0621,9999,netbanking,failed,network_error,3,2026-08-03T02:19:57.942196
pay_03192,cust_0754,1499,card,failed,authentication_failed,2,2026-08-18T00:21:57.942201
pay_03193,cust_0890,1999,upi,success,,2,2026-08-17T21:59:57.942205
pay_03194,cust_0948,999,upi,success,,1,2026-07-29T09:42:57.942209
pay_03195,cust_0924,299,card,success,,2,2026-07-26T22:20:57.942214
pay_03196,cust_0159,499,upi,failed,timeout,1,2026-08-11T06:34:57.942219
pay_03197,cust_0009,4999,netbanking,success,,1,2026-07-28T12:38:57.942223
pay_03198,cust_0993,199,netbanking,success,,1,2026-08-01T08:59:57.942228
pay_03199,cust_0345,499,card,success,,2,2026-08-02T12:24:57.942232
pay_03200,cust_0230,4999,upi,failed,timeout,1,2026-08-04T06:50:57.942238
pay_03201,cust_0816,299,netbanking,success,,2,2026-08-16T23:29:57.942243
pay_03202,cust_1207,299,netbanking,success,,1,2026-08-02T17:02:57.942247
pay_03203,cust_1397,2499,upi,failed,network_error,2,2026-08-06T15:36:57.942252
pay_03204,cust_1490,2499,wallet,success,,1,2026-08-06T03:08:57.942257
pay_03205,cust_0624,9999,wallet,success,,2,2026-08-16T08:21:57.942262
pay_03206,cust_1403,299,netbanking,success,,2,2026-08-11T05:40:57.942266
pay_03207,cust_1460,299,upi,success,,1,2026-08-21T09:00:57.942271
pay_03208,cust_1164,2499,wallet,failed,insufficient_funds,1,2026-08-07T12:32:57.942275
pay_03209,cust_1322,9999,upi,success,,2,2026-08-18T15:42:57.942280
pay_03210,cust_0246,199,card,failed,insufficient_funds,1,2026-07-24T08:33:57.942284
pay_03211,cust_0836,299,card,success,,1,2026-08-05T10:24:57.942289
pay_03212,cust_0385,1499,netbanking,success,,1,2026-08-07T03:54:57.942294
pay_03213,cust_1456,4999,card,failed,insufficient_funds,1,2026-08-14T11:57:57.942299
pay_03214,cust_0282,499,netbanking,success,,1,2026-07-24T08:45:57.942304
pay_03215,cust_0364,2499,card,failed,insufficient_funds,1,2026-08-19T23:21:57.942309
pay_03216,cust_0621,1999,upi,failed,limit_exceeded,1,2026-08-18T06:52:57.942313
pay_03217,cust_0047,299,wallet,success,,1,2026-07-29T15:10:57.942318
pay_03218,cust_0558,4999,card,success,,1,2026-07-30T14:12:57.942323
pay_03219,cust_1459,499,netbanking,failed,authentication_failed,1,2026-08-07T16:46:57.942328
pay_03220,cust_0875,499,card,success,,1,2026-08-03T01:17:57.942333
pay_03221,cust_1491,9999,netbanking,success,,1,2026-08-08T14:02:57.942337
pay_03222,cust_0625,1499,upi,success,,3,2026-08-21T20:59:57.942342
pay_03223,cust_0687,1999,upi,failed,bank_error,1,2026-08-18T12:28:57.942347
pay_03224,cust_0665,9999,wallet,failed,bank_error,1,2026-07-25T03:47:57.942351
pay_03225,cust_0831,1499,netbanking,success,,1,2026-07-24T01:51:57.942356
pay_03226,cust_0346,999,netbanking,failed,timeout,2,2026-08-03T11:04:57.942361
pay_03227,cust_0430,499,upi,failed,limit_exceeded,2,2026-08-14T04:33:57.942366
pay_03228,cust_1485,299,upi,success,,3,2026-08-16T05:31:57.942370
pay_03229,cust_0215,1999,card,failed,network_error,1,2026-08-01T03:03:57.942375
pay_03230,cust_1455,999,netbanking,success,,1,2026-07-23T16:16:57.942379
pay_03231,cust_0948,499,upi,success,,1,2026-08-12T01:57:57.942384
pay_03232,cust_0937,1999,wallet,success,,1,2026-07-27T23:36:57.942388
pay_03233,cust_0701,1999,netbanking,success,,1,2026-08-09T00:57:57.942394
pay_03234,cust_0520,999,netbanking,failed,insufficient_funds,1,2026-08-11T04:49:57.942399
pay_03235,cust_0833,1499,wallet,failed,bank_error,1,2026-07-29T20:54:57.942405
pay_03236,cust_0317,499,upi,success,,2,2026-08-02T08:36:57.942410
pay_03237,cust_0705,1999,wallet,success,,1,2026-08-13T08:44:57.942414
pay_03238,cust_0156,999,upi,failed,network_error,1,2026-08-13T08:26:57.942419
pay_03239,cust_0143,999,card,success,,1,2026-08-07T06:40:57.942425
pay_03240,cust_0796,9999,card,success,,2,2026-08-13T23:32:57.942429
pay_03241,cust_0563,2499,netbanking,failed,limit_exceeded,1,2026-08-15T05:48:57.942434
pay_03242,cust_1301,499,card,failed,network_error,1,2026-08-11T01:51:57.942438
pay_03243,cust_0729,199,wallet,success,,1,2026-08-10T01:37:57.942443
pay_03244,cust_0084,2499,wallet,success,,1,2026-07-26T07:55:57.942447
pay_03245,cust_0868,299,upi,success,,1,2026-07-28T10:19:57.942451
pay_03246,cust_1360,4999,upi,failed,limit_exceeded,1,2026-07-22T11:45:57.942456
pay_03247,cust_1299,4999,netbanking,success,,1,2026-08-02T15:51:57.942461
pay_03248,cust_0278,9999,upi,success,,1,2026-08-17T05:31:57.942466
pay_03249,cust_0628,199,upi,failed,timeout,2,2026-08-01T00:24:57.942471
pay_03250,cust_0043,1499,upi,failed,timeout,2,2026-08-03T21:03:57.942476
pay_03251,cust_1483,9999,wallet,failed,authentication_failed,1,2026-08-10T04:29:57.942481
pay_03252,cust_1068,199,netbanking,success,,1,2026-08-11T11:28:57.942486
pay_03253,cust_0799,299,card,success,,1,2026-08-10T21:04:57.942490
pay_03254,cust_0270,299,wallet,success,,2,2026-07-24T11:49:57.942496
pay_03255,cust_1323,4999,wallet,success,,1,2026-08-21T05:23:57.942500
pay_03256,cust_1312,2499,wallet,success,,1,2026-07-24T00:07:57.942505
pay_03257,cust_1295,299,card,failed,network_error,1,2026-07-28T17:34:57.942510
pay_03258,cust_0787,499,netbanking,success,,1,2026-08-15T17:06:57.942515
pay_03259,cust_0637,499,card,success,,2,2026-08-22T03:10:57.942520
pay_03260,cust_1455,999,upi,success,,2,2026-07-22T14:39:57.942524
pay_03261,cust_1434,299,wallet,success,,1,2026-08-19T18:28:57.942529
pay_03262,cust_0145,4999,upi,success,,1,2026-08-20T01:19:57.942534
pay_03263,cust_1464,1499,upi,success,,1,2026-07-23T01:32:57.942538
pay_03264,cust_0328,4999,card,failed,limit_exceeded,2,2026-07-23T02:56:57.942543
pay_03265,cust_0755,1499,card,success,,1,2026-08-14T18:53:57.942547
pay_03266,cust_0931,1499,netbanking,failed,authentication_failed,1,2026-07-26T18:04:57.942552
pay_03267,cust_0935,4999,card,success,,1,2026-08-11T01:19:57.942556
pay_03268,cust_1079,1999,netbanking,success,,1,2026-08-08T18:43:57.942561
pay_03269,cust_0680,499,card,success,,2,2026-07-25T01:43:57.942566
pay_03270,cust_0822,1999,upi,failed,limit_exceeded,1,2026-08-11T15:36:57.942570
pay_03271,cust_0319,299,wallet,failed,timeout,3,2026-08-04T04:21:57.942575
pay_03272,cust_1090,2499,card,success,,1,2026-08-12T22:52:57.942580
pay_03273,cust_1035,1999,wallet,success,,2,2026-08-10T22:48:57.942584
pay_03274,cust_0356,4999,wallet,failed,insufficient_funds,2,2026-07-23T16:17:57.942589
pay_03275,cust_0365,499,wallet,success,,1,2026-08-02T03:44:57.942593
pay_03276,cust_1247,999,wallet,success,,2,2026-08-20T17:20:57.942599
pay_03277,cust_0594,9999,upi,success,,1,2026-08-14T12:10:57.942604
pay_03278,cust_1300,999,netbanking,success,,1,2026-08-13T23:47:57.942609
pay_03279,cust_0133,4999,card,failed,network_error,2,2026-08-15T14:40:57.942615
pay_03280,cust_0409,9999,netbanking,success,,1,2026-07-24T08:05:57.942619
pay_03281,cust_0208,299,card,failed,authentication_failed,1,2026-08-07T21:33:57.942624
pay_03282,cust_0866,9999,card,success,,2,2026-08-05T13:18:57.942629
pay_03283,cust_1283,1999,card,success,,1,2026-08-21T07:33:57.942634
pay_03284,cust_1079,4999,upi,failed,timeout,1,2026-07-29T20:03:57.942639
pay_03285,cust_1386,4999,wallet,failed,authentication_failed,1,2026-08-06T19:01:57.942644
pay_03286,cust_0344,4999,card,success,,1,2026-08-15T21:32:57.942649
pay_03287,cust_0637,299,upi,success,,1,2026-08-02T10:47:57.942654
pay_03288,cust_0638,1999,card,success,,1,2026-08-04T07:52:57.942659
pay_03289,cust_0577,4999,netbanking,success,,2,2026-08-01T09:49:57.942663
pay_03290,cust_1226,999,netbanking,success,,1,2026-08-09T01:33:57.942668
pay_03291,cust_0593,1999,netbanking,success,,2,2026-07-30T04:02:57.942672
pay_03292,cust_0303,199,netbanking,failed,authentication_failed,1,2026-07-30T14:10:57.942677
pay_03293,cust_0278,1999,card,failed,network_error,1,2026-08-13T17:45:57.942683
pay_03294,cust_1267,199,netbanking,failed,authentication_failed,1,2026-08-14T10:47:57.942687
pay_03295,cust_0509,999,card,success,,2,2026-07-31T07:48:57.942692
pay_03296,cust_1141,2499,upi,success,,2,2026-08-09T06:25:57.942697
pay_03297,cust_0884,9999,upi,failed,limit_exceeded,1,2026-08-15T23:35:57.942703
pay_03298,cust_0242,4999,card,success,,1,2026-08-08T11:26:57.942708
pay_03299,cust_1371,4999,upi,failed,insufficient_funds,1,2026-07-23T14:39:57.942713
pay_03300,cust_1131,999,netbanking,failed,network_error,1,2026-07-26T13:43:57.942718
pay_03301,cust_1390,2499,card,success,,1,2026-07-28T11:50:57.942722
pay_03302,cust_1399,199,upi,success,,1,2026-08-09T02:00:57.942727
pay_03303,cust_0045,199,netbanking,failed,authentication_failed,1,2026-07-22T10:56:57.942732
pay_03304,cust_0444,199,card,success,,1,2026-08-08T19:57:57.942737
pay_03305,cust_1264,499,netbanking,failed,insufficient_funds,1,2026-07-29T06:25:57.942741
pay_03306,cust_0623,199,wallet,success,,3,2026-07-27T23:54:57.942747
pay_03307,cust_0483,4999,netbanking,failed,network_error,1,2026-08-22T06:25:57.942752
pay_03308,cust_0072,4999,wallet,success,,1,2026-07-29T03:20:57.942756
pay_03309,cust_1073,999,netbanking,success,,1,2026-07-26T04:15:57.942761
pay_03310,cust_1299,499,wallet,success,,1,2026-08-13T19:55:57.942766
pay_03311,cust_1476,199,wallet,success,,2,2026-08-21T08:13:57.942771
pay_03312,cust_0318,499,card,success,,1,2026-07-24T14:18:57.942775
pay_03313,cust_0417,2499,card,failed,timeout,2,2026-07-29T07:44:57.942780
pay_03314,cust_0691,1999,card,failed,bank_error,1,2026-08-21T12:55:57.942785
pay_03315,cust_1007,1499,netbanking,success,,1,2026-08-04T19:47:57.942790
pay_03316,cust_1344,1999,card,success,,1,2026-08-21T09:53:57.942794
pay_03317,cust_1420,499,wallet,success,,1,2026-08-08T09:24:57.942799
pay_03318,cust_0350,499,netbanking,success,,2,2026-08-21T11:49:57.942805
pay_03319,cust_0107,1999,upi,success,,2,2026-07-28T13:05:57.942810
pay_03320,cust_1449,2499,upi,failed,authentication_failed,1,2026-08-01T07:16:57.942814
pay_03321,cust_1292,2499,upi,failed,authentication_failed,1,2026-08-10T02:45:57.942819
pay_03322,cust_1010,1499,card,success,,1,2026-08-20T20:02:57.942824
pay_03323,cust_1350,1499,upi,success,,1,2026-08-02T06:38:57.942828
pay_03324,cust_1447,1499,wallet,success,,3,2026-08-11T03:15:57.942833
pay_03325,cust_1168,4999,wallet,failed,bank_error,1,2026-08-21T03:38:57.942838
pay_03326,cust_0338,4999,upi,success,,2,2026-08-18T20:23:57.942842
pay_03327,cust_0876,2499,wallet,success,,1,2026-08-21T06:43:57.942847
pay_03328,cust_0252,999,card,success,,1,2026-08-03T08:50:57.942852
pay_03329,cust_0707,1999,upi,success,,1,2026-08-03T19:13:57.942856
pay_03330,cust_0116,999,upi,success,,1,2026-07-25T23:15:57.942861
pay_03331,cust_0670,9999,card,success,,2,2026-08-07T07:25:57.942865
pay_03332,cust_0532,499,netbanking,success,,1,2026-08-07T19:52:57.942870
pay_03333,cust_1180,1499,upi,success,,1,2026-08-02T03:38:57.942874
pay_03334,cust_1319,9999,wallet,success,,1,2026-08-10T19:23:57.942879
pay_03335,cust_1379,9999,card,success,,1,2026-07-26T00:05:57.942883
pay_03336,cust_1205,499,upi,success,,2,2026-08-14T13:32:57.942889
pay_03337,cust_0218,4999,card,success,,1,2026-08-18T14:21:57.942894
pay_03338,cust_1460,299,netbanking,failed,timeout,1,2026-08-08T04:13:57.942899
pay_03339,cust_1069,199,upi,success,,1,2026-08-09T07:46:57.942905
pay_03340,cust_1169,9999,wallet,success,,3,2026-08-06T13:24:57.942910
pay_03341,cust_1272,1499,netbanking,failed,bank_error,1,2026-08-04T22:10:57.942914
pay_03342,cust_0784,299,wallet,success,,1,2026-07-27T21:49:57.942919
pay_03343,cust_0801,1999,card,failed,insufficient_funds,2,2026-08-18T08:53:57.942924
pay_03344,cust_1344,199,card,success,,2,2026-07-25T06:34:57.942929
pay_03345,cust_0767,1499,wallet,success,,1,2026-08-03T21:28:57.942934
pay_03346,cust_0582,2499,upi,success,,1,2026-08-20T12:25:57.942938
pay_03347,cust_1294,4999,netbanking,success,,2,2026-07-27T13:09:57.942943
pay_03348,cust_0092,999,upi,success,,1,2026-08-16T09:05:57.942948
pay_03349,cust_1214,4999,upi,success,,1,2026-07-24T02:52:57.942952
pay_03350,cust_0844,9999,netbanking,success,,2,2026-08-05T15:49:57.942957
pay_03351,cust_0924,4999,upi,success,,1,2026-08-09T04:49:57.942962
pay_03352,cust_0585,2499,upi,failed,authentication_failed,2,2026-07-30T08:14:57.942966
pay_03353,cust_0762,2499,netbanking,success,,1,2026-07-25T13:13:57.942971
pay_03354,cust_1447,199,upi,success,,1,2026-08-02T03:50:57.942976
pay_03355,cust_1330,1499,card,success,,1,2026-08-03T03:52:57.942980
pay_03356,cust_0738,999,netbanking,success,,1,2026-08-01T12:26:57.942986
pay_03357,cust_0178,999,upi,failed,bank_error,1,2026-07-31T13:21:57.942991
pay_03358,cust_1240,1999,upi,success,,1,2026-07-22T22:00:57.942995
pay_03359,cust_0015,1999,upi,failed,network_error,1,2026-07-29T19:51:57.943000
pay_03360,cust_1458,299,upi,success,,1,2026-08-05T08:52:57.943005
pay_03361,cust_1282,2499,netbanking,success,,1,2026-07-31T11:00:57.943010
pay_03362,cust_1499,1999,upi,success,,1,2026-08-11T04:32:57.943015
pay_03363,cust_0843,999,wallet,failed,authentication_failed,1,2026-07-23T09:50:57.943020
pay_03364,cust_0080,1999,wallet,failed,authentication_failed,1,2026-08-03T16:30:57.943025
pay_03365,cust_0459,9999,upi,failed,bank_error,2,2026-08-18T22:09:57.943030
pay_03366,cust_0681,2499,upi,failed,authentication_failed,1,2026-08-16T13:07:57.943034
pay_03367,cust_0820,299,upi,success,,2,2026-08-05T06:30:57.943039
pay_03368,cust_0057,4999,upi,success,,1,2026-08-22T07:12:57.943044
pay_03369,cust_1046,199,upi,success,,1,2026-08-05T01:17:57.943048
pay_03370,cust_1177,1499,card,success,,2,2026-08-06T15:00:57.943053
pay_03371,cust_1322,999,upi,success,,1,2026-07-31T19:15:57.943057
pay_03372,cust_1404,9999,card,success,,1,2026-08-10T00:22:57.943062
pay_03373,cust_0644,999,netbanking,success,,1,2026-08-05T06:18:57.943066
pay_03374,cust_0224,499,wallet,success,,1,2026-08-20T00:57:57.943071
pay_03375,cust_1384,1499,card,success,,1,2026-07-31T05:00:57.943077
pay_03376,cust_0582,9999,card,success,,1,2026-07-24T10:08:57.943082
pay_03377,cust_1298,1499,wallet,failed,network_error,1,2026-07-25T12:39:57.943086
pay_03378,cust_1398,9999,wallet,success,,2,2026-08-06T13:50:57.943091
pay_03379,cust_0276,299,upi,success,,1,2026-08-15T01:19:57.943096
pay_03380,cust_0406,1499,wallet,failed,insufficient_funds,1,2026-08-12T23:11:57.943101
pay_03381,cust_0500,9999,card,success,,1,2026-08-17T13:23:57.943106
pay_03382,cust_0323,1999,card,success,,3,2026-08-03T22:45:57.943111
pay_03383,cust_0541,2499,wallet,success,,1,2026-08-16T09:15:57.943116
pay_03384,cust_0482,199,netbanking,success,,1,2026-08-17T04:04:57.943120
pay_03385,cust_0842,1999,card,failed,network_error,1,2026-07-28T01:41:57.943125
pay_03386,cust_0109,1999,upi,success,,2,2026-08-09T05:21:57.943130
pay_03387,cust_0724,2499,netbanking,failed,network_error,1,2026-08-12T17:30:57.943135
pay_03388,cust_0646,4999,wallet,success,,1,2026-08-14T14:30:57.943140
pay_03389,cust_0081,299,card,success,,1,2026-08-04T08:26:57.943145
pay_03390,cust_0683,4999,wallet,success,,1,2026-08-01T09:47:57.943150
pay_03391,cust_0994,1999,netbanking,success,,1,2026-08-10T06:00:57.943154
pay_03392,cust_1349,199,upi,failed,limit_exceeded,1,2026-08-03T00:38:57.943159
pay_03393,cust_1296,499,upi,failed,timeout,1,2026-08-05T03:33:57.943164
pay_03394,cust_1050,499,netbanking,success,,1,2026-08-04T13:04:57.943169
pay_03395,cust_0425,1999,card,success,,1,2026-08-05T22:03:57.943174
pay_03396,cust_1481,199,wallet,failed,limit_exceeded,1,2026-08-12T03:42:57.943179
pay_03397,cust_0008,1999,wallet,failed,insufficient_funds,1,2026-07-23T14:47:57.943184
pay_03398,cust_0669,299,netbanking,success,,1,2026-08-13T01:40:57.943188
pay_03399,cust_1052,199,wallet,failed,bank_error,2,2026-08-18T07:48:57.943193
pay_03400,cust_0417,299,wallet,success,,1,2026-08-16T16:23:57.943198
pay_03401,cust_0377,999,upi,success,,1,2026-08-01T05:16:57.943202
pay_03402,cust_0402,999,wallet,success,,1,2026-08-04T02:21:57.943207
pay_03403,cust_0348,4999,card,failed,bank_error,1,2026-08-07T10:07:57.943213
pay_03404,cust_1430,299,wallet,success,,1,2026-08-15T01:28:57.943217
pay_03405,cust_0879,1499,wallet,success,,1,2026-08-10T14:24:57.943222
pay_03406,cust_0828,1499,card,success,,1,2026-08-20T00:43:57.943227
pay_03407,cust_1065,499,upi,success,,1,2026-08-12T16:43:57.943232
pay_03408,cust_0879,299,upi,success,,1,2026-08-15T06:42:57.943236
pay_03409,cust_0483,9999,upi,success,,2,2026-08-19T16:31:57.943241
pay_03410,cust_1023,4999,upi,failed,bank_error,2,2026-08-19T15:01:57.943246
pay_03411,cust_0855,499,upi,failed,timeout,3,2026-08-08T04:54:57.943251
pay_03412,cust_1226,1499,wallet,success,,2,2026-08-21T07:56:57.943255
pay_03413,cust_0066,1999,upi,success,,2,2026-08-09T06:55:57.943260
pay_03414,cust_0436,2499,upi,success,,1,2026-08-04T14:16:57.943266
pay_03415,cust_1130,1499,wallet,success,,1,2026-07-31T01:33:57.943270
pay_03416,cust_0799,499,netbanking,success,,1,2026-08-13T13:10:57.943275
pay_03417,cust_1410,2499,netbanking,success,,2,2026-08-05T12:23:57.943280
pay_03418,cust_0513,199,upi,failed,timeout,2,2026-08-14T13:35:57.943284
pay_03419,cust_1118,9999,card,success,,2,2026-08-15T03:01:57.943289
pay_03420,cust_1414,1499,card,success,,1,2026-08-16T15:31:57.943294
pay_03421,cust_0669,999,card,success,,1,2026-08-22T00:47:57.943298
pay_03422,cust_1170,299,wallet,success,,1,2026-08-06T09:42:57.943303
pay_03423,cust_0713,999,card,failed,limit_exceeded,1,2026-08-18T13:14:57.943308
pay_03424,cust_0300,999,netbanking,success,,1,2026-07-27T16:38:57.943314
pay_03425,cust_0582,499,card,success,,1,2026-08-21T14:24:57.943319
pay_03426,cust_0362,1999,netbanking,success,,1,2026-08-09T10:13:57.943324
pay_03427,cust_1282,1999,upi,failed,limit_exceeded,2,2026-08-14T06:27:57.943328
pay_03428,cust_0465,499,upi,success,,1,2026-07-27T13:34:57.943333
pay_03429,cust_0198,499,netbanking,success,,1,2026-08-10T12:24:57.943338
pay_03430,cust_0086,2499,upi,failed,network_error,1,2026-07-23T11:18:57.943343
pay_03431,cust_0388,999,netbanking,success,,1,2026-08-07T00:55:57.943347
pay_03432,cust_1457,199,netbanking,success,,2,2026-08-04T19:30:57.943352
pay_03433,cust_0247,199,upi,success,,1,2026-08-10T00:38:57.943357
pay_03434,cust_1276,1499,upi,failed,network_error,1,2026-07-22T14:44:57.943362
pay_03435,cust_0783,4999,card,success,,1,2026-08-17T22:31:57.943367
pay_03436,cust_1277,199,upi,success,,1,2026-08-12T02:24:57.943372
pay_03437,cust_0735,299,wallet,success,,1,2026-07-29T20:59:57.943376
pay_03438,cust_1268,499,wallet,success,,3,2026-08-08T07:53:57.943381
pay_03439,cust_1360,4999,wallet,success,,1,2026-08-11T18:54:57.943387
pay_03440,cust_0596,199,upi,success,,1,2026-08-02T19:47:57.943391
pay_03441,cust_0844,1499,netbanking,success,,1,2026-07-31T05:45:57.943396
pay_03442,cust_0430,9999,netbanking,success,,1,2026-08-14T04:25:57.943400
pay_03443,cust_0033,4999,netbanking,failed,authentication_failed,1,2026-08-18T06:54:57.943405
pay_03444,cust_1223,4999,wallet,failed,insufficient_funds,1,2026-08-02T06:57:57.943410
pay_03445,cust_0778,299,netbanking,success,,2,2026-07-28T11:37:57.943414
pay_03446,cust_1356,9999,wallet,success,,2,2026-08-17T05:52:57.943420
pay_03447,cust_1176,999,card,failed,authentication_failed,1,2026-08-16T08:37:57.943425
pay_03448,cust_1420,199,card,failed,authentication_failed,2,2026-07-29T17:48:57.943430
pay_03449,cust_0229,199,netbanking,failed,authentication_failed,1,2026-08-03T19:50:57.943435
pay_03450,cust_0709,199,card,success,,1,2026-08-17T08:42:57.943443
pay_03451,cust_1204,1999,card,success,,1,2026-08-06T07:06:57.943448
pay_03452,cust_0476,4999,netbanking,failed,bank_error,3,2026-08-10T18:03:57.943453
pay_03453,cust_0529,2499,card,success,,1,2026-08-17T13:50:57.943459
pay_03454,cust_0063,1499,upi,success,,1,2026-08-13T00:16:57.943464
pay_03455,cust_0530,2499,upi,success,,1,2026-08-16T18:34:57.943469
pay_03456,cust_1246,4999,card,failed,limit_exceeded,3,2026-08-02T16:48:57.943473
pay_03457,cust_0279,2499,netbanking,success,,1,2026-08-19T21:17:57.943478
pay_03458,cust_0084,299,netbanking,success,,1,2026-08-13T18:19:57.943482
pay_03459,cust_0267,2499,upi,failed,limit_exceeded,1,2026-08-04T00:13:57.943487
pay_03460,cust_1084,2499,netbanking,success,,1,2026-08-14T01:33:57.943492
pay_03461,cust_0302,999,netbanking,failed,insufficient_funds,2,2026-08-12T00:16:57.943496
pay_03462,cust_0569,1999,wallet,success,,1,2026-07-25T21:47:57.943501
pay_03463,cust_0779,199,netbanking,failed,authentication_failed,1,2026-08-13T14:53:57.943506
pay_03464,cust_1336,4999,card,success,,1,2026-08-01T19:54:57.943511
pay_03465,cust_0870,1999,wallet,success,,1,2026-08-09T06:26:57.943515
pay_03466,cust_0970,9999,upi,success,,1,2026-08-08T22:24:57.943520
pay_03467,cust_0942,299,netbanking,success,,1,2026-07-23T14:11:57.943525
pay_03468,cust_0690,199,upi,success,,1,2026-07-27T22:32:57.943530
pay_03469,cust_0682,9999,upi,failed,limit_exceeded,2,2026-08-12T21:47:57.943535
pay_03470,cust_1333,199,netbanking,success,,1,2026-08-14T12:45:57.943539
pay_03471,cust_1155,1999,card,success,,2,2026-08-15T00:18:57.943544
pay_03472,cust_0692,199,netbanking,success,,2,2026-08-21T09:47:57.943549
pay_03473,cust_0287,2499,netbanking,success,,2,2026-08-15T18:52:57.943554
pay_03474,cust_0501,1499,upi,failed,limit_exceeded,2,2026-07-25T20:04:57.943559
pay_03475,cust_0660,199,card,success,,1,2026-07-27T23:02:57.943564
pay_03476,cust_0545,499,card,failed,limit_exceeded,1,2026-08-16T07:04:57.943569
pay_03477,cust_0707,9999,wallet,success,,2,2026-07-28T20:59:57.943573
pay_03478,cust_0476,4999,netbanking,success,,2,2026-08-02T15:38:57.943578
pay_03479,cust_0490,299,wallet,success,,1,2026-07-26T21:06:57.943583
pay_03480,cust_1229,499,wallet,success,,2,2026-07-25T12:57:57.943588
pay_03481,cust_0511,999,card,success,,1,2026-08-03T17:08:57.943593
pay_03482,cust_1279,9999,wallet,failed,authentication_failed,2,2026-07-28T23:53:57.943597
pay_03483,cust_1421,2499,card,failed,limit_exceeded,1,2026-08-14T07:52:57.943602
pay_03484,cust_0404,1999,wallet,success,,1,2026-08-15T22:47:57.943607
pay_03485,cust_0167,1999,wallet,success,,1,2026-07-29T07:10:57.943612
pay_03486,cust_0912,999,wallet,success,,1,2026-07-29T14:04:57.943617
pay_03487,cust_0626,999,card,success,,1,2026-08-09T14:31:57.943621
pay_03488,cust_0274,2499,card,failed,authentication_failed,1,2026-08-01T17:39:57.943627
pay_03489,cust_0808,2499,card,success,,1,2026-07-23T23:22:57.943631
pay_03490,cust_1247,2499,upi,success,,2,2026-08-21T02:10:57.943637
pay_03491,cust_0702,1499,wallet,success,,1,2026-08-19T00:37:57.943642
pay_03492,cust_1186,2499,netbanking,success,,1,2026-08-05T06:36:57.943648
pay_03493,cust_0886,1999,card,success,,2,2026-08-12T05:37:57.943652
pay_03494,cust_1112,999,card,failed,bank_error,1,2026-08-07T03:10:57.943657
pay_03495,cust_0108,1499,card,success,,2,2026-08-07T02:24:57.943662
pay_03496,cust_1047,299,wallet,failed,timeout,1,2026-08-17T18:55:57.943667
pay_03497,cust_0751,4999,wallet,success,,1,2026-07-25T15:49:57.943671
pay_03498,cust_0579,999,upi,success,,1,2026-08-19T12:33:57.943676
pay_03499,cust_0429,1999,card,failed,limit_exceeded,1,2026-08-08T09:14:57.943681
pay_03500,cust_1027,4999,netbanking,success,,1,2026-08-19T18:14:57.943685
pay_03501,cust_0421,199,wallet,success,,1,2026-07-28T16:54:57.943690
pay_03502,cust_0543,299,upi,success,,1,2026-08-03T06:44:57.943694
pay_03503,cust_1148,1499,card,failed,bank_error,1,2026-08-04T15:00:57.943699
pay_03504,cust_0848,999,netbanking,success,,1,2026-07-31T22:40:57.943704
pay_03505,cust_1413,9999,upi,failed,limit_exceeded,1,2026-08-20T19:41:57.943709
pay_03506,cust_0048,199,wallet,failed,insufficient_funds,1,2026-08-12T16:32:57.943713
pay_03507,cust_1360,1999,upi,success,,1,2026-07-25T20:19:57.943718
pay_03508,cust_1097,199,wallet,failed,bank_error,1,2026-08-16T09:37:57.943723
pay_03509,cust_0106,2499,card,success,,2,2026-08-08T19:47:57.943728
pay_03510,cust_0267,4999,upi,success,,1,2026-08-11T15:23:57.943733
pay_03511,cust_1483,999,wallet,failed,limit_exceeded,1,2026-08-04T08:54:57.943738
pay_03512,cust_1224,4999,upi,success,,2,2026-07-27T18:09:57.943743
pay_03513,cust_0902,1999,wallet,success,,1,2026-07-25T08:37:57.943748
pay_03514,cust_0275,2499,card,success,,1,2026-08-06T02:28:57.943752
pay_03515,cust_0520,1999,card,success,,1,2026-07-24T08:45:57.943757
pay_03516,cust_0719,2499,upi,success,,1,2026-07-27T23:06:57.943762
pay_03517,cust_0747,299,wallet,failed,limit_exceeded,1,2026-07-22T11:57:57.943766
pay_03518,cust_1157,999,netbanking,success,,2,2026-07-30T21:53:57.943771
pay_03519,cust_0932,199,card,success,,1,2026-08-15T08:11:57.943775
pay_03520,cust_1109,1999,upi,success,,2,2026-07-28T08:57:57.943780
pay_03521,cust_1122,299,card,success,,1,2026-07-26T05:00:57.943785
pay_03522,cust_0896,1999,netbanking,success,,3,2026-08-11T18:31:57.943789
pay_03523,cust_0478,299,upi,failed,limit_exceeded,1,2026-07-30T16:11:57.943794
pay_03524,cust_0006,2499,wallet,success,,1,2026-08-07T21:02:57.943799
pay_03525,cust_0536,199,wallet,success,,1,2026-07-23T11:29:57.943803
pay_03526,cust_0981,499,card,success,,2,2026-08-08T15:04:57.943808
pay_03527,cust_1327,4999,wallet,failed,insufficient_funds,1,2026-08-05T18:31:57.943813
pay_03528,cust_0597,4999,card,failed,authentication_failed,1,2026-07-28T12:06:57.943817
pay_03529,cust_1011,199,upi,failed,limit_exceeded,1,2026-07-27T07:02:57.943822
pay_03530,cust_0060,299,wallet,success,,2,2026-08-09T23:12:57.943827
pay_03531,cust_0659,1499,wallet,success,,1,2026-08-09T21:55:57.943833
pay_03532,cust_0558,1999,card,success,,1,2026-08-11T17:39:57.943838
pay_03533,cust_0957,9999,wallet,success,,1,2026-07-30T10:41:57.943843
pay_03534,cust_0409,4999,card,success,,1,2026-08-14T14:42:57.943847
pay_03535,cust_0167,499,netbanking,success,,2,2026-08-17T04:09:57.943852
pay_03536,cust_1401,2499,netbanking,failed,insufficient_funds,1,2026-08-20T06:25:57.943857
pay_03537,cust_1050,299,netbanking,success,,2,2026-08-08T22:30:57.943862
pay_03538,cust_0231,1999,card,success,,2,2026-08-14T09:51:57.943866
pay_03539,cust_1341,1499,wallet,success,,1,2026-08-19T07:58:57.943871
pay_03540,cust_0344,999,card,failed,network_error,2,2026-07-22T13:48:57.943876
pay_03541,cust_0969,4999,wallet,failed,limit_exceeded,1,2026-07-28T22:21:57.943881
pay_03542,cust_0103,2499,upi,success,,1,2026-07-23T08:17:57.943887
pay_03543,cust_1037,2499,netbanking,success,,1,2026-07-23T15:20:57.943892
pay_03544,cust_0549,4999,netbanking,success,,2,2026-08-13T20:33:57.943896
pay_03545,cust_0650,299,card,success,,1,2026-07-31T02:39:57.943901
pay_03546,cust_0556,499,netbanking,success,,1,2026-07-22T14:13:57.943906
pay_03547,cust_0099,1499,card,success,,1,2026-08-11T19:41:57.943910
pay_03548,cust_1040,4999,wallet,success,,1,2026-08-05T02:32:57.943915
pay_03549,cust_0172,299,card,success,,2,2026-08-02T23:47:57.943919
pay_03550,cust_0969,4999,netbanking,success,,2,2026-07-31T01:33:57.943924
pay_03551,cust_0613,499,wallet,success,,1,2026-08-15T19:37:57.943929
pay_03552,cust_1037,1499,upi,success,,2,2026-07-23T05:43:57.943935
pay_03553,cust_1209,1999,card,success,,2,2026-08-07T04:36:57.943939
pay_03554,cust_0336,1499,upi,success,,2,2026-07-29T22:23:57.943944
pay_03555,cust_1437,299,upi,success,,1,2026-08-19T08:46:57.943949
pay_03556,cust_0096,2499,wallet,success,,2,2026-08-06T13:00:57.943953
pay_03557,cust_1360,2499,upi,success,,1,2026-08-11T19:27:57.943958
pay_03558,cust_0402,1999,wallet,success,,1,2026-07-24T14:45:57.943962
pay_03559,cust_1172,2499,netbanking,success,,2,2026-07-30T16:14:57.943967
pay_03560,cust_0671,999,upi,failed,limit_exceeded,3,2026-08-07T06:30:57.943972
pay_03561,cust_0426,299,upi,success,,1,2026-08-10T07:44:57.943976
pay_03562,cust_0462,9999,netbanking,success,,1,2026-07-25T06:27:57.943981
pay_03563,cust_0474,9999,upi,success,,1,2026-08-18T22:28:57.943986
pay_03564,cust_0588,999,upi,success,,1,2026-07-24T08:29:57.943990
pay_03565,cust_0827,2499,card,success,,1,2026-08-20T19:52:57.943995
pay_03566,cust_1491,999,wallet,success,,1,2026-08-10T18:41:57.944000
pay_03567,cust_0797,1999,upi,success,,2,2026-07-27T09:19:57.944004
pay_03568,cust_0400,499,wallet,success,,2,2026-08-12T01:52:57.944009
pay_03569,cust_0208,2499,card,success,,1,2026-08-07T02:04:57.944013
pay_03570,cust_0693,199,netbanking,success,,1,2026-08-20T01:16:57.944020
pay_03571,cust_0264,999,upi,failed,authentication_failed,1,2026-08-17T22:46:57.944024
pay_03572,cust_1202,9999,card,success,,3,2026-08-04T14:14:57.944029
pay_03573,cust_1298,299,netbanking,success,,1,2026-08-12T23:30:57.944035
pay_03574,cust_1247,299,upi,success,,1,2026-07-23T17:35:57.944040
pay_03575,cust_1342,2499,wallet,success,,2,2026-08-22T05:29:57.944044
pay_03576,cust_1194,4999,netbanking,success,,2,2026-08-05T07:05:57.944049
pay_03577,cust_0390,1999,upi,success,,1,2026-07-30T19:03:57.944054
pay_03578,cust_0807,4999,netbanking,success,,2,2026-08-07T06:10:57.944058
pay_03579,cust_0770,299,netbanking,success,,1,2026-07-28T08:41:57.944063
pay_03580,cust_0762,299,card,success,,2,2026-08-11T10:03:57.944068
pay_03581,cust_0226,4999,upi,success,,1,2026-07-26T00:45:57.944072
pay_03582,cust_1231,1999,wallet,success,,1,2026-08-02T06:55:57.944077
pay_03583,cust_1411,1499,netbanking,success,,1,2026-08-17T22:37:57.944081
pay_03584,cust_0065,2499,wallet,success,,1,2026-07-27T19:30:57.944086
pay_03585,cust_0904,4999,card,failed,timeout,1,2026-08-13T02:36:57.944091
pay_03586,cust_0267,9999,netbanking,failed,limit_exceeded,1,2026-08-06T21:07:57.944096
pay_03587,cust_1028,2499,netbanking,success,,2,2026-08-22T04:18:57.944101
pay_03588,cust_1222,999,upi,success,,1,2026-07-28T20:48:57.944105
pay_03589,cust_0814,499,netbanking,success,,1,2026-07-26T13:48:57.944110
pay_03590,cust_1285,4999,card,success,,1,2026-07-23T20:31:57.944115
pay_03591,cust_1142,4999,card,success,,1,2026-08-10T15:49:57.944120
pay_03592,cust_0301,199,wallet,success,,2,2026-07-31T04:08:57.944125
pay_03593,cust_1067,2499,card,success,,1,2026-07-25T20:54:57.944130
pay_03594,cust_1232,9999,upi,failed,timeout,3,2026-07-26T21:14:57.944136
pay_03595,cust_0616,1999,upi,success,,1,2026-08-14T14:09:57.944141
pay_03596,cust_1052,2499,wallet,success,,1,2026-08-17T14:27:57.944145
pay_03597,cust_1455,4999,netbanking,success,,1,2026-07-25T20:31:57.944150
pay_03598,cust_1233,9999,wallet,success,,2,2026-08-15T05:06:57.944154
pay_03599,cust_0803,499,netbanking,failed,authentication_failed,1,2026-08-12T19:23:57.944159
pay_03600,cust_1476,999,wallet,success,,1,2026-08-13T06:15:57.944164
pay_03601,cust_1467,199,upi,success,,2,2026-07-25T05:01:57.944168
pay_03602,cust_1456,299,upi,failed,authentication_failed,2,2026-07-29T13:19:57.944173
pay_03603,cust_1376,1999,upi,success,,3,2026-08-10T01:25:57.944178
pay_03604,cust_1443,1499,netbanking,failed,authentication_failed,1,2026-08-21T03:50:57.944183
pay_03605,cust_1251,499,card,failed,authentication_failed,2,2026-08-09T07:14:57.944188
pay_03606,cust_0701,9999,netbanking,failed,limit_exceeded,1,2026-08-14T23:15:57.944192
pay_03607,cust_0496,299,netbanking,success,,1,2026-08-07T10:00:57.944197
pay_03608,cust_0096,9999,card,success,,1,2026-08-08T13:49:57.944202
pay_03609,cust_1459,1999,netbanking,success,,2,2026-08-02T04:21:57.944208
pay_03610,cust_1282,1499,netbanking,success,,1,2026-07-28T12:41:57.944212
pay_03611,cust_0991,4999,netbanking,success,,1,2026-07-24T04:29:57.944217
pay_03612,cust_0906,999,netbanking,success,,1,2026-08-10T15:21:57.944222
pay_03613,cust_0108,2499,wallet,success,,3,2026-08-01T07:29:57.944227
pay_03614,cust_1435,499,upi,success,,1,2026-08-17T09:58:57.944231
pay_03615,cust_1169,199,netbanking,success,,1,2026-07-31T02:45:57.944236
pay_03616,cust_0362,199,wallet,failed,bank_error,2,2026-08-18T03:52:57.944241
pay_03617,cust_0817,4999,netbanking,success,,1,2026-07-22T22:43:57.944246
pay_03618,cust_1388,299,wallet,failed,insufficient_funds,1,2026-07-26T04:17:57.944251
pay_03619,cust_1411,4999,wallet,success,,1,2026-08-19T00:15:57.944256
pay_03620,cust_0447,499,upi,success,,1,2026-08-09T01:18:57.944260
pay_03621,cust_0597,9999,netbanking,success,,2,2026-08-10T20:25:57.944266
pay_03622,cust_0577,199,wallet,success,,1,2026-07-29T14:56:57.944270
pay_03623,cust_0262,499,netbanking,failed,limit_exceeded,1,2026-08-20T01:12:57.944275
pay_03624,cust_0454,1499,upi,success,,1,2026-08-05T12:33:57.944279
pay_03625,cust_1045,4999,wallet,success,,1,2026-07-23T06:30:57.944284
pay_03626,cust_0463,299,card,success,,1,2026-07-23T12:59:57.944289
pay_03627,cust_0646,999,upi,success,,1,2026-08-02T01:29:57.944294
pay_03628,cust_1038,2499,wallet,failed,bank_error,1,2026-07-23T22:33:57.944298
pay_03629,cust_1178,1499,upi,success,,1,2026-08-10T01:06:57.944304
pay_03630,cust_0936,1999,wallet,success,,2,2026-08-05T02:26:57.944309
pay_03631,cust_1322,999,upi,success,,2,2026-08-18T23:39:57.944313
pay_03632,cust_0446,299,netbanking,success,,2,2026-07-29T00:01:57.944318
pay_03633,cust_0179,9999,wallet,success,,1,2026-07-31T05:49:57.944323
pay_03634,cust_1407,1499,wallet,success,,2,2026-07-25T00:01:57.944328
pay_03635,cust_0223,9999,card,failed,limit_exceeded,1,2026-08-04T07:41:57.944332
pay_03636,cust_1472,299,upi,success,,1,2026-08-12T19:22:57.944337
pay_03637,cust_0719,4999,wallet,failed,bank_error,1,2026-08-20T11:54:57.944343
pay_03638,cust_0180,1499,card,success,,1,2026-07-24T10:08:57.944348
pay_03639,cust_1243,2499,netbanking,success,,1,2026-08-05T10:10:57.944353
pay_03640,cust_0407,9999,netbanking,failed,bank_error,1,2026-08-13T11:19:57.944357
pay_03641,cust_0524,1499,wallet,success,,2,2026-08-17T20:46:57.944362
pay_03642,cust_1450,9999,netbanking,success,,1,2026-08-16T05:28:57.944367
pay_03643,cust_0561,1499,wallet,success,,1,2026-08-12T07:41:57.944372
pay_03644,cust_0236,499,upi,success,,2,2026-07-22T10:37:57.944377
pay_03645,cust_1023,9999,netbanking,success,,1,2026-07-27T05:18:57.944381
pay_03646,cust_1239,1499,upi,success,,1,2026-08-18T16:14:57.944386
pay_03647,cust_0524,4999,wallet,failed,authentication_failed,1,2026-07-26T06:44:57.944391
pay_03648,cust_0853,299,card,failed,network_error,1,2026-08-07T03:14:57.944396
pay_03649,cust_1107,499,netbanking,failed,insufficient_funds,1,2026-08-12T09:37:57.944401
pay_03650,cust_0804,4999,wallet,success,,2,2026-08-11T08:34:57.944406
pay_03651,cust_1174,299,netbanking,success,,1,2026-08-20T05:28:57.944411
pay_03652,cust_1423,499,netbanking,success,,3,2026-08-04T01:58:57.944415
pay_03653,cust_1016,1499,wallet,failed,insufficient_funds,1,2026-07-23T02:02:57.944420
pay_03654,cust_1094,499,upi,failed,authentication_failed,2,2026-08-16T09:34:57.944425
pay_03655,cust_0204,4999,netbanking,success,,1,2026-07-30T05:47:57.944430
pay_03656,cust_0896,299,wallet,failed,bank_error,3,2026-08-18T22:27:57.944435
pay_03657,cust_0652,1999,wallet,success,,2,2026-07-24T03:00:57.944439
pay_03658,cust_0481,4999,netbanking,success,,1,2026-08-01T18:28:57.944445
pay_03659,cust_0689,999,netbanking,success,,1,2026-08-16T14:14:57.944450
pay_03660,cust_0779,4999,upi,success,,1,2026-07-27T21:07:57.944455
pay_03661,cust_0260,1499,netbanking,success,,1,2026-08-15T11:01:57.944459
pay_03662,cust_0801,1999,upi,success,,1,2026-07-25T01:26:57.944464
pay_03663,cust_0350,499,card,success,,1,2026-08-19T18:22:57.944469
pay_03664,cust_1190,2499,card,success,,1,2026-08-20T10:55:57.944473
pay_03665,cust_0539,2499,wallet,success,,2,2026-08-14T15:33:57.944478
pay_03666,cust_1006,9999,card,failed,authentication_failed,1,2026-07-29T17:12:57.944483
pay_03667,cust_1132,1999,card,success,,2,2026-08-04T22:08:57.944488
pay_03668,cust_0444,499,netbanking,success,,1,2026-08-22T04:50:57.944494
pay_03669,cust_1035,1499,upi,success,,1,2026-07-30T19:17:57.944499
pay_03670,cust_1115,4999,wallet,failed,limit_exceeded,1,2026-08-14T21:51:57.944504
pay_03671,cust_1045,1999,wallet,success,,1,2026-08-04T18:00:57.944508
pay_03672,cust_1173,1499,card,success,,2,2026-08-14T16:41:57.944513
pay_03673,cust_0907,1499,wallet,success,,3,2026-08-03T03:31:57.944518
pay_03674,cust_1324,1499,netbanking,failed,bank_error,1,2026-08-16T08:43:57.944522
pay_03675,cust_0721,299,upi,failed,timeout,1,2026-07-27T04:31:57.944527
pay_03676,cust_1305,499,netbanking,success,,3,2026-08-19T04:02:57.944532
pay_03677,cust_1052,199,wallet,success,,2,2026-07-30T14:53:57.944537
pay_03678,cust_1156,199,netbanking,success,,2,2026-08-13T09:28:57.944542
pay_03679,cust_0501,4999,wallet,success,,2,2026-08-12T09:13:57.944547
pay_03680,cust_0276,4999,netbanking,success,,1,2026-08-12T17:36:57.944552
pay_03681,cust_0396,999,netbanking,success,,1,2026-08-21T08:13:57.944556
pay_03682,cust_1494,999,netbanking,success,,2,2026-08-08T11:54:57.944561
pay_03683,cust_0807,2499,upi,success,,1,2026-08-16T19:47:57.944566
pay_03684,cust_0154,1499,wallet,success,,1,2026-07-22T13:33:57.944571
pay_03685,cust_0582,4999,upi,failed,bank_error,1,2026-07-29T04:56:57.944576
pay_03686,cust_1426,499,card,failed,insufficient_funds,1,2026-07-24T21:45:57.944580
pay_03687,cust_0029,499,upi,success,,3,2026-08-13T11:48:57.944586
pay_03688,cust_1405,1999,card,failed,timeout,1,2026-08-01T23:01:57.944591
pay_03689,cust_0445,2499,wallet,success,,1,2026-08-18T02:59:57.944596
pay_03690,cust_0076,2499,card,success,,1,2026-08-18T15:50:57.944600
pay_03691,cust_0829,9999,wallet,success,,1,2026-07-24T11:02:57.944605
pay_03692,cust_0045,2499,upi,success,,1,2026-07-29T08:07:57.944610
pay_03693,cust_0266,499,card,success,,1,2026-08-08T06:16:57.944614
pay_03694,cust_0059,499,wallet,success,,1,2026-08-18T12:06:57.944620
pay_03695,cust_0310,999,card,success,,1,2026-07-30T16:02:57.944625
pay_03696,cust_0717,2499,netbanking,success,,1,2026-07-31T11:15:57.944629
pay_03697,cust_1094,4999,upi,success,,1,2026-08-22T04:16:57.944634
pay_03698,cust_0036,499,upi,success,,1,2026-08-21T20:05:57.944639
pay_03699,cust_0753,1999,card,success,,3,2026-07-29T23:36:57.944644
pay_03700,cust_0985,1499,upi,success,,1,2026-08-15T20:35:57.944648
pay_03701,cust_0961,999,card,failed,limit_exceeded,1,2026-07-25T14:19:57.944654
pay_03702,cust_0652,499,wallet,success,,1,2026-07-31T02:00:57.944659
pay_03703,cust_1455,4999,wallet,success,,3,2026-08-09T09:33:57.944663
pay_03704,cust_1330,299,upi,failed,network_error,1,2026-08-20T23:23:57.944668
pay_03705,cust_1238,199,netbanking,success,,2,2026-08-09T00:36:57.944673
pay_03706,cust_1319,4999,card,failed,insufficient_funds,2,2026-07-28T14:35:57.944678
pay_03707,cust_1226,1499,wallet,success,,1,2026-07-29T21:11:57.944683
pay_03708,cust_0233,4999,card,failed,timeout,2,2026-08-14T23:03:57.944688
pay_03709,cust_0833,199,upi,success,,3,2026-08-16T09:59:57.944693
pay_03710,cust_1481,2499,card,success,,3,2026-07-24T18:13:57.944697
pay_03711,cust_0006,499,netbanking,success,,1,2026-08-07T07:51:57.944702
pay_03712,cust_0238,4999,netbanking,failed,bank_error,3,2026-07-29T23:12:57.944707
pay_03713,cust_0581,4999,netbanking,failed,authentication_failed,2,2026-07-26T01:28:57.944712
pay_03714,cust_0974,2499,card,success,,1,2026-07-28T18:41:57.944717
pay_03715,cust_0776,4999,card,success,,1,2026-08-19T14:14:57.944721
pay_03716,cust_0393,999,netbanking,success,,1,2026-07-30T18:23:57.944726
pay_03717,cust_0687,1999,card,success,,2,2026-08-14T18:21:57.944731
pay_03718,cust_0013,4999,wallet,failed,network_error,1,2026-08-03T03:29:57.944735
pay_03719,cust_1145,2499,card,failed,authentication_failed,2,2026-07-22T19:17:57.944740
pay_03720,cust_0903,4999,netbanking,failed,insufficient_funds,3,2026-08-22T05:32:57.944745
pay_03721,cust_0032,199,upi,success,,1,2026-08-15T12:22:57.944750
pay_03722,cust_1230,9999,card,success,,1,2026-08-21T10:44:57.944755
pay_03723,cust_0308,1499,netbanking,failed,bank_error,1,2026-07-26T00:46:57.944760
pay_03724,cust_1236,499,card,failed,limit_exceeded,1,2026-08-21T13:27:57.944765
pay_03725,cust_0546,499,card,success,,2,2026-08-12T14:38:57.944770
pay_03726,cust_0212,1499,netbanking,success,,1,2026-07-26T00:44:57.944775
pay_03727,cust_0328,199,card,failed,network_error,1,2026-07-25T12:27:57.944780
pay_03728,cust_0578,199,netbanking,success,,1,2026-08-10T09:42:57.944785
pay_03729,cust_1083,499,upi,success,,2,2026-07-28T18:50:57.944790
pay_03730,cust_0616,299,netbanking,success,,1,2026-08-10T15:25:57.944794
pay_03731,cust_0405,1999,upi,success,,1,2026-08-15T07:09:57.944799
pay_03732,cust_1084,299,card,failed,network_error,3,2026-07-27T20:47:57.944804
pay_03733,cust_0778,299,card,failed,timeout,1,2026-07-28T15:58:57.944808
pay_03734,cust_0019,999,upi,success,,2,2026-07-26T14:59:57.944813
pay_03735,cust_0870,299,upi,success,,1,2026-08-01T06:53:57.944818
pay_03736,cust_0608,1499,upi,success,,1,2026-08-11T23:51:57.944823
pay_03737,cust_0348,1999,netbanking,failed,timeout,1,2026-08-07T18:36:57.944827
pay_03738,cust_1385,9999,card,success,,1,2026-08-03T21:19:57.944832
pay_03739,cust_0253,4999,upi,success,,1,2026-07-23T05:53:57.944837
pay_03740,cust_1216,1499,netbanking,success,,2,2026-08-04T05:21:57.944841
pay_03741,cust_0823,999,wallet,success,,1,2026-07-23T16:28:57.944846
pay_03742,cust_0603,499,upi,success,,2,2026-07-26T09:56:57.944850
pay_03743,cust_0634,1499,card,success,,3,2026-08-22T04:25:57.944855
pay_03744,cust_0766,499,card,success,,2,2026-08-21T00:37:57.944860
pay_03745,cust_0413,4999,card,success,,1,2026-08-03T10:30:57.944865
pay_03746,cust_1477,199,card,success,,2,2026-08-15T00:34:57.944871
pay_03747,cust_0419,199,netbanking,failed,bank_error,1,2026-07-24T13:33:57.944876
pay_03748,cust_0482,2499,wallet,success,,1,2026-08-01T10:20:57.944881
pay_03749,cust_0860,1999,card,failed,limit_exceeded,3,2026-07-27T18:36:57.944886
pay_03750,cust_0072,9999,upi,failed,bank_error,1,2026-07-23T02:16:57.944890
pay_03751,cust_1344,199,upi,success,,1,2026-08-10T03:41:57.944895
pay_03752,cust_1147,999,netbanking,success,,2,2026-07-30T16:26:57.944899
pay_03753,cust_0947,499,netbanking,success,,2,2026-08-10T14:02:57.944904
pay_03754,cust_1342,199,wallet,failed,authentication_failed,1,2026-08-01T18:14:57.944909
pay_03755,cust_0079,499,card,failed,limit_exceeded,1,2026-08-08T06:21:57.944915
pay_03756,cust_0086,9999,wallet,failed,bank_error,1,2026-07-23T09:04:57.944919
pay_03757,cust_1220,4999,card,success,,3,2026-08-04T08:50:57.944924
pay_03758,cust_1243,999,upi,success,,3,2026-08-08T07:08:57.944928
pay_03759,cust_1072,2499,upi,success,,2,2026-08-09T09:58:57.944933
pay_03760,cust_1208,499,wallet,success,,2,2026-08-15T06:43:57.944938
pay_03761,cust_0894,2499,upi,success,,1,2026-08-07T08:57:57.944942
pay_03762,cust_0376,4999,wallet,failed,timeout,3,2026-08-20T10:13:57.944947
pay_03763,cust_0776,1999,wallet,failed,limit_exceeded,2,2026-08-02T00:03:57.944952
pay_03764,cust_1499,199,card,success,,1,2026-08-12T07:17:57.944958
pay_03765,cust_0476,299,wallet,failed,authentication_failed,3,2026-08-15T10:00:57.944964
pay_03766,cust_0781,1499,card,failed,bank_error,2,2026-08-11T06:26:57.944969
pay_03767,cust_0767,999,card,failed,limit_exceeded,1,2026-08-12T21:18:57.944973
pay_03768,cust_0385,9999,upi,success,,1,2026-08-01T08:57:57.944978
pay_03769,cust_0350,4999,netbanking,success,,1,2026-08-12T05:18:57.944983
pay_03770,cust_0865,199,upi,failed,limit_exceeded,3,2026-08-16T04:02:57.944988
pay_03771,cust_0477,2499,upi,success,,2,2026-07-24T09:03:57.944993
pay_03772,cust_0838,499,card,success,,1,2026-08-04T16:37:57.944997
pay_03773,cust_0304,1499,netbanking,success,,2,2026-07-27T16:21:57.945002
pay_03774,cust_0888,4999,upi,success,,1,2026-08-10T15:24:57.945006
pay_03775,cust_0290,1499,netbanking,success,,1,2026-08-14T06:53:57.945011
pay_03776,cust_0358,999,netbanking,success,,1,2026-08-15T20:43:57.945016
pay_03777,cust_0620,499,card,failed,limit_exceeded,1,2026-08-10T16:32:57.945021
pay_03778,cust_1160,1999,upi,failed,timeout,2,2026-07-24T17:05:57.945026
pay_03779,cust_0242,1999,card,success,,1,2026-07-23T13:51:57.945030
pay_03780,cust_0228,1499,wallet,success,,1,2026-08-19T07:50:57.945035
pay_03781,cust_1312,999,upi,success,,1,2026-08-20T16:43:57.945039
pay_03782,cust_0987,299,wallet,success,,1,2026-08-16T09:45:57.945044
pay_03783,cust_0011,299,netbanking,success,,1,2026-08-04T02:40:57.945048
pay_03784,cust_0228,499,netbanking,success,,1,2026-08-19T17:28:57.945053
pay_03785,cust_0640,299,netbanking,success,,1,2026-08-11T17:14:57.945059
pay_03786,cust_1436,299,netbanking,success,,1,2026-08-07T11:05:57.945064
pay_03787,cust_1034,4999,netbanking,success,,1,2026-07-27T14:37:57.945069
pay_03788,cust_0577,1499,wallet,success,,1,2026-08-08T08:32:57.945074
pay_03789,cust_0420,2499,upi,failed,timeout,2,2026-07-26T10:55:57.945079
pay_03790,cust_0862,2499,upi,failed,authentication_failed,1,2026-08-05T03:21:57.945083
pay_03791,cust_0755,4999,card,success,,1,2026-08-20T05:58:57.945088
pay_03792,cust_0763,499,wallet,success,,2,2026-07-24T06:08:57.945093
pay_03793,cust_0707,499,wallet,failed,timeout,2,2026-08-20T21:35:57.945098
pay_03794,cust_0731,999,netbanking,success,,1,2026-08-14T11:49:57.945103
pay_03795,cust_1444,199,card,failed,authentication_failed,1,2026-07-27T06:18:57.945107
pay_03796,cust_0420,299,netbanking,success,,1,2026-08-11T20:35:57.945113
pay_03797,cust_0167,999,netbanking,success,,3,2026-08-07T14:11:57.945118
pay_03798,cust_0433,299,upi,success,,2,2026-07-25T13:55:57.945122
pay_03799,cust_1179,1999,netbanking,success,,3,2026-07-29T11:32:57.945127
pay_03800,cust_0881,4999,netbanking,failed,network_error,2,2026-08-16T12:05:57.945132
pay_03801,cust_1011,4999,netbanking,success,,1,2026-08-10T07:41:57.945137
pay_03802,cust_0886,299,netbanking,success,,3,2026-07-22T19:04:57.945141
pay_03803,cust_1402,199,wallet,failed,insufficient_funds,2,2026-08-08T05:06:57.945147
pay_03804,cust_0606,2499,wallet,failed,limit_exceeded,2,2026-08-09T15:53:57.945152
pay_03805,cust_1204,499,netbanking,success,,1,2026-07-31T03:09:57.945157
pay_03806,cust_1157,1499,upi,success,,1,2026-07-31T15:11:57.945162
pay_03807,cust_0321,1999,wallet,failed,timeout,1,2026-08-10T12:30:57.945167
pay_03808,cust_0667,4999,netbanking,success,,2,2026-08-15T04:30:57.945172
pay_03809,cust_1078,1499,card,success,,1,2026-07-29T06:20:57.945177
pay_03810,cust_1242,2499,upi,success,,1,2026-08-04T20:18:57.945181
pay_03811,cust_0436,1999,card,success,,1,2026-08-01T04:08:57.945186
pay_03812,cust_0370,1999,wallet,failed,bank_error,2,2026-08-20T16:13:57.945191
pay_03813,cust_0668,4999,upi,success,,2,2026-08-05T14:52:57.945196
pay_03814,cust_1322,1999,netbanking,failed,timeout,1,2026-08-03T04:42:57.945200
pay_03815,cust_1114,1999,wallet,success,,3,2026-08-13T13:50:57.945205
pay_03816,cust_1251,2499,netbanking,success,,1,2026-08-10T08:54:57.945210
pay_03817,cust_0029,2499,card,success,,1,2026-08-05T00:50:57.945214
pay_03818,cust_1281,4999,netbanking,success,,2,2026-08-03T06:31:57.945219
pay_03819,cust_0461,1499,wallet,success,,1,2026-07-31T04:51:57.945224
pay_03820,cust_1039,2499,upi,success,,1,2026-08-05T20:37:57.945228
pay_03821,cust_1185,999,upi,success,,1,2026-08-10T08:43:57.945233
pay_03822,cust_0091,2499,netbanking,success,,1,2026-08-02T23:06:57.945238
pay_03823,cust_0459,4999,netbanking,failed,limit_exceeded,1,2026-07-29T05:13:57.945242
pay_03824,cust_0657,199,upi,success,,1,2026-08-08T17:56:57.945248
pay_03825,cust_0737,4999,netbanking,success,,1,2026-08-10T11:43:57.945253
pay_03826,cust_1296,4999,upi,success,,2,2026-08-14T02:25:57.945257
pay_03827,cust_0110,4999,upi,success,,1,2026-08-01T18:44:57.945262
pay_03828,cust_1376,2499,wallet,failed,authentication_failed,2,2026-08-07T06:28:57.945268
pay_03829,cust_0208,1999,wallet,success,,1,2026-07-28T02:54:57.945273
pay_03830,cust_0429,4999,netbanking,failed,authentication_failed,1,2026-08-22T07:07:57.945277
pay_03831,cust_0759,199,upi,success,,1,2026-07-25T08:09:57.945282
pay_03832,cust_0461,4999,card,failed,limit_exceeded,1,2026-08-11T09:28:57.945287
pay_03833,cust_0181,999,card,success,,1,2026-08-21T13:53:57.945291
pay_03834,cust_1486,1499,upi,failed,timeout,3,2026-07-30T20:46:57.945296
pay_03835,cust_0632,999,netbanking,failed,network_error,1,2026-08-10T09:01:57.945301
pay_03836,cust_0309,2499,card,failed,insufficient_funds,1,2026-07-23T03:33:57.945306
pay_03837,cust_0986,9999,upi,failed,timeout,1,2026-08-19T21:41:57.945311
pay_03838,cust_0306,499,upi,failed,network_error,1,2026-07-27T05:48:57.945316
pay_03839,cust_1484,2499,netbanking,success,,2,2026-07-29T14:09:57.945320
pay_03840,cust_0112,2499,card,failed,authentication_failed,1,2026-08-07T17:30:57.945325
pay_03841,cust_1362,2499,card,success,,3,2026-07-27T13:43:57.945330
pay_03842,cust_0697,999,upi,success,,1,2026-07-28T12:36:57.945334
pay_03843,cust_0892,1499,wallet,success,,1,2026-08-21T16:42:57.945340
pay_03844,cust_1332,1999,upi,success,,1,2026-07-28T09:23:57.945344
pay_03845,cust_1026,199,card,success,,1,2026-07-27T18:34:57.945349
pay_03846,cust_1288,4999,upi,success,,1,2026-07-24T22:36:57.945354
pay_03847,cust_1492,1499,upi,success,,1,2026-08-10T14:46:57.945359
pay_03848,cust_0768,2499,wallet,success,,1,2026-08-06T22:33:57.945364
pay_03849,cust_0198,199,netbanking,success,,1,2026-07-28T10:38:57.945369
pay_03850,cust_1201,299,netbanking,success,,1,2026-07-31T03:22:57.945374
pay_03851,cust_1383,1499,wallet,success,,1,2026-07-25T19:14:57.945379
pay_03852,cust_0444,2499,netbanking,success,,1,2026-08-02T06:25:57.945384
pay_03853,cust_0848,499,upi,failed,timeout,1,2026-07-27T07:25:57.945388
pay_03854,cust_0029,199,netbanking,success,,1,2026-08-07T03:26:57.945393
pay_03855,cust_0445,299,card,success,,1,2026-07-31T01:12:57.945398
pay_03856,cust_0523,199,upi,failed,limit_exceeded,1,2026-08-07T04:42:57.945403
pay_03857,cust_0205,199,netbanking,success,,1,2026-08-20T06:10:57.945408
pay_03858,cust_0687,1999,upi,failed,authentication_failed,1,2026-07-28T21:39:57.945412
pay_03859,cust_1030,1999,wallet,failed,bank_error,1,2026-07-29T08:19:57.945417
pay_03860,cust_0579,4999,netbanking,success,,1,2026-07-25T13:16:57.945422
pay_03861,cust_0775,1499,card,success,,1,2026-08-17T06:49:57.945426
pay_03862,cust_0050,1999,card,failed,bank_error,2,2026-08-15T22:20:57.945431
pay_03863,cust_0508,4999,netbanking,success,,2,2026-08-01T09:09:57.945437
pay_03864,cust_0712,1999,netbanking,success,,1,2026-07-25T20:52:57.945445
pay_03865,cust_0116,2499,upi,success,,2,2026-07-24T00:13:57.945450
pay_03866,cust_1231,4999,wallet,success,,2,2026-08-07T17:22:57.945455
pay_03867,cust_0028,199,netbanking,success,,1,2026-08-06T03:38:57.945460
pay_03868,cust_1424,1499,upi,failed,authentication_failed,1,2026-08-17T19:42:57.945465
pay_03869,cust_0671,2499,wallet,success,,1,2026-08-17T20:04:57.945469
pay_03870,cust_0401,9999,upi,success,,1,2026-08-12T21:23:57.945474
pay_03871,cust_1430,4999,netbanking,failed,bank_error,1,2026-08-15T13:14:57.945480
pay_03872,cust_0963,199,netbanking,failed,network_error,1,2026-08-10T15:55:57.945485
pay_03873,cust_0427,299,wallet,success,,3,2026-07-23T10:42:57.945489
pay_03874,cust_0330,9999,card,success,,2,2026-08-07T21:19:57.945494
pay_03875,cust_0795,299,card,success,,2,2026-08-03T08:47:57.945499
pay_03876,cust_1355,199,netbanking,success,,1,2026-07-29T08:08:57.945503
pay_03877,cust_0855,2499,netbanking,success,,3,2026-08-14T22:42:57.945508
pay_03878,cust_1303,1999,upi,failed,network_error,1,2026-07-30T07:41:57.945512
pay_03879,cust_0079,299,card,success,,1,2026-08-13T18:52:57.945517
pay_03880,cust_1099,199,card,success,,2,2026-08-21T08:15:57.945522
pay_03881,cust_0511,499,netbanking,success,,1,2026-07-30T21:28:57.945526
pay_03882,cust_1439,9999,upi,failed,timeout,1,2026-07-22T22:10:57.945532
pay_03883,cust_0349,1999,card,success,,1,2026-08-04T15:42:57.945537
pay_03884,cust_0207,9999,card,success,,1,2026-08-12T20:16:57.945542
pay_03885,cust_0157,1999,wallet,success,,2,2026-07-31T17:14:57.945546
pay_03886,cust_0044,1999,card,success,,1,2026-08-18T00:41:57.945551
pay_03887,cust_0144,999,card,success,,1,2026-07-31T10:41:57.945556
pay_03888,cust_0428,199,card,failed,insufficient_funds,1,2026-08-18T00:05:57.945560
pay_03889,cust_0043,999,wallet,success,,1,2026-07-22T13:26:57.945565
pay_03890,cust_0752,499,netbanking,success,,1,2026-08-04T10:42:57.945570
pay_03891,cust_0851,1499,card,success,,1,2026-07-25T07:53:57.945575
pay_03892,cust_0156,4999,wallet,failed,timeout,1,2026-07-24T23:34:57.945580
pay_03893,cust_0594,1499,netbanking,success,,1,2026-08-13T23:27:57.945585
pay_03894,cust_1500,299,wallet,success,,2,2026-08-03T05:14:57.945590
pay_03895,cust_0327,2499,netbanking,success,,1,2026-08-07T12:43:57.945595
pay_03896,cust_0809,9999,wallet,success,,2,2026-08-21T22:31:57.945600
pay_03897,cust_0546,1999,card,failed,network_error,2,2026-08-06T22:17:57.945604
pay_03898,cust_1122,199,upi,success,,2,2026-08-04T21:41:57.945610
pay_03899,cust_0628,999,wallet,success,,1,2026-07-26T01:53:57.945614
pay_03900,cust_0323,2499,card,success,,2,2026-08-11T00:44:57.945619
pay_03901,cust_1053,2499,netbanking,success,,2,2026-08-19T15:10:57.945624
pay_03902,cust_0545,2499,netbanking,success,,1,2026-08-12T10:05:57.945629
pay_03903,cust_0532,299,wallet,success,,1,2026-08-02T00:28:57.945634
pay_03904,cust_1296,2499,netbanking,success,,1,2026-07-23T09:51:57.945639
pay_03905,cust_1394,9999,wallet,success,,2,2026-08-16T10:41:57.945644
pay_03906,cust_0219,299,netbanking,success,,2,2026-07-27T06:57:57.945648
pay_03907,cust_0689,299,card,success,,2,2026-07-26T08:33:57.945653
pay_03908,cust_0604,1999,netbanking,success,,1,2026-08-09T18:24:57.945658
pay_03909,cust_0871,9999,upi,failed,limit_exceeded,1,2026-08-20T22:32:57.945663
pay_03910,cust_0255,2499,card,success,,1,2026-08-02T14:30:57.945667
pay_03911,cust_0146,1499,card,failed,timeout,2,2026-07-23T04:53:57.945672
pay_03912,cust_1182,999,card,success,,1,2026-07-23T18:50:57.945677
pay_03913,cust_0792,499,upi,success,,2,2026-07-28T18:39:57.945682
pay_03914,cust_1334,4999,card,success,,1,2026-08-13T12:29:57.945688
pay_03915,cust_0977,4999,card,failed,bank_error,1,2026-08-02T23:55:57.945693
pay_03916,cust_1351,1999,netbanking,success,,1,2026-07-27T14:24:57.945698
pay_03917,cust_0920,2499,card,failed,insufficient_funds,1,2026-07-22T22:50:57.945702
pay_03918,cust_1082,299,netbanking,success,,2,2026-07-28T06:13:57.945707
pay_03919,cust_1473,499,card,failed,timeout,1,2026-08-11T05:26:57.945712
pay_03920,cust_0600,299,netbanking,success,,2,2026-08-16T06:09:57.945716
pay_03921,cust_0144,299,upi,success,,1,2026-08-06T09:22:57.945722
pay_03922,cust_0546,9999,card,success,,1,2026-08-05T12:20:57.945726
pay_03923,cust_0120,1499,netbanking,success,,2,2026-08-17T07:55:57.945731
pay_03924,cust_1158,199,upi,success,,1,2026-08-15T16:41:57.945735
pay_03925,cust_0846,499,card,success,,1,2026-08-01T08:57:57.945740
pay_03926,cust_0760,1499,upi,success,,1,2026-08-12T07:09:57.945745
pay_03927,cust_0944,499,netbanking,success,,1,2026-08-05T16:59:57.945750
pay_03928,cust_1202,1999,netbanking,failed,limit_exceeded,2,2026-08-15T06:09:57.945754
pay_03929,cust_1373,1499,netbanking,failed,network_error,1,2026-07-23T03:50:57.945759
pay_03930,cust_0373,199,wallet,success,,1,2026-07-26T02:20:57.945764
pay_03931,cust_1491,1999,wallet,success,,1,2026-08-03T04:14:57.945769
pay_03932,cust_0611,1499,netbanking,failed,insufficient_funds,1,2026-08-07T06:33:57.945774
pay_03933,cust_0779,1499,wallet,failed,bank_error,1,2026-07-26T09:39:57.945778
pay_03934,cust_0416,199,upi,success,,1,2026-08-04T06:37:57.945784
pay_03935,cust_0778,1999,netbanking,success,,1,2026-07-25T11:03:57.945789
pay_03936,cust_0707,4999,netbanking,success,,2,2026-07-22T11:49:57.945794
pay_03937,cust_0742,4999,card,success,,1,2026-08-02T18:53:57.945799
pay_03938,cust_0160,1499,upi,success,,2,2026-08-15T05:44:57.945803
pay_03939,cust_0599,4999,netbanking,success,,1,2026-08-12T16:57:57.945808
pay_03940,cust_1476,499,netbanking,success,,2,2026-07-23T04:01:57.945813
pay_03941,cust_0270,1999,wallet,failed,network_error,1,2026-08-12T01:07:57.945818
pay_03942,cust_0419,199,upi,success,,1,2026-08-20T06:59:57.945823
pay_03943,cust_0237,9999,wallet,success,,1,2026-07-22T16:16:57.945828
pay_03944,cust_0583,999,wallet,success,,1,2026-07-30T01:35:57.945833
pay_03945,cust_0250,499,card,success,,1,2026-08-01T14:39:57.945837
pay_03946,cust_0057,2499,netbanking,success,,1,2026-08-15T03:42:57.945842
pay_03947,cust_1386,299,upi,success,,1,2026-08-10T07:55:57.945847
pay_03948,cust_0246,2499,card,success,,1,2026-08-05T09:06:57.945851
pay_03949,cust_0067,9999,card,success,,1,2026-07-31T03:26:57.945856
pay_03950,cust_0545,1999,wallet,failed,authentication_failed,1,2026-08-09T22:32:57.945862
pay_03951,cust_0940,499,card,failed,bank_error,1,2026-08-13T12:11:57.945867
pay_03952,cust_0912,1999,wallet,success,,1,2026-07-29T23:52:57.945871
pay_03953,cust_0537,9999,upi,success,,1,2026-07-24T19:03:57.945876
pay_03954,cust_1131,4999,wallet,success,,1,2026-08-19T01:46:57.945881
pay_03955,cust_0549,2499,wallet,failed,timeout,1,2026-08-19T01:33:57.945885
pay_03956,cust_0341,299,card,success,,1,2026-07-24T04:29:57.945893
pay_03957,cust_0073,299,netbanking,success,,1,2026-08-20T23:16:57.945898
pay_03958,cust_0239,4999,wallet,success,,1,2026-08-11T23:31:57.945902
pay_03959,cust_0623,499,netbanking,failed,bank_error,1,2026-07-30T17:45:57.945907
pay_03960,cust_1206,499,wallet,success,,1,2026-07-30T23:59:57.945913
pay_03961,cust_0475,999,wallet,success,,2,2026-08-15T11:22:57.945917
pay_03962,cust_0060,199,wallet,success,,2,2026-07-31T17:22:57.945922
pay_03963,cust_0444,9999,upi,failed,bank_error,1,2026-08-14T09:52:57.945927
pay_03964,cust_1094,999,netbanking,success,,1,2026-08-14T03:56:57.945931
pay_03965,cust_1401,1499,upi,success,,1,2026-07-26T05:16:57.945936
pay_03966,cust_0375,1499,wallet,success,,2,2026-08-10T02:42:57.945941
pay_03967,cust_0786,499,upi,success,,2,2026-07-27T19:25:57.945946
pay_03968,cust_0098,1999,netbanking,success,,2,2026-07-22T21:21:57.945950
pay_03969,cust_1396,1499,netbanking,failed,insufficient_funds,3,2026-08-15T12:44:57.945955
pay_03970,cust_0334,4999,card,failed,limit_exceeded,1,2026-07-26T12:20:57.945960
pay_03971,cust_0733,9999,card,success,,1,2026-08-21T20:12:57.945964
pay_03972,cust_0285,1499,netbanking,failed,network_error,1,2026-08-15T21:25:57.945969
pay_03973,cust_1294,199,upi,failed,bank_error,1,2026-08-08T00:18:57.945974
pay_03974,cust_1168,1499,card,success,,1,2026-08-20T07:52:57.945979
pay_03975,cust_0394,9999,upi,failed,limit_exceeded,2,2026-08-01T21:24:57.945984
pay_03976,cust_0618,4999,upi,failed,authentication_failed,1,2026-08-07T07:53:57.945989
pay_03977,cust_1440,2499,upi,success,,1,2026-07-27T06:59:57.945994
pay_03978,cust_1224,1999,upi,success,,1,2026-07-22T13:44:57.945999
pay_03979,cust_0341,499,netbanking,success,,1,2026-08-07T02:32:57.946004
pay_03980,cust_0999,1499,card,success,,1,2026-08-09T02:40:57.946009
pay_03981,cust_1148,1999,netbanking,success,,1,2026-07-23T05:25:57.946014
pay_03982,cust_0432,299,card,failed,insufficient_funds,1,2026-08-03T04:40:57.946019
pay_03983,cust_1115,299,netbanking,success,,2,2026-07-25T19:36:57.946023
pay_03984,cust_0615,199,card,success,,1,2026-07-27T09:25:57.946028
pay_03985,cust_1480,199,wallet,success,,3,2026-08-08T10:54:57.946033
pay_03986,cust_0625,1499,wallet,success,,1,2026-08-09T21:49:57.946038
pay_03987,cust_1200,1499,netbanking,failed,insufficient_funds,2,2026-07-22T22:45:57.946043
pay_03988,cust_1463,4999,wallet,success,,1,2026-08-02T05:23:57.946047
pay_03989,cust_0636,2499,card,success,,1,2026-08-21T19:13:57.946052
pay_03990,cust_0104,9999,netbanking,success,,1,2026-07-31T06:35:57.946057
pay_03991,cust_0062,999,netbanking,success,,1,2026-07-26T18:16:57.946062
pay_03992,cust_1333,499,netbanking,success,,1,2026-07-25T20:39:57.946067
pay_03993,cust_0218,499,netbanking,success,,1,2026-08-14T07:21:57.946071
pay_03994,cust_0803,499,card,failed,insufficient_funds,2,2026-08-20T00:22:57.946076
pay_03995,cust_0807,4999,netbanking,success,,3,2026-08-21T08:10:57.946081
pay_03996,cust_0736,1499,wallet,success,,1,2026-08-19T21:59:57.946086
pay_03997,cust_0844,2499,netbanking,success,,1,2026-08-02T02:56:57.946091
pay_03998,cust_0336,2499,wallet,success,,1,2026-07-29T19:04:57.946097
pay_03999,cust_0115,9999,card,failed,timeout,1,2026-07-29T10:52:57.946102
pay_04000,cust_0986,1499,wallet,success,,1,2026-08-04T08:43:57.946108
pay_04001,cust_0563,2499,card,success,,1,2026-08-16T05:28:57.946113
pay_04002,cust_0331,199,netbanking,success,,2,2026-08-11T17:19:57.946117
pay_04003,cust_0405,999,netbanking,success,,1,2026-07-27T05:50:57.946122
pay_04004,cust_1448,1499,wallet,success,,1,2026-08-06T17:38:57.946127
pay_04005,cust_0702,999,wallet,success,,1,2026-08-05T21:12:57.946131
pay_04006,cust_1255,999,card,success,,3,2026-08-17T17:52:57.946136
pay_04007,cust_1368,199,card,success,,1,2026-08-15T23:02:57.946141
pay_04008,cust_0320,4999,netbanking,success,,1,2026-08-04T14:31:57.946145
pay_04009,cust_0819,4999,wallet,success,,2,2026-07-22T23:00:57.946150
pay_04010,cust_1265,1499,upi,success,,1,2026-08-11T02:33:57.946155
pay_04011,cust_0596,299,wallet,success,,2,2026-08-02T04:54:57.946159
pay_04012,cust_0636,9999,netbanking,success,,2,2026-08-17T11:16:57.946164
pay_04013,cust_0324,1499,wallet,success,,2,2026-07-29T18:56:57.946169
pay_04014,cust_0697,199,card,success,,1,2026-08-18T01:35:57.946173
pay_04015,cust_1281,499,card,success,,1,2026-08-16T05:24:57.946178
pay_04016,cust_1118,4999,wallet,success,,1,2026-08-06T10:26:57.946183
pay_04017,cust_1143,4999,upi,success,,1,2026-07-29T06:54:57.946187
pay_04018,cust_1090,299,upi,success,,1,2026-08-01T13:14:57.946192
pay_04019,cust_1349,2499,card,success,,1,2026-07-26T13:25:57.946198
pay_04020,cust_0438,999,wallet,failed,timeout,1,2026-07-30T12:05:57.946203
pay_04021,cust_0358,1499,card,failed,insufficient_funds,2,2026-08-01T11:43:57.946208
pay_04022,cust_0912,9999,card,success,,1,2026-08-15T18:00:57.946213
pay_04023,cust_0914,4999,netbanking,success,,3,2026-08-21T06:18:57.946217
pay_04024,cust_0941,2499,netbanking,failed,network_error,1,2026-07-26T18:04:57.946222
pay_04025,cust_0547,199,netbanking,success,,1,2026-08-16T08:18:57.946227
pay_04026,cust_0611,199,card,failed,insufficient_funds,1,2026-08-03T18:10:57.946232
pay_04027,cust_1076,2499,netbanking,failed,authentication_failed,3,2026-08-12T17:29:57.946237
pay_04028,cust_0593,4999,wallet,failed,timeout,1,2026-08-05T10:38:57.946241
pay_04029,cust_1179,999,card,failed,limit_exceeded,2,2026-08-01T22:39:57.946246
pay_04030,cust_0995,499,wallet,success,,2,2026-07-28T19:20:57.946251
pay_04031,cust_1479,2499,card,success,,1,2026-08-06T17:07:57.946255
pay_04032,cust_1056,999,netbanking,success,,1,2026-08-02T01:31:57.946260
pay_04033,cust_0309,2499,netbanking,success,,1,2026-08-19T12:36:57.946264
pay_04034,cust_0392,299,upi,success,,1,2026-07-25T16:08:57.946269
pay_04035,cust_0108,1499,card,success,,2,2026-08-17T06:06:57.946273
pay_04036,cust_0754,1499,netbanking,failed,insufficient_funds,2,2026-08-01T16:37:57.946278
pay_04037,cust_1193,9999,netbanking,success,,1,2026-08-05T10:00:57.946283
pay_04038,cust_1345,199,wallet,failed,bank_error,2,2026-08-17T20:55:57.946289
pay_04039,cust_0900,4999,upi,success,,1,2026-08-05T09:11:57.946293
pay_04040,cust_1212,2499,netbanking,failed,network_error,1,2026-08-11T04:06:57.946298
pay_04041,cust_0948,2499,upi,success,,1,2026-08-03T22:08:57.946304
pay_04042,cust_0806,1999,netbanking,success,,1,2026-08-19T20:13:57.946309
pay_04043,cust_0233,1999,wallet,success,,2,2026-07-27T12:09:57.946314
pay_04044,cust_0979,1999,card,failed,authentication_failed,1,2026-07-29T09:12:57.946318
pay_04045,cust_0450,199,wallet,success,,2,2026-08-04T00:33:57.946323
pay_04046,cust_0558,1499,card,success,,1,2026-08-09T13:39:57.946328
pay_04047,cust_0337,1999,upi,success,,1,2026-08-07T03:35:57.946332
pay_04048,cust_1153,4999,netbanking,failed,authentication_failed,2,2026-07-29T14:22:57.946337
pay_04049,cust_1285,199,netbanking,failed,insufficient_funds,1,2026-07-28T11:14:57.946342
pay_04050,cust_0150,499,upi,failed,bank_error,1,2026-07-25T04:20:57.946347
pay_04051,cust_1091,2499,card,failed,bank_error,1,2026-08-18T20:45:57.946352
pay_04052,cust_1200,4999,card,success,,1,2026-08-01T01:12:57.946357
pay_04053,cust_0917,1499,upi,failed,limit_exceeded,1,2026-07-25T20:31:57.946362
pay_04054,cust_0520,4999,upi,failed,bank_error,2,2026-08-14T13:05:57.946367
pay_04055,cust_1033,4999,wallet,failed,timeout,1,2026-08-13T08:10:57.946371
pay_04056,cust_1327,499,wallet,success,,1,2026-08-09T18:51:57.946376
pay_04057,cust_0815,299,wallet,success,,1,2026-07-28T15:45:57.946381
pay_04058,cust_0090,1999,upi,success,,1,2026-08-17T20:21:57.946386
pay_04059,cust_0645,499,upi,success,,2,2026-08-02T04:04:57.946391
pay_04060,cust_0226,999,upi,failed,bank_error,1,2026-08-10T21:57:57.946395
pay_04061,cust_0177,2499,wallet,success,,1,2026-08-01T15:13:57.946400
pay_04062,cust_1184,999,card,success,,2,2026-07-28T12:19:57.946406
pay_04063,cust_0667,1999,card,success,,1,2026-08-21T04:31:57.946411
pay_04064,cust_0685,999,netbanking,success,,1,2026-08-13T00:14:57.946415
pay_04065,cust_0284,1999,card,success,,1,2026-08-07T12:35:57.946420
pay_04066,cust_0090,199,wallet,success,,2,2026-07-23T22:54:57.946425
pay_04067,cust_0811,2499,card,success,,1,2026-08-21T05:20:57.946429
pay_04068,cust_0191,1999,card,success,,1,2026-07-27T05:02:57.946434
pay_04069,cust_0514,999,wallet,success,,1,2026-07-29T16:38:57.946438
pay_04070,cust_1423,199,wallet,success,,1,2026-08-02T05:14:57.946443
pay_04071,cust_0349,9999,wallet,success,,2,2026-08-19T23:05:57.946447
pay_04072,cust_0183,299,upi,failed,timeout,1,2026-08-09T01:49:57.946452
pay_04073,cust_1064,999,upi,failed,limit_exceeded,1,2026-07-25T08:39:57.946457
pay_04074,cust_0281,299,wallet,success,,1,2026-07-26T07:24:57.946462
pay_04075,cust_1245,299,wallet,success,,1,2026-08-14T07:04:57.946466
pay_04076,cust_1130,499,card,success,,1,2026-07-23T14:31:57.946471
pay_04077,cust_0884,499,card,failed,authentication_failed,2,2026-08-15T21:05:57.946477
pay_04078,cust_0805,499,card,success,,1,2026-08-04T19:32:57.946482
pay_04079,cust_1249,2499,netbanking,success,,2,2026-07-31T09:15:57.946486
pay_04080,cust_0566,4999,upi,success,,1,2026-08-02T02:47:57.946491
pay_04081,cust_0545,999,card,success,,1,2026-08-20T04:02:57.946495
pay_04082,cust_0545,1999,netbanking,success,,1,2026-08-06T20:41:57.946500
pay_04083,cust_0853,299,upi,failed,timeout,2,2026-08-13T12:36:57.946506
pay_04084,cust_0390,1999,wallet,success,,2,2026-07-25T08:25:57.946511
pay_04085,cust_0460,999,card,success,,1,2026-08-13T12:10:57.946516
pay_04086,cust_1372,4999,wallet,success,,1,2026-08-04T13:22:57.946521
pay_04087,cust_0828,1499,card,failed,timeout,2,2026-08-22T01:21:57.946526
pay_04088,cust_0588,199,wallet,failed,network_error,1,2026-08-03T07:59:57.946530
pay_04089,cust_1385,999,card,success,,1,2026-07-26T07:45:57.946535
pay_04090,cust_0831,299,upi,success,,1,2026-08-13T11:08:57.946539
pay_04091,cust_0679,1999,card,failed,bank_error,1,2026-08-08T04:27:57.946545
pay_04092,cust_0733,999,upi,success,,2,2026-07-26T17:27:57.946549
pay_04093,cust_0236,199,card,success,,1,2026-08-18T06:31:57.946554
pay_04094,cust_0103,299,upi,success,,1,2026-08-09T16:41:57.946558
pay_04095,cust_1243,199,wallet,success,,1,2026-08-08T03:10:57.946563
pay_04096,cust_0592,1499,card,success,,2,2026-07-25T14:45:57.946568
pay_04097,cust_1477,1999,card,success,,1,2026-07-26T22:14:57.946574
pay_04098,cust_1400,299,upi,success,,1,2026-08-18T21:43:57.946578
pay_04099,cust_0132,9999,card,success,,2,2026-08-02T03:45:57.946583
pay_04100,cust_0628,9999,wallet,success,,1,2026-08-11T10:29:57.946588
pay_04101,cust_0969,199,upi,failed,bank_error,1,2026-08-10T12:02:57.946593
pay_04102,cust_0422,999,card,success,,1,2026-08-01T04:25:57.946598
pay_04103,cust_0306,4999,wallet,success,,1,2026-08-05T16:02:57.946603
pay_04104,cust_0824,499,upi,failed,timeout,1,2026-07-23T00:59:57.946608
pay_04105,cust_0584,4999,upi,failed,timeout,1,2026-07-25T19:03:57.946613
pay_04106,cust_0818,2499,card,success,,1,2026-08-17T11:57:57.946618
pay_04107,cust_1114,2499,wallet,success,,1,2026-08-02T05:50:57.946623
pay_04108,cust_0529,4999,netbanking,success,,1,2026-08-16T08:09:57.946628
pay_04109,cust_0521,1499,upi,success,,1,2026-07-31T19:01:57.946633
pay_04110,cust_0255,2499,card,success,,1,2026-07-28T21:20:57.946638
pay_04111,cust_1285,4999,netbanking,success,,1,2026-07-30T08:54:57.946642
pay_04112,cust_1130,2499,netbanking,success,,1,2026-08-05T10:38:57.946647
pay_04113,cust_0530,999,netbanking,success,,2,2026-08-15T12:48:57.946652
pay_04114,cust_0223,4999,upi,failed,limit_exceeded,3,2026-08-16T16:40:57.946656
pay_04115,cust_0674,199,card,success,,1,2026-08-11T08:50:57.946661
pay_04116,cust_0157,999,wallet,failed,limit_exceeded,2,2026-08-03T18:47:57.946667
pay_04117,cust_1105,4999,netbanking,failed,limit_exceeded,1,2026-08-20T23:18:57.946672
pay_04118,cust_0165,9999,upi,success,,3,2026-08-22T03:56:57.946676
pay_04119,cust_0233,2499,netbanking,success,,3,2026-08-13T16:03:57.946681
pay_04120,cust_1341,1999,wallet,failed,bank_error,2,2026-08-09T23:33:57.946686
pay_04121,cust_0951,1999,wallet,success,,1,2026-07-28T14:01:57.946690
pay_04122,cust_1199,999,wallet,success,,1,2026-08-17T04:43:57.946695
pay_04123,cust_0175,499,netbanking,failed,network_error,1,2026-08-12T23:07:57.946700
pay_04124,cust_1213,4999,wallet,failed,network_error,1,2026-08-19T19:52:57.946705
pay_04125,cust_0163,1999,netbanking,failed,authentication_failed,1,2026-08-19T03:24:57.946709
pay_04126,cust_0197,1499,netbanking,failed,authentication_failed,1,2026-08-21T13:35:57.946716
pay_04127,cust_1099,499,wallet,failed,authentication_failed,1,2026-07-27T15:52:57.946721
pay_04128,cust_1208,299,netbanking,success,,2,2026-07-31T07:30:57.946725
pay_04129,cust_0924,299,netbanking,success,,1,2026-08-15T23:47:57.946730
pay_04130,cust_0748,1499,wallet,success,,1,2026-08-07T15:07:57.946734
pay_04131,cust_0550,1499,netbanking,success,,1,2026-08-19T18:39:57.946739
pay_04132,cust_0200,499,card,success,,1,2026-08-12T08:33:57.946744
pay_04133,cust_0794,299,netbanking,success,,3,2026-07-26T20:31:57.946748
pay_04134,cust_0569,4999,wallet,success,,1,2026-07-30T23:53:57.946753
pay_04135,cust_0951,2499,wallet,failed,timeout,1,2026-07-24T00:08:57.946758
pay_04136,cust_1133,4999,wallet,success,,1,2026-08-05T09:30:57.946763
pay_04137,cust_1050,1499,wallet,success,,1,2026-07-28T09:54:57.946768
pay_04138,cust_1022,2499,netbanking,success,,1,2026-08-04T15:15:57.946773
pay_04139,cust_0946,1499,upi,failed,bank_error,1,2026-07-25T14:07:57.946778
pay_04140,cust_0768,2499,card,success,,1,2026-08-15T18:31:57.946782
pay_04141,cust_1222,499,wallet,success,,1,2026-08-04T07:32:57.946787
pay_04142,cust_0132,2499,upi,success,,1,2026-08-14T02:40:57.946792
pay_04143,cust_1251,199,card,failed,bank_error,1,2026-08-06T04:04:57.946797
pay_04144,cust_0612,1499,upi,success,,1,2026-08-11T17:52:57.946801
pay_04145,cust_1465,499,netbanking,success,,1,2026-08-05T07:20:57.946806
pay_04146,cust_1250,1999,wallet,success,,1,2026-07-26T22:43:57.946811
pay_04147,cust_0238,1499,upi,success,,2,2026-08-09T11:13:57.946817
pay_04148,cust_0306,4999,upi,success,,3,2026-08-07T09:36:57.946821
pay_04149,cust_1228,1499,netbanking,success,,1,2026-08-11T01:10:57.946826
pay_04150,cust_0813,1999,upi,success,,2,2026-08-16T14:06:57.946830
pay_04151,cust_0359,1999,netbanking,success,,1,2026-08-16T09:53:57.946835
pay_04152,cust_0770,999,netbanking,success,,1,2026-08-15T23:22:57.946840
pay_04153,cust_0056,1499,upi,success,,1,2026-07-29T12:21:57.946844
pay_04154,cust_1424,1499,card,success,,1,2026-07-28T08:04:57.946850
pay_04155,cust_1056,199,card,success,,1,2026-07-27T14:33:57.946856
pay_04156,cust_0806,1499,wallet,success,,1,2026-07-26T05:43:57.946860
pay_04157,cust_0051,999,wallet,success,,1,2026-08-09T15:46:57.946865
pay_04158,cust_0717,999,card,failed,bank_error,1,2026-08-20T21:27:57.946870
pay_04159,cust_0587,199,card,success,,1,2026-07-23T00:50:57.946875
pay_04160,cust_0376,2499,netbanking,success,,1,2026-08-21T01:03:57.946880
pay_04161,cust_0206,1499,netbanking,success,,2,2026-07-22T23:51:57.946884
pay_04162,cust_1297,2499,card,success,,1,2026-07-31T09:27:57.946889
pay_04163,cust_0570,4999,netbanking,success,,1,2026-08-13T08:43:57.946894
pay_04164,cust_0081,499,netbanking,failed,timeout,1,2026-07-24T10:50:57.946899
pay_04165,cust_0516,4999,card,failed,timeout,1,2026-08-11T17:53:57.946904
pay_04166,cust_0860,1999,upi,failed,timeout,1,2026-08-14T07:24:57.946909
pay_04167,cust_0711,4999,upi,success,,1,2026-08-20T23:43:57.946914
pay_04168,cust_0275,1499,netbanking,success,,1,2026-08-15T05:23:57.946919
pay_04169,cust_0289,2499,upi,success,,1,2026-08-21T06:34:57.946924
pay_04170,cust_1453,1499,upi,failed,insufficient_funds,1,2026-07-31T23:48:57.946929
pay_04171,cust_0560,199,upi,success,,1,2026-07-27T05:33:57.946934
pay_04172,cust_1100,299,card,success,,1,2026-08-16T23:41:57.946938
pay_04173,cust_0835,499,wallet,success,,1,2026-07-26T03:58:57.946943
pay_04174,cust_1149,4999,netbanking,failed,network_error,1,2026-08-13T08:46:57.946948
pay_04175,cust_1468,999,upi,failed,authentication_failed,1,2026-08-02T14:01:57.946954
pay_04176,cust_0362,1999,card,success,,1,2026-08-13T19:47:57.946959
pay_04177,cust_0129,1999,card,success,,1,2026-07-24T14:28:57.946964
pay_04178,cust_1012,199,card,failed,network_error,1,2026-08-10T00:39:57.946969
pay_04179,cust_0278,1999,netbanking,success,,1,2026-08-02T01:39:57.946973
pay_04180,cust_1442,299,netbanking,success,,1,2026-08-22T08:58:57.946978
pay_04181,cust_0069,1999,netbanking,success,,2,2026-08-14T23:12:57.946982
pay_04182,cust_0312,299,card,success,,1,2026-08-12T16:31:57.946987
pay_04183,cust_1426,1999,card,success,,1,2026-08-01T15:51:57.946992
pay_04184,cust_0314,2499,upi,failed,authentication_failed,2,2026-08-06T02:47:57.946997
pay_04185,cust_1198,299,card,failed,network_error,2,2026-08-15T08:26:57.947002
pay_04186,cust_1043,2499,wallet,success,,1,2026-08-10T10:26:57.947006
pay_04187,cust_1396,1499,wallet,success,,1,2026-07-26T23:03:57.947011
pay_04188,cust_0705,299,netbanking,failed,bank_error,3,2026-08-18T14:08:57.947016
pay_04189,cust_0927,299,netbanking,success,,2,2026-08-08T11:48:57.947022
pay_04190,cust_1191,9999,upi,success,,3,2026-08-05T15:52:57.947026
pay_04191,cust_1309,999,wallet,failed,limit_exceeded,1,2026-08-10T02:19:57.947031
pay_04192,cust_0546,1999,netbanking,failed,timeout,1,2026-07-30T23:30:57.947036
pay_04193,cust_0707,299,upi,failed,limit_exceeded,1,2026-07-27T05:53:57.947041
pay_04194,cust_0945,9999,upi,failed,timeout,2,2026-08-21T21:18:57.947047
pay_04195,cust_0035,1499,netbanking,success,,2,2026-08-19T10:37:57.947051
pay_04196,cust_1209,499,netbanking,success,,1,2026-08-13T00:31:57.947056
pay_04197,cust_1264,9999,netbanking,success,,1,2026-08-15T23:02:57.947060
pay_04198,cust_0862,299,wallet,failed,bank_error,2,2026-08-06T19:34:57.947065
pay_04199,cust_1272,2499,card,success,,1,2026-08-21T22:49:57.947070
pay_04200,cust_1238,9999,upi,failed,authentication_failed,1,2026-07-27T15:00:57.947075
pay_04201,cust_0377,499,wallet,failed,bank_error,1,2026-08-21T00:35:57.947080
pay_04202,cust_0375,299,card,success,,1,2026-08-19T13:17:57.947084
pay_04203,cust_0989,1499,card,failed,insufficient_funds,1,2026-08-09T00:30:57.947090
pay_04204,cust_1234,2499,upi,failed,limit_exceeded,1,2026-08-15T00:38:57.947095
pay_04205,cust_0975,9999,upi,failed,timeout,2,2026-07-25T10:42:57.947100
pay_04206,cust_0883,9999,card,success,,1,2026-07-29T00:47:57.947105
pay_04207,cust_0207,4999,netbanking,success,,1,2026-08-18T18:33:57.947110
pay_04208,cust_0820,999,card,success,,2,2026-07-22T12:54:57.947114
pay_04209,cust_1272,1999,card,success,,2,2026-07-26T20:04:57.947119
pay_04210,cust_0951,999,netbanking,success,,1,2026-07-26T02:23:57.947123
pay_04211,cust_0303,199,card,failed,timeout,1,2026-07-24T10:05:57.947129
pay_04212,cust_1289,4999,wallet,success,,1,2026-08-14T14:04:57.947134
pay_04213,cust_1014,1499,netbanking,success,,2,2026-08-18T03:41:57.947138
pay_04214,cust_1246,299,card,failed,bank_error,1,2026-08-09T12:24:57.947144
pay_04215,cust_0097,9999,upi,success,,2,2026-07-31T13:59:57.947149
pay_04216,cust_0277,1999,wallet,success,,1,2026-08-21T18:04:57.947154
pay_04217,cust_0899,2499,wallet,success,,1,2026-08-20T21:56:57.947159
pay_04218,cust_1349,1499,wallet,success,,1,2026-07-27T19:32:57.947163
pay_04219,cust_0997,2499,wallet,success,,1,2026-08-19T18:06:57.947168
pay_04220,cust_0928,1999,upi,failed,insufficient_funds,2,2026-08-02T00:49:57.947173
pay_04221,cust_0556,499,netbanking,success,,1,2026-08-18T15:26:57.947177
pay_04222,cust_0855,1999,netbanking,success,,2,2026-08-13T19:32:57.947182
pay_04223,cust_1499,299,netbanking,success,,3,2026-08-03T07:27:57.947186
pay_04224,cust_1222,4999,upi,success,,2,2026-07-26T21:41:57.947191
pay_04225,cust_1023,999,upi,success,,1,2026-07-25T20:19:57.947195
pay_04226,cust_0533,1999,wallet,failed,timeout,1,2026-08-12T09:50:57.947200
pay_04227,cust_0028,1499,card,success,,1,2026-08-12T10:16:57.947205
pay_04228,cust_0082,299,wallet,failed,insufficient_funds,1,2026-07-30T15:18:57.947210
pay_04229,cust_1336,4999,upi,success,,3,2026-08-20T16:00:57.947215
pay_04230,cust_0896,999,netbanking,success,,1,2026-07-24T11:24:57.947220
pay_04231,cust_0216,199,netbanking,success,,1,2026-08-20T06:12:57.947224
pay_04232,cust_0229,999,card,success,,1,2026-08-06T01:05:57.947230
pay_04233,cust_1158,999,upi,success,,2,2026-07-25T07:21:57.947236
pay_04234,cust_0573,299,card,success,,1,2026-08-17T16:16:57.947241
pay_04235,cust_0226,9999,upi,failed,limit_exceeded,2,2026-07-29T07:14:57.947245
pay_04236,cust_0741,1999,card,failed,network_error,1,2026-08-04T03:44:57.947250
pay_04237,cust_0778,9999,wallet,success,,1,2026-08-11T00:10:57.947255
pay_04238,cust_0552,299,card,success,,1,2026-08-12T23:15:57.947260
pay_04239,cust_0595,499,card,failed,network_error,1,2026-07-28T14:58:57.947265
pay_04240,cust_1298,4999,card,success,,1,2026-07-24T08:07:57.947270
pay_04241,cust_0185,9999,wallet,failed,bank_error,1,2026-08-21T20:49:57.947275
pay_04242,cust_0859,4999,card,success,,1,2026-07-29T12:25:57.947279
pay_04243,cust_0662,299,card,failed,network_error,2,2026-07-27T02:55:57.947284
pay_04244,cust_1069,9999,card,success,,1,2026-08-11T23:14:57.947289
pay_04245,cust_1080,4999,upi,success,,1,2026-08-12T23:41:57.947294
pay_04246,cust_1306,1499,netbanking,success,,1,2026-08-05T05:56:57.947298
pay_04247,cust_0633,299,wallet,success,,1,2026-07-24T20:19:57.947303
pay_04248,cust_0960,1999,card,success,,1,2026-07-22T10:33:57.947308
pay_04249,cust_0133,2499,wallet,success,,1,2026-08-16T04:05:57.947313
pay_04250,cust_0430,199,netbanking,success,,3,2026-08-09T01:30:57.947317
pay_04251,cust_0214,4999,wallet,failed,network_error,1,2026-08-08T18:46:57.947322
pay_04252,cust_0931,199,netbanking,failed,bank_error,2,2026-08-01T16:22:57.947327
pay_04253,cust_0376,199,wallet,failed,limit_exceeded,1,2026-08-02T12:06:57.947334
pay_04254,cust_0689,2499,netbanking,success,,1,2026-08-14T16:31:57.947339
pay_04255,cust_1151,499,wallet,success,,1,2026-08-09T08:17:57.947344
pay_04256,cust_0820,199,netbanking,success,,1,2026-07-31T10:44:57.947349
pay_04257,cust_1113,4999,upi,success,,1,2026-08-06T22:24:57.947354
pay_04258,cust_0241,1999,netbanking,failed,authentication_failed,1,2026-08-08T21:23:57.947359
pay_04259,cust_0783,999,card,success,,2,2026-08-08T06:02:57.947363
pay_04260,cust_0420,4999,upi,failed,insufficient_funds,1,2026-08-01T18:15:57.947368
pay_04261,cust_0016,999,wallet,success,,1,2026-08-16T19:44:57.947373
pay_04262,cust_0116,1999,card,success,,2,2026-08-01T18:05:57.947378
pay_04263,cust_0591,1499,wallet,success,,1,2026-08-16T00:51:57.947382
pay_04264,cust_0939,2499,netbanking,success,,1,2026-07-30T07:17:57.947387
pay_04265,cust_0361,1499,card,success,,1,2026-08-13T14:29:57.947392
pay_04266,cust_1361,199,card,failed,bank_error,1,2026-08-05T11:33:57.947397
pay_04267,cust_0500,1499,card,success,,1,2026-07-24T22:59:57.947401
pay_04268,cust_0535,299,netbanking,success,,2,2026-07-29T17:41:57.947406
pay_04269,cust_0668,1499,card,success,,1,2026-07-23T15:43:57.947411
pay_04270,cust_1079,1499,netbanking,failed,network_error,1,2026-08-07T11:47:57.947415
pay_04271,cust_1008,299,upi,success,,1,2026-08-09T01:53:57.947420
pay_04272,cust_1153,199,upi,failed,network_error,1,2026-08-09T11:50:57.947426
pay_04273,cust_0660,499,upi,success,,1,2026-07-23T15:41:57.947430
pay_04274,cust_0358,199,wallet,success,,1,2026-08-01T18:43:57.947436
pay_04275,cust_0579,1999,card,success,,1,2026-08-20T22:09:57.947444
pay_04276,cust_0457,299,card,failed,authentication_failed,1,2026-07-30T12:06:57.947449
pay_04277,cust_0277,1999,wallet,success,,1,2026-08-09T21:39:57.947453
pay_04278,cust_0111,1499,upi,success,,1,2026-08-10T10:46:57.947458
pay_04279,cust_0567,499,card,success,,1,2026-08-06T01:29:57.947462
pay_04280,cust_0740,1999,card,failed,authentication_failed,1,2026-08-01T19:56:57.947467
pay_04281,cust_0939,2499,netbanking,success,,2,2026-08-15T05:45:57.947472
pay_04282,cust_1381,2499,netbanking,success,,3,2026-08-15T16:00:57.947477
pay_04283,cust_0751,9999,upi,success,,1,2026-08-01T00:34:57.947482
pay_04284,cust_0930,199,upi,failed,limit_exceeded,1,2026-08-13T23:08:57.947486
pay_04285,cust_1042,499,card,success,,1,2026-07-25T22:22:57.947491
pay_04286,cust_0372,2499,upi,failed,insufficient_funds,1,2026-07-29T00:05:57.947496
pay_04287,cust_0353,4999,wallet,success,,2,2026-08-20T13:12:57.947501
pay_04288,cust_0438,999,netbanking,failed,bank_error,1,2026-08-16T02:50:57.947505
pay_04289,cust_0475,299,netbanking,failed,network_error,1,2026-08-18T05:59:57.947510
pay_04290,cust_1163,9999,upi,success,,3,2026-08-09T15:15:57.947515
pay_04291,cust_1298,2499,card,success,,1,2026-08-16T03:30:57.947519
pay_04292,cust_1378,1999,wallet,success,,1,2026-07-30T23:36:57.947526
pay_04293,cust_1319,1999,upi,success,,2,2026-08-03T22:01:57.947530
pay_04294,cust_1423,1499,upi,success,,1,2026-07-25T04:11:57.947535
pay_04295,cust_0164,999,upi,success,,1,2026-08-11T22:32:57.947540
pay_04296,cust_0819,499,netbanking,failed,timeout,2,2026-08-08T09:47:57.947545
pay_04297,cust_1280,199,card,success,,3,2026-08-01T09:27:57.947550
pay_04298,cust_0908,299,card,success,,1,2026-08-16T20:41:57.947555
pay_04299,cust_0299,499,card,success,,1,2026-08-05T04:10:57.947560
pay_04300,cust_1322,4999,card,failed,network_error,1,2026-07-29T09:58:57.947565
pay_04301,cust_0988,1499,card,failed,network_error,1,2026-08-11T23:41:57.947570
pay_04302,cust_0015,199,netbanking,failed,timeout,2,2026-08-07T23:15:57.947575
pay_04303,cust_0127,9999,card,success,,1,2026-07-25T08:53:57.947579
pay_04304,cust_1431,199,card,failed,insufficient_funds,1,2026-08-11T05:15:57.947584
pay_04305,cust_0584,2499,upi,failed,insufficient_funds,1,2026-07-31T11:27:57.947589
pay_04306,cust_1153,9999,wallet,success,,1,2026-08-16T06:48:57.947594
pay_04307,cust_0028,9999,upi,failed,network_error,2,2026-08-08T19:12:57.947599
pay_04308,cust_0451,299,upi,success,,1,2026-07-28T06:40:57.947604
pay_04309,cust_1101,9999,upi,success,,1,2026-08-04T21:16:57.947608
pay_04310,cust_0858,499,upi,success,,1,2026-07-27T19:06:57.947613
pay_04311,cust_0450,9999,netbanking,failed,insufficient_funds,1,2026-08-22T05:47:57.947619
pay_04312,cust_0311,4999,card,success,,1,2026-07-26T06:11:57.947624
pay_04313,cust_0388,4999,netbanking,success,,2,2026-08-19T12:08:57.947629
pay_04314,cust_1068,9999,wallet,success,,1,2026-08-07T23:53:57.947633
pay_04315,cust_0575,4999,upi,success,,2,2026-07-23T18:24:57.947639
pay_04316,cust_1139,999,upi,success,,1,2026-08-13T06:50:57.947643
pay_04317,cust_0313,1999,card,success,,1,2026-08-17T03:07:57.947649
pay_04318,cust_0821,2499,card,success,,1,2026-08-16T01:28:57.947654
pay_04319,cust_0103,299,card,success,,1,2026-07-31T04:27:57.947658
pay_04320,cust_0314,1499,wallet,success,,1,2026-07-23T22:41:57.947663
pay_04321,cust_0621,499,upi,success,,1,2026-08-13T10:41:57.947667
pay_04322,cust_0395,1999,card,success,,1,2026-08-15T21:15:57.947672
pay_04323,cust_0860,299,wallet,success,,1,2026-08-04T04:15:57.947677
pay_04324,cust_1386,299,upi,success,,1,2026-07-25T00:18:57.947682
pay_04325,cust_0292,999,wallet,success,,1,2026-08-02T07:07:57.947686
pay_04326,cust_0008,1499,wallet,success,,1,2026-07-28T09:55:57.947691
pay_04327,cust_0335,9999,wallet,success,,1,2026-08-10T13:45:57.947695
pay_04328,cust_1172,199,netbanking,success,,1,2026-07-31T09:09:57.947700
pay_04329,cust_0951,4999,netbanking,success,,1,2026-08-02T01:05:57.947704
pay_04330,cust_1063,4999,upi,success,,1,2026-08-05T10:03:57.947709
pay_04331,cust_1082,499,netbanking,success,,1,2026-08-16T10:22:57.947715
pay_04332,cust_0220,1999,wallet,failed,network_error,1,2026-08-17T13:16:57.947720
pay_04333,cust_1133,2499,netbanking,failed,authentication_failed,1,2026-08-04T21:26:57.947726
pay_04334,cust_1210,1999,wallet,success,,2,2026-08-19T06:15:57.947730
pay_04335,cust_0244,299,netbanking,failed,network_error,1,2026-08-01T10:45:57.947735
pay_04336,cust_1265,299,netbanking,failed,bank_error,1,2026-08-06T17:47:57.947740
pay_04337,cust_0845,299,upi,failed,insufficient_funds,1,2026-08-19T21:07:57.947744
pay_04338,cust_1289,2499,wallet,success,,3,2026-08-14T05:12:57.947750
pay_04339,cust_0427,4999,netbanking,success,,1,2026-07-22T16:06:57.947755
pay_04340,cust_0522,199,card,success,,1,2026-08-18T03:09:57.947759
pay_04341,cust_0869,4999,netbanking,success,,1,2026-08-13T21:58:57.947764
pay_04342,cust_0799,4999,upi,success,,1,2026-08-16T23:45:57.947768
pay_04343,cust_0968,299,netbanking,failed,bank_error,1,2026-08-13T17:39:57.947773
pay_04344,cust_0390,9999,upi,failed,network_error,1,2026-07-25T01:40:57.947777
pay_04345,cust_1198,4999,netbanking,success,,1,2026-08-07T12:09:57.947782
pay_04346,cust_0362,1499,card,failed,bank_error,1,2026-07-28T04:47:57.947787
pay_04347,cust_1136,2499,upi,success,,1,2026-08-19T23:43:57.947791
pay_04348,cust_0032,1999,netbanking,success,,1,2026-07-29T19:04:57.947796
pay_04349,cust_0397,1499,card,success,,1,2026-07-31T02:09:57.947800
pay_04350,cust_0052,4999,netbanking,success,,1,2026-08-07T23:22:57.947805
pay_04351,cust_1427,199,wallet,success,,1,2026-08-09T08:42:57.947810
pay_04352,cust_0121,9999,wallet,success,,1,2026-08-08T08:53:57.947814
pay_04353,cust_0010,1499,upi,success,,3,2026-07-30T15:55:57.947819
pay_04354,cust_1089,299,card,success,,1,2026-07-23T17:42:57.947824
pay_04355,cust_1190,4999,card,failed,insufficient_funds,1,2026-08-09T12:18:57.947828
pay_04356,cust_0243,9999,netbanking,success,,1,2026-08-04T21:27:57.947833
pay_04357,cust_1454,999,wallet,failed,bank_error,1,2026-07-26T14:12:57.947837
pay_04358,cust_1390,2499,wallet,success,,1,2026-07-25T08:38:57.947843
pay_04359,cust_1167,1499,upi,success,,1,2026-07-25T15:20:57.947849
pay_04360,cust_0621,1499,wallet,success,,1,2026-08-20T19:11:57.947853
pay_04361,cust_1495,1499,netbanking,success,,2,2026-07-29T08:07:57.947858
pay_04362,cust_0128,999,wallet,success,,1,2026-08-12T03:58:57.947863
pay_04363,cust_0456,9999,netbanking,success,,1,2026-08-08T18:11:57.947867
pay_04364,cust_0263,1999,card,success,,1,2026-08-15T13:27:57.947872
pay_04365,cust_1118,9999,netbanking,success,,1,2026-07-22T11:50:57.947876
pay_04366,cust_0838,1499,wallet,success,,2,2026-07-23T23:49:57.947881
pay_04367,cust_1222,2499,card,success,,1,2026-07-26T12:14:57.947885
pay_04368,cust_0988,499,card,failed,network_error,1,2026-08-05T15:13:57.947890
pay_04369,cust_0037,9999,wallet,success,,1,2026-08-20T19:16:57.947894
pay_04370,cust_1433,2499,wallet,failed,limit_exceeded,1,2026-08-20T05:33:57.947900
pay_04371,cust_0565,2499,upi,success,,1,2026-08-17T00:48:57.947905
pay_04372,cust_0435,499,netbanking,success,,1,2026-08-07T06:58:57.947910
pay_04373,cust_0400,299,netbanking,failed,timeout,2,2026-08-17T05:30:57.947914
pay_04374,cust_1242,1499,upi,success,,1,2026-08-05T10:06:57.947918
pay_04375,cust_0115,299,wallet,success,,2,2026-07-31T19:28:57.947923
pay_04376,cust_0121,4999,wallet,failed,limit_exceeded,1,2026-08-11T14:58:57.947928
pay_04377,cust_0425,999,wallet,success,,1,2026-08-19T14:15:57.947932
pay_04378,cust_1078,999,card,success,,2,2026-08-22T04:02:57.947937
pay_04379,cust_0821,199,netbanking,failed,network_error,2,2026-08-14T06:20:57.947942
pay_04380,cust_0739,199,wallet,success,,1,2026-08-18T22:13:57.947946
pay_04381,cust_0068,999,wallet,success,,1,2026-07-27T10:44:57.947951
pay_04382,cust_0770,2499,upi,failed,limit_exceeded,1,2026-08-11T14:46:57.947956
pay_04383,cust_0189,2499,card,success,,1,2026-08-10T04:36:57.947961
pay_04384,cust_0286,299,card,success,,1,2026-08-13T18:58:57.947965
pay_04385,cust_0100,199,upi,failed,insufficient_funds,3,2026-08-18T11:17:57.947970
pay_04386,cust_0005,4999,wallet,failed,network_error,1,2026-08-08T22:27:57.947974
pay_04387,cust_1096,499,netbanking,failed,timeout,2,2026-08-19T23:45:57.947979
pay_04388,cust_0459,999,netbanking,success,,3,2026-08-06T03:34:57.947984
pay_04389,cust_0525,9999,upi,success,,1,2026-08-09T22:32:57.947989
pay_04390,cust_0933,1999,wallet,success,,1,2026-08-11T23:37:57.947994
pay_04391,cust_0481,1999,netbanking,failed,network_error,1,2026-08-21T18:33:57.947998
pay_04392,cust_0442,199,netbanking,failed,insufficient_funds,3,2026-07-25T12:11:57.948003
pay_04393,cust_0561,4999,upi,success,,1,2026-08-08T10:55:57.948008
pay_04394,cust_1071,499,netbanking,success,,1,2026-08-02T19:09:57.948013
pay_04395,cust_0527,499,card,success,,1,2026-08-20T08:17:57.948018
pay_04396,cust_0428,299,wallet,success,,1,2026-07-30T17:29:57.948022
pay_04397,cust_0967,4999,netbanking,failed,bank_error,2,2026-07-24T14:00:57.948027
pay_04398,cust_1121,2499,card,success,,2,2026-08-04T18:06:57.948031
pay_04399,cust_1006,9999,card,success,,1,2026-07-26T20:08:57.948036
pay_04400,cust_1324,199,card,success,,1,2026-08-04T10:32:57.948040
pay_04401,cust_0957,299,card,success,,1,2026-08-16T16:42:57.948045
pay_04402,cust_1441,2499,upi,success,,1,2026-08-20T06:00:57.948050
pay_04403,cust_1160,499,wallet,failed,timeout,1,2026-08-06T00:55:57.948055
pay_04404,cust_0650,999,upi,success,,2,2026-08-18T17:46:57.948059
pay_04405,cust_1113,9999,wallet,failed,bank_error,1,2026-07-22T23:41:57.948064
pay_04406,cust_0447,299,upi,success,,1,2026-08-08T06:56:57.948069
pay_04407,cust_0242,9999,upi,success,,1,2026-08-21T23:29:57.948074
pay_04408,cust_0021,999,upi,failed,limit_exceeded,1,2026-08-04T08:46:57.948079
pay_04409,cust_1195,999,card,success,,2,2026-08-07T20:59:57.948085
pay_04410,cust_0020,1999,netbanking,success,,1,2026-08-13T23:39:57.948090
pay_04411,cust_0249,4999,card,success,,1,2026-07-27T13:02:57.948094
pay_04412,cust_0030,2499,netbanking,success,,1,2026-08-17T08:14:57.948099
pay_04413,cust_0998,1999,upi,success,,1,2026-08-05T19:36:57.948103
pay_04414,cust_0788,999,upi,success,,1,2026-07-30T05:27:57.948108
pay_04415,cust_0905,1499,netbanking,success,,1,2026-08-08T21:39:57.948112
pay_04416,cust_1470,199,upi,failed,timeout,1,2026-08-02T20:34:57.948117
pay_04417,cust_1153,4999,upi,success,,3,2026-08-02T04:18:57.948121
pay_04418,cust_0405,299,upi,success,,2,2026-07-30T22:12:57.948126
pay_04419,cust_0178,4999,netbanking,success,,1,2026-08-20T16:08:57.948130
pay_04420,cust_0271,999,upi,success,,1,2026-08-13T05:40:57.948135
pay_04421,cust_1221,1999,wallet,success,,1,2026-08-07T20:16:57.948139
pay_04422,cust_0778,999,wallet,failed,insufficient_funds,1,2026-07-30T05:57:57.948144
pay_04423,cust_0510,299,netbanking,success,,1,2026-08-12T03:45:57.948150
pay_04424,cust_1209,1499,upi,failed,limit_exceeded,1,2026-08-13T04:15:57.948155
pay_04425,cust_0830,2499,wallet,success,,1,2026-08-04T08:42:57.948159
pay_04426,cust_1481,499,netbanking,success,,1,2026-08-05T06:59:57.948164
pay_04427,cust_0183,4999,card,success,,1,2026-08-11T10:01:57.948168
pay_04428,cust_0809,199,wallet,success,,1,2026-08-22T05:14:57.948174
pay_04429,cust_0892,9999,wallet,failed,network_error,1,2026-07-30T18:54:57.948178
pay_04430,cust_1034,9999,card,success,,1,2026-07-30T04:26:57.948183
pay_04431,cust_1169,9999,upi,failed,timeout,1,2026-08-16T11:34:57.948188
pay_04432,cust_0619,499,netbanking,success,,1,2026-08-10T23:34:57.948192
pay_04433,cust_0964,1499,netbanking,failed,authentication_failed,1,2026-08-10T21:45:57.948197
pay_04434,cust_0256,4999,netbanking,success,,2,2026-08-11T13:33:57.948201
pay_04435,cust_0659,9999,wallet,success,,2,2026-08-08T15:36:57.948206
pay_04436,cust_0932,4999,netbanking,success,,3,2026-08-01T07:31:57.948211
pay_04437,cust_0706,4999,card,failed,timeout,1,2026-08-10T07:02:57.948215
pay_04438,cust_1467,999,upi,failed,insufficient_funds,2,2026-08-09T03:33:57.948220
pay_04439,cust_0836,499,wallet,success,,2,2026-08-09T16:20:57.948224
pay_04440,cust_0723,2499,wallet,success,,1,2026-08-19T16:22:57.948229
pay_04441,cust_0859,2499,upi,success,,1,2026-08-20T05:07:57.948234
pay_04442,cust_0418,299,wallet,success,,1,2026-08-04T12:53:57.948239
pay_04443,cust_0331,9999,netbanking,success,,1,2026-07-23T01:09:57.948243
pay_04444,cust_0077,1499,wallet,success,,1,2026-08-07T19:54:57.948249
pay_04445,cust_0583,199,upi,success,,1,2026-08-08T10:24:57.948254
pay_04446,cust_0474,4999,upi,failed,bank_error,1,2026-07-27T19:33:57.948259
pay_04447,cust_0969,2499,netbanking,success,,2,2026-08-20T01:11:57.948264
pay_04448,cust_0906,9999,wallet,success,,1,2026-07-28T22:05:57.948269
pay_04449,cust_0255,999,upi,failed,bank_error,1,2026-08-11T00:06:57.948274
pay_04450,cust_0947,199,netbanking,success,,1,2026-08-04T13:32:57.948279
pay_04451,cust_0552,1999,card,failed,timeout,2,2026-08-07T10:25:57.948284
pay_04452,cust_1110,1999,card,success,,1,2026-08-04T05:09:57.948288
pay_04453,cust_1449,999,card,success,,1,2026-08-01T08:09:57.948293
pay_04454,cust_0327,1499,card,success,,2,2026-08-18T19:29:57.948298
pay_04455,cust_0258,999,wallet,success,,1,2026-08-21T08:39:57.948302
pay_04456,cust_0357,9999,card,failed,authentication_failed,2,2026-07-23T09:46:57.948307
pay_04457,cust_0083,4999,wallet,success,,1,2026-08-14T06:57:57.948312
pay_04458,cust_1197,499,netbanking,success,,2,2026-08-08T23:07:57.948316
pay_04459,cust_0660,2499,card,success,,1,2026-08-07T15:59:57.948322
pay_04460,cust_0071,9999,upi,success,,2,2026-08-07T21:05:57.948327
pay_04461,cust_0076,199,card,success,,1,2026-08-02T21:12:57.948331
pay_04462,cust_0640,9999,upi,failed,timeout,1,2026-08-08T00:34:57.948336
pay_04463,cust_0519,1999,card,success,,1,2026-08-06T20:37:57.948340
pay_04464,cust_0789,299,card,success,,1,2026-07-26T21:22:57.948345
pay_04465,cust_1249,2499,netbanking,success,,3,2026-08-05T20:13:57.948349
pay_04466,cust_1465,9999,upi,success,,2,2026-07-26T18:16:57.948355
pay_04467,cust_0309,4999,upi,success,,1,2026-08-16T17:08:57.948360
pay_04468,cust_0143,9999,upi,success,,1,2026-08-16T20:37:57.948365
pay_04469,cust_0374,1499,upi,success,,1,2026-07-23T08:51:57.948369
pay_04470,cust_0253,999,upi,failed,authentication_failed,3,2026-08-07T23:19:57.948374
pay_04471,cust_0371,1499,upi,success,,2,2026-07-26T03:25:57.948379
pay_04472,cust_0376,1499,card,success,,1,2026-07-26T14:14:57.948384
pay_04473,cust_0233,4999,wallet,success,,1,2026-08-18T03:22:57.948388
pay_04474,cust_1153,199,card,success,,2,2026-08-05T19:17:57.948393
pay_04475,cust_0539,1499,upi,success,,2,2026-08-13T20:56:57.948398
pay_04476,cust_0737,499,upi,failed,timeout,1,2026-08-14T04:13:57.948402
pay_04477,cust_1476,1499,wallet,success,,1,2026-08-15T11:35:57.948407
pay_04478,cust_1027,999,netbanking,failed,bank_error,1,2026-08-07T22:53:57.948412
pay_04479,cust_0583,499,netbanking,failed,authentication_failed,1,2026-08-09T01:58:57.948417
pay_04480,cust_0271,1999,wallet,success,,2,2026-08-13T11:11:57.948422
pay_04481,cust_1188,4999,card,success,,1,2026-08-13T05:26:57.948426
pay_04482,cust_0551,1999,card,success,,1,2026-08-17T09:09:57.948431
pay_04483,cust_0149,2499,netbanking,success,,1,2026-08-21T15:55:57.948436
pay_04484,cust_0064,4999,wallet,success,,2,2026-08-12T12:49:57.948440
pay_04485,cust_0693,199,card,success,,1,2026-07-22T19:20:57.948445
pay_04486,cust_0867,299,netbanking,success,,2,2026-08-16T18:56:57.948449
pay_04487,cust_0424,299,upi,failed,network_error,1,2026-08-10T22:48:57.948456
pay_04488,cust_0619,1999,upi,success,,2,2026-08-01T23:38:57.948460
pay_04489,cust_0734,1499,netbanking,success,,1,2026-08-13T15:25:57.948465
pay_04490,cust_0627,1999,netbanking,success,,1,2026-08-09T10:21:57.948470
pay_04491,cust_0935,4999,wallet,success,,1,2026-08-19T02:43:57.948474
pay_04492,cust_0018,1499,netbanking,failed,insufficient_funds,1,2026-07-23T02:40:57.948479
pay_04493,cust_0256,4999,upi,success,,1,2026-07-31T01:32:57.948483
pay_04494,cust_0559,1499,card,success,,1,2026-08-16T18:52:57.948488
pay_04495,cust_0816,999,wallet,success,,1,2026-08-09T19:54:57.948492
pay_04496,cust_0287,199,card,success,,1,2026-07-23T10:27:57.948497
pay_04497,cust_0951,999,upi,success,,2,2026-07-26T11:37:57.948502
pay_04498,cust_0788,9999,card,failed,insufficient_funds,1,2026-08-03T22:33:57.948506
pay_04499,cust_0531,499,wallet,success,,1,2026-08-18T05:41:57.948511
pay_04500,cust_1413,1999,upi,success,,1,2026-07-31T04:14:57.948516
pay_04501,cust_1028,299,card,success,,1,2026-07-23T11:16:57.948520
pay_04502,cust_0046,4999,wallet,success,,2,2026-07-24T18:12:57.948525
pay_04503,cust_1271,4999,wallet,success,,1,2026-07-30T02:24:57.948529
pay_04504,cust_0515,9999,card,success,,1,2026-08-21T14:33:57.948534
pay_04505,cust_0402,2499,netbanking,failed,bank_error,1,2026-08-19T13:47:57.948538
pay_04506,cust_0143,1999,upi,success,,1,2026-08-15T06:17:57.948544
pay_04507,cust_1116,299,wallet,success,,1,2026-07-31T01:15:57.948548
pay_04508,cust_1151,9999,card,success,,1,2026-08-04T15:51:57.948554
pay_04509,cust_1130,499,card,failed,insufficient_funds,1,2026-08-12T01:08:57.948559
pay_04510,cust_1036,9999,wallet,success,,2,2026-08-17T06:07:57.948564
pay_04511,cust_0116,999,upi,failed,timeout,1,2026-07-29T06:01:57.948569
pay_04512,cust_1432,299,wallet,success,,1,2026-08-01T19:42:57.948573
pay_04513,cust_0556,1999,netbanking,success,,2,2026-08-15T09:31:57.948578
pay_04514,cust_0878,2499,card,success,,3,2026-08-14T05:05:57.948582
pay_04515,cust_1233,1999,netbanking,success,,1,2026-07-29T05:20:57.948587
pay_04516,cust_0769,9999,netbanking,success,,1,2026-08-14T18:16:57.948591
pay_04517,cust_0399,1499,wallet,success,,1,2026-08-02T12:40:57.948596
pay_04518,cust_0327,1999,upi,success,,1,2026-08-20T00:05:57.948601
pay_04519,cust_0109,499,card,success,,1,2026-08-10T18:39:57.948605
pay_04520,cust_0027,1999,netbanking,failed,bank_error,1,2026-08-19T02:49:57.948610
pay_04521,cust_0108,999,netbanking,failed,authentication_failed,1,2026-08-09T14:21:57.948614
pay_04522,cust_0023,4999,upi,success,,1,2026-08-12T07:27:57.948619
pay_04523,cust_1396,499,netbanking,success,,1,2026-07-24T07:28:57.948623
pay_04524,cust_1189,499,wallet,success,,1,2026-07-27T14:23:57.948628
pay_04525,cust_1069,2499,wallet,success,,1,2026-08-13T12:42:57.948632
pay_04526,cust_1329,199,netbanking,success,,2,2026-07-24T17:06:57.948638
pay_04527,cust_0182,1499,upi,success,,1,2026-08-19T21:04:57.948642
pay_04528,cust_0859,2499,upi,success,,1,2026-08-16T14:52:57.948647
pay_04529,cust_0058,499,netbanking,success,,1,2026-07-25T04:45:57.948652
pay_04530,cust_1347,4999,netbanking,success,,3,2026-08-01T07:17:57.948657
pay_04531,cust_1113,4999,netbanking,failed,limit_exceeded,1,2026-07-24T06:14:57.948662
pay_04532,cust_0089,1999,card,success,,2,2026-07-28T02:25:57.948666
pay_04533,cust_0384,2499,card,success,,3,2026-07-30T17:35:57.948671
pay_04534,cust_0571,9999,card,success,,1,2026-08-03T05:29:57.948675
pay_04535,cust_0641,2499,netbanking,success,,1,2026-08-15T10:24:57.948680
pay_04536,cust_0137,299,upi,success,,1,2026-08-19T07:28:57.948684
pay_04537,cust_0701,499,netbanking,failed,authentication_failed,3,2026-08-06T08:44:57.948689
pay_04538,cust_0658,2499,wallet,success,,1,2026-08-07T06:02:57.948694
pay_04539,cust_0591,2499,wallet,failed,network_error,3,2026-07-28T03:58:57.948699
pay_04540,cust_1119,299,netbanking,success,,2,2026-07-24T02:26:57.948703
pay_04541,cust_1195,1499,upi,success,,1,2026-08-16T04:04:57.948708
pay_04542,cust_0863,499,upi,success,,1,2026-08-13T01:10:57.948712
pay_04543,cust_0998,9999,upi,success,,1,2026-07-26T02:22:57.948717
pay_04544,cust_1119,199,netbanking,failed,timeout,1,2026-07-29T02:58:57.948721
pay_04545,cust_1468,199,netbanking,failed,network_error,1,2026-07-28T05:46:57.948728
pay_04546,cust_1217,9999,wallet,success,,1,2026-08-07T15:23:57.948732
pay_04547,cust_1114,499,wallet,success,,3,2026-07-27T08:33:57.948737
pay_04548,cust_1458,299,wallet,success,,2,2026-07-24T10:50:57.948741
pay_04549,cust_0115,9999,netbanking,success,,2,2026-08-17T23:46:57.948746
pay_04550,cust_0420,499,wallet,success,,2,2026-08-22T08:05:57.948750
pay_04551,cust_0137,1999,wallet,success,,1,2026-08-06T07:43:57.948756
pay_04552,cust_0919,299,upi,success,,1,2026-08-12T07:53:57.948761
pay_04553,cust_1187,1999,wallet,success,,1,2026-08-11T19:04:57.948765
pay_04554,cust_0742,1999,wallet,success,,1,2026-07-24T15:26:57.948770
pay_04555,cust_0649,999,card,success,,1,2026-07-25T04:44:57.948774
pay_04556,cust_0742,9999,wallet,failed,bank_error,1,2026-08-22T07:59:57.948779
pay_04557,cust_0656,9999,wallet,failed,limit_exceeded,1,2026-07-24T00:44:57.948784
pay_04558,cust_0977,1499,card,success,,1,2026-07-27T04:38:57.948788
pay_04559,cust_0786,1499,card,failed,network_error,1,2026-07-29T12:21:57.948793
pay_04560,cust_1091,199,card,success,,1,2026-08-08T01:19:57.948797
pay_04561,cust_1130,999,card,success,,1,2026-08-18T16:44:57.948802
pay_04562,cust_0046,4999,upi,success,,2,2026-08-22T02:47:57.948807
pay_04563,cust_0946,999,card,failed,network_error,1,2026-08-10T22:40:57.948812
pay_04564,cust_1362,2499,upi,failed,authentication_failed,1,2026-08-19T14:42:57.948817
pay_04565,cust_0948,2499,wallet,success,,1,2026-08-16T01:15:57.948822
pay_04566,cust_0429,299,card,failed,timeout,1,2026-08-14T19:57:57.948827
pay_04567,cust_0379,9999,upi,success,,1,2026-08-01T14:18:57.948831
pay_04568,cust_0147,1499,card,success,,1,2026-08-20T20:08:57.948836
pay_04569,cust_1302,9999,upi,success,,2,2026-07-29T03:25:57.948840
pay_04570,cust_0605,2499,wallet,success,,2,2026-08-17T09:28:57.948845
pay_04571,cust_0215,2499,wallet,success,,1,2026-08-10T02:09:57.948850
pay_04572,cust_0140,299,upi,success,,1,2026-08-11T20:16:57.948855
pay_04573,cust_0448,299,wallet,success,,1,2026-08-03T08:54:57.948860
pay_04574,cust_0108,499,netbanking,success,,1,2026-08-20T19:39:57.948865
pay_04575,cust_0274,299,wallet,success,,1,2026-08-05T01:19:57.948869
pay_04576,cust_0994,9999,card,failed,bank_error,1,2026-08-03T16:01:57.948874
pay_04577,cust_0997,2499,card,failed,network_error,1,2026-08-08T13:58:57.948878
pay_04578,cust_0220,299,card,failed,insufficient_funds,1,2026-08-13T18:00:57.948883
pay_04579,cust_0717,199,card,success,,3,2026-08-11T14:54:57.948888
pay_04580,cust_1159,1999,card,failed,bank_error,1,2026-08-03T05:48:57.948892
pay_04581,cust_0748,499,wallet,success,,1,2026-07-25T04:55:57.948897
pay_04582,cust_0485,4999,netbanking,success,,1,2026-08-19T14:37:57.948902
pay_04583,cust_0790,1999,card,failed,timeout,2,2026-08-14T03:37:57.948906
pay_04584,cust_1242,499,upi,success,,1,2026-07-23T01:20:57.948912
pay_04585,cust_0014,4999,upi,failed,timeout,1,2026-08-21T06:06:57.948916
pay_04586,cust_1122,299,wallet,success,,1,2026-08-12T19:08:57.948921
pay_04587,cust_1347,999,upi,success,,1,2026-08-03T23:36:57.948926
pay_04588,cust_0882,9999,wallet,success,,1,2026-08-17T17:23:57.948930
pay_04589,cust_0528,299,upi,success,,1,2026-08-17T23:28:57.948935
pay_04590,cust_1110,1499,card,success,,2,2026-07-31T22:58:57.948940
pay_04591,cust_1053,199,card,success,,1,2026-08-03T11:28:57.948944
pay_04592,cust_0266,999,upi,failed,authentication_failed,1,2026-08-14T11:15:57.948949
pay_04593,cust_1451,2499,wallet,success,,2,2026-07-30T09:15:57.948955
pay_04594,cust_0084,1499,card,success,,1,2026-07-25T13:02:57.948960
pay_04595,cust_1393,1499,upi,success,,2,2026-08-17T21:54:57.948965
pay_04596,cust_0788,999,upi,success,,2,2026-07-23T04:20:57.948969
pay_04597,cust_1469,199,card,success,,1,2026-07-24T16:52:57.948974
pay_04598,cust_0948,1499,netbanking,success,,1,2026-08-19T03:17:57.948978
pay_04599,cust_0275,499,upi,success,,1,2026-07-27T13:43:57.948982
pay_04600,cust_0738,9999,wallet,success,,1,2026-08-17T23:59:57.948987
pay_04601,cust_0913,1499,netbanking,failed,insufficient_funds,1,2026-08-10T16:44:57.948991
pay_04602,cust_0250,1499,wallet,success,,1,2026-08-17T21:14:57.948996
pay_04603,cust_0337,199,wallet,success,,2,2026-07-30T01:01:57.949000
pay_04604,cust_0053,999,netbanking,success,,1,2026-08-13T02:15:57.949010
pay_04605,cust_1121,9999,upi,success,,3,2026-07-31T16:07:57.949015
pay_04606,cust_0334,2499,upi,failed,bank_error,1,2026-08-07T14:54:57.949020
pay_04607,cust_1002,299,upi,success,,2,2026-08-11T20:37:57.949024
pay_04608,cust_0869,199,netbanking,success,,1,2026-08-18T06:28:57.949029
pay_04609,cust_0560,499,netbanking,success,,2,2026-07-23T16:09:57.949033
pay_04610,cust_1420,2499,card,success,,2,2026-08-15T01:43:57.949038
pay_04611,cust_0312,499,netbanking,success,,1,2026-08-16T08:06:57.949042
pay_04612,cust_1358,1999,upi,success,,1,2026-08-16T01:58:57.949048
pay_04613,cust_0765,499,card,failed,network_error,3,2026-07-23T09:40:57.949053
pay_04614,cust_1296,499,wallet,success,,2,2026-07-25T04:20:57.949059
pay_04615,cust_0726,1499,netbanking,failed,authentication_failed,1,2026-08-06T06:08:57.949063
pay_04616,cust_0041,299,card,success,,1,2026-08-15T12:14:57.949068
pay_04617,cust_0474,1999,card,success,,1,2026-08-04T18:23:57.949072
pay_04618,cust_0987,9999,card,success,,2,2026-08-05T11:05:57.949077
pay_04619,cust_1352,199,card,success,,2,2026-08-07T14:47:57.949081
pay_04620,cust_0971,9999,card,success,,2,2026-08-17T12:50:57.949086
pay_04621,cust_1248,499,netbanking,success,,2,2026-07-25T04:40:57.949090
pay_04622,cust_0410,1499,netbanking,success,,1,2026-08-14T00:44:57.949095
pay_04623,cust_0647,9999,netbanking,success,,1,2026-08-09T13:46:57.949101
pay_04624,cust_0465,1999,wallet,success,,1,2026-07-25T09:49:57.949105
pay_04625,cust_0937,9999,netbanking,success,,1,2026-08-21T09:57:57.949109
pay_04626,cust_1073,4999,netbanking,failed,bank_error,1,2026-08-21T23:06:57.949114
pay_04627,cust_0127,299,upi,success,,1,2026-08-08T22:03:57.949119
pay_04628,cust_0989,499,netbanking,success,,1,2026-08-02T20:53:57.949123
pay_04629,cust_1174,199,netbanking,failed,authentication_failed,2,2026-08-07T05:25:57.949127
pay_04630,cust_1050,199,wallet,success,,1,2026-08-01T22:19:57.949132
pay_04631,cust_0029,9999,card,failed,insufficient_funds,1,2026-08-18T02:56:57.949137
pay_04632,cust_0563,199,card,success,,2,2026-08-02T21:04:57.949141
pay_04633,cust_0205,299,netbanking,success,,1,2026-08-04T12:56:57.949146
pay_04634,cust_0009,199,upi,success,,1,2026-08-05T05:16:57.949150
pay_04635,cust_0481,999,card,success,,1,2026-07-31T15:25:57.949155
pay_04636,cust_0483,9999,netbanking,failed,insufficient_funds,1,2026-08-11T01:40:57.949161
pay_04637,cust_0162,2499,upi,failed,bank_error,1,2026-07-23T03:34:57.949166
pay_04638,cust_1014,999,wallet,failed,authentication_failed,1,2026-07-22T13:50:57.949171
pay_04639,cust_0058,1999,upi,success,,1,2026-08-10T06:30:57.949175
pay_04640,cust_0852,999,upi,success,,1,2026-07-24T10:57:57.949180
pay_04641,cust_0936,499,netbanking,success,,1,2026-08-11T10:06:57.949184
pay_04642,cust_0201,1999,wallet,failed,insufficient_funds,1,2026-08-07T16:05:57.949189
pay_04643,cust_0761,1499,netbanking,success,,1,2026-08-21T18:08:57.949194
pay_04644,cust_1080,1999,wallet,success,,1,2026-08-02T14:06:57.949199
pay_04645,cust_0553,999,wallet,success,,1,2026-08-13T16:05:57.949203
pay_04646,cust_0012,9999,card,success,,2,2026-08-21T13:59:57.949208
pay_04647,cust_0527,9999,upi,success,,1,2026-07-28T01:41:57.949213
pay_04648,cust_0362,2499,upi,success,,1,2026-07-23T03:42:57.949218
pay_04649,cust_0417,1499,wallet,success,,2,2026-08-01T16:23:57.949222
pay_04650,cust_1265,4999,card,failed,network_error,1,2026-08-14T05:55:57.949227
pay_04651,cust_1349,499,upi,success,,1,2026-07-26T14:51:57.949232
pay_04652,cust_0394,4999,wallet,success,,2,2026-07-24T01:52:57.949236
pay_04653,cust_0337,299,card,success,,1,2026-08-10T17:17:57.949241
pay_04654,cust_1028,199,card,success,,1,2026-08-05T20:36:57.949245
pay_04655,cust_1396,1999,upi,success,,1,2026-08-01T17:47:57.949250
pay_04656,cust_0403,499,wallet,success,,1,2026-08-17T05:11:57.949254
pay_04657,cust_1198,199,card,success,,2,2026-07-29T22:26:57.949260
pay_04658,cust_1437,4999,wallet,success,,1,2026-08-05T00:15:57.949265
pay_04659,cust_0281,299,netbanking,success,,1,2026-07-31T15:32:57.949269
pay_04660,cust_1280,4999,wallet,success,,1,2026-08-19T16:14:57.949273
pay_04661,cust_0135,2499,card,success,,1,2026-08-20T22:39:57.949278
pay_04662,cust_1358,1499,wallet,success,,1,2026-08-12T16:01:57.949283
pay_04663,cust_0504,1999,netbanking,success,,1,2026-08-19T07:03:57.949289
pay_04664,cust_0786,2499,upi,failed,limit_exceeded,2,2026-08-01T09:36:57.949293
pay_04665,cust_1362,4999,upi,success,,1,2026-07-28T22:22:57.949298
pay_04666,cust_1301,1499,netbanking,success,,1,2026-08-20T09:16:57.949303
pay_04667,cust_0260,499,upi,success,,1,2026-07-26T15:50:57.949307
pay_04668,cust_1262,199,netbanking,success,,2,2026-07-27T10:18:57.949312
pay_04669,cust_1448,999,netbanking,success,,1,2026-07-22T11:21:57.949316
pay_04670,cust_0757,1999,netbanking,success,,1,2026-07-30T20:37:57.949321
pay_04671,cust_0202,999,upi,success,,3,2026-08-11T02:54:57.949325
pay_04672,cust_0970,1999,card,success,,1,2026-08-21T07:32:57.949330
pay_04673,cust_0138,9999,card,success,,1,2026-07-29T16:46:57.949335
pay_04674,cust_0132,199,netbanking,success,,1,2026-08-04T02:10:57.949339
pay_04675,cust_0185,999,wallet,success,,3,2026-08-15T06:14:57.949344
pay_04676,cust_0058,199,card,success,,2,2026-08-18T03:19:57.949348
pay_04677,cust_0104,299,upi,failed,insufficient_funds,1,2026-08-13T01:54:57.949353
pay_04678,cust_1381,4999,netbanking,failed,authentication_failed,1,2026-08-06T18:17:57.949359
pay_04679,cust_0070,199,card,success,,1,2026-08-12T07:43:57.949364
pay_04680,cust_0034,9999,upi,success,,1,2026-08-01T16:30:57.949368
pay_04681,cust_0460,1999,card,success,,1,2026-07-22T17:31:57.949373
pay_04682,cust_0412,1999,card,success,,3,2026-08-01T13:05:57.949378
pay_04683,cust_0429,499,card,success,,3,2026-07-22T12:00:57.949383
pay_04684,cust_1034,199,netbanking,success,,1,2026-07-24T04:05:57.949388
pay_04685,cust_0557,1499,wallet,failed,authentication_failed,1,2026-07-29T10:27:57.949393
pay_04686,cust_0783,2499,card,success,,1,2026-08-05T00:04:57.949397
pay_04687,cust_1014,199,upi,success,,1,2026-08-10T10:39:57.949402
pay_04688,cust_0844,1999,card,failed,authentication_failed,1,2026-08-18T09:33:57.949407
pay_04689,cust_1347,1499,upi,success,,3,2026-08-22T07:30:57.949412
pay_04690,cust_1107,1499,card,success,,1,2026-08-19T18:34:57.949416
pay_04691,cust_0803,4999,card,success,,1,2026-08-10T04:13:57.949421
pay_04692,cust_0048,9999,card,success,,1,2026-08-13T16:18:57.949425
pay_04693,cust_1059,999,card,success,,1,2026-08-12T23:57:57.949430
pay_04694,cust_0046,4999,upi,failed,insufficient_funds,2,2026-07-27T13:30:57.949434
pay_04695,cust_0630,9999,wallet,success,,1,2026-08-05T10:21:57.949439
pay_04696,cust_0199,499,netbanking,success,,3,2026-08-09T16:37:57.949447
pay_04697,cust_1146,4999,wallet,success,,2,2026-07-23T18:28:57.949451
pay_04698,cust_0684,1499,netbanking,success,,1,2026-08-04T11:35:57.949456
pay_04699,cust_0353,4999,wallet,success,,1,2026-07-25T20:52:57.949462
pay_04700,cust_0792,4999,upi,success,,1,2026-08-03T04:24:57.949466
pay_04701,cust_1201,4999,wallet,success,,1,2026-08-10T13:01:57.949472
pay_04702,cust_0900,199,wallet,success,,1,2026-08-09T21:27:57.949477
pay_04703,cust_1122,9999,card,success,,2,2026-08-04T09:19:57.949481
pay_04704,cust_0074,199,upi,success,,1,2026-08-22T08:33:57.949486
pay_04705,cust_0021,4999,upi,success,,3,2026-08-19T08:45:57.949490
pay_04706,cust_1339,1499,card,success,,1,2026-07-24T16:39:57.949495
pay_04707,cust_1235,299,netbanking,success,,1,2026-07-29T07:27:57.949499
pay_04708,cust_0016,9999,wallet,success,,2,2026-08-16T00:03:57.949504
pay_04709,cust_1282,999,upi,success,,2,2026-07-28T10:46:57.949509
pay_04710,cust_0341,9999,wallet,success,,2,2026-08-21T09:16:57.949513
pay_04711,cust_0273,999,netbanking,success,,2,2026-08-02T06:37:57.949518
pay_04712,cust_1225,499,netbanking,success,,2,2026-08-04T08:46:57.949522
pay_04713,cust_1222,9999,card,success,,1,2026-07-31T13:06:57.949527
pay_04714,cust_0720,499,netbanking,success,,2,2026-08-08T06:18:57.949532
pay_04715,cust_0044,4999,netbanking,success,,1,2026-07-22T23:42:57.949537
pay_04716,cust_0822,499,netbanking,success,,1,2026-07-22T13:12:57.949542
pay_04717,cust_0691,499,upi,success,,3,2026-08-10T22:01:57.949547
pay_04718,cust_1085,4999,wallet,success,,2,2026-07-26T05:38:57.949551
pay_04719,cust_1245,199,card,success,,1,2026-08-16T08:16:57.949556
pay_04720,cust_0319,199,netbanking,success,,1,2026-08-02T20:27:57.949560
pay_04721,cust_0907,2499,upi,success,,1,2026-08-12T07:47:57.949567
pay_04722,cust_0766,299,upi,success,,1,2026-08-06T23:32:57.949571
pay_04723,cust_0313,1999,card,failed,network_error,1,2026-07-30T04:58:57.949576
pay_04724,cust_1020,9999,upi,failed,limit_exceeded,1,2026-08-07T17:14:57.949582
pay_04725,cust_0172,999,upi,success,,1,2026-07-27T04:03:57.949586
pay_04726,cust_0131,9999,card,success,,2,2026-07-29T06:57:57.949591
pay_04727,cust_0886,199,upi,success,,3,2026-08-01T15:32:57.949595
pay_04728,cust_0197,1999,wallet,success,,1,2026-08-13T06:50:57.949600
pay_04729,cust_1133,299,card,failed,insufficient_funds,1,2026-08-04T11:17:57.949605
pay_04730,cust_0026,499,wallet,success,,1,2026-08-20T00:51:57.949609
pay_04731,cust_0658,2499,upi,success,,3,2026-08-19T17:48:57.949614
pay_04732,cust_1376,1499,netbanking,success,,1,2026-07-23T14:28:57.949618
pay_04733,cust_0347,299,upi,success,,1,2026-07-25T04:25:57.949623
pay_04734,cust_0604,2499,card,success,,1,2026-08-10T17:23:57.949628
pay_04735,cust_0663,1999,wallet,success,,3,2026-08-12T03:53:57.949633
pay_04736,cust_1138,499,upi,success,,1,2026-08-18T04:18:57.949637
pay_04737,cust_0878,999,wallet,failed,bank_error,1,2026-08-01T13:37:57.949642
pay_04738,cust_0689,2499,card,success,,1,2026-08-19T09:22:57.949647
pay_04739,cust_0163,1999,card,success,,1,2026-08-09T22:50:57.949651
pay_04740,cust_0482,1499,wallet,success,,1,2026-08-12T21:40:57.949657
pay_04741,cust_1224,199,upi,success,,1,2026-07-23T19:43:57.949661
pay_04742,cust_0513,199,card,success,,3,2026-08-12T00:05:57.949666
pay_04743,cust_1090,2499,upi,success,,1,2026-08-16T09:40:57.949671
pay_04744,cust_0041,4999,upi,success,,1,2026-08-19T13:58:57.949676
pay_04745,cust_1432,999,netbanking,success,,3,2026-07-29T11:17:57.949680
pay_04746,cust_1335,499,upi,success,,1,2026-07-29T09:17:57.949685
pay_04747,cust_1003,999,netbanking,success,,2,2026-07-30T17:10:57.949690
pay_04748,cust_0618,999,card,success,,1,2026-07-25T06:29:57.949695
pay_04749,cust_0063,199,card,failed,network_error,1,2026-08-12T21:56:57.949699
pay_04750,cust_1148,1999,card,failed,authentication_failed,1,2026-08-18T03:29:57.949704
pay_04751,cust_0603,2499,netbanking,success,,1,2026-07-27T19:43:57.949708
pay_04752,cust_1252,199,card,success,,1,2026-07-31T17:16:57.949713
pay_04753,cust_0540,2499,wallet,success,,1,2026-08-13T03:57:57.949718
pay_04754,cust_1117,299,netbanking,success,,1,2026-07-26T13:52:57.949722
pay_04755,cust_1442,4999,netbanking,success,,2,2026-08-04T02:59:57.949727
pay_04756,cust_0196,1499,card,success,,1,2026-08-17T09:51:57.949731
pay_04757,cust_0913,1999,upi,success,,2,2026-08-06T01:40:57.949736
pay_04758,cust_0581,1499,card,success,,1,2026-07-24T09:46:57.949741
pay_04759,cust_0779,199,upi,success,,1,2026-08-09T10:55:57.949745
pay_04760,cust_0565,499,upi,success,,2,2026-08-16T07:20:57.949751
pay_04761,cust_1285,1999,card,success,,2,2026-07-31T23:06:57.949755
pay_04762,cust_0422,4999,wallet,success,,2,2026-08-15T23:04:57.949760
pay_04763,cust_0039,4999,netbanking,failed,limit_exceeded,1,2026-07-28T15:31:57.949766
pay_04764,cust_0045,999,wallet,success,,1,2026-08-21T23:12:57.949771
pay_04765,cust_1148,1999,card,success,,1,2026-08-20T16:53:57.949775
pay_04766,cust_0060,299,upi,failed,authentication_failed,3,2026-08-15T01:55:57.949781
pay_04767,cust_0302,499,wallet,success,,2,2026-08-21T20:03:57.949786
pay_04768,cust_0494,9999,wallet,success,,1,2026-07-30T17:50:57.949791
pay_04769,cust_0399,499,card,success,,2,2026-07-24T05:35:57.949795
pay_04770,cust_1292,199,upi,success,,2,2026-08-21T03:16:57.949800
pay_04771,cust_0169,299,card,success,,1,2026-08-19T01:32:57.949804
pay_04772,cust_0256,299,netbanking,success,,1,2026-08-20T12:48:57.949809
pay_04773,cust_0782,999,upi,success,,1,2026-08-11T20:53:57.949814
pay_04774,cust_0931,1999,card,failed,authentication_failed,1,2026-08-22T01:37:57.949819
pay_04775,cust_0962,1499,upi,success,,1,2026-08-18T20:09:57.949823
pay_04776,cust_0931,4999,wallet,success,,1,2026-08-13T12:52:57.949827
pay_04777,cust_0481,4999,upi,success,,1,2026-08-15T00:25:57.949832
pay_04778,cust_0859,2499,netbanking,success,,1,2026-08-17T02:41:57.949836
pay_04779,cust_0710,299,upi,success,,1,2026-08-05T10:38:57.949842
pay_04780,cust_1319,1499,netbanking,success,,1,2026-08-08T06:50:57.949846
pay_04781,cust_1349,9999,upi,success,,2,2026-08-12T22:25:57.949851
pay_04782,cust_0731,1499,upi,failed,timeout,2,2026-08-15T10:27:57.949856
pay_04783,cust_0549,199,card,failed,limit_exceeded,2,2026-08-22T03:18:57.949861
pay_04784,cust_0651,2499,netbanking,success,,3,2026-08-14T04:40:57.949866
pay_04785,cust_0435,2499,card,success,,1,2026-07-30T15:58:57.949871
pay_04786,cust_0901,499,netbanking,success,,1,2026-08-02T15:50:57.949876
pay_04787,cust_1364,4999,card,success,,2,2026-08-17T22:50:57.949880
pay_04788,cust_1483,999,upi,success,,1,2026-08-07T23:29:57.949885
pay_04789,cust_1136,499,wallet,success,,1,2026-08-13T13:12:57.949889
pay_04790,cust_0980,1499,netbanking,failed,timeout,2,2026-07-24T10:16:57.949894
pay_04791,cust_0124,1999,upi,success,,1,2026-08-18T02:38:57.949898
pay_04792,cust_0830,4999,upi,success,,2,2026-07-27T10:26:57.949903
pay_04793,cust_1350,299,card,success,,1,2026-08-11T19:01:57.949907
pay_04794,cust_0470,2499,upi,success,,1,2026-07-29T16:35:57.949912
pay_04795,cust_0377,999,upi,success,,1,2026-08-16T02:48:57.949916
pay_04796,cust_0463,2499,wallet,success,,1,2026-08-20T02:38:57.949920
pay_04797,cust_0940,999,wallet,success,,1,2026-07-24T17:28:57.949925
pay_04798,cust_0278,199,card,success,,1,2026-08-09T06:03:57.949930
pay_04799,cust_1347,4999,upi,success,,1,2026-07-27T09:26:57.949935
pay_04800,cust_0127,1499,wallet,success,,1,2026-08-03T13:26:57.949940
pay_04801,cust_0011,4999,card,success,,2,2026-07-24T18:11:57.949944
pay_04802,cust_0493,9999,wallet,success,,1,2026-08-11T22:51:57.949949
pay_04803,cust_0710,4999,netbanking,success,,1,2026-08-21T11:41:57.949954
pay_04804,cust_0156,1999,netbanking,failed,authentication_failed,1,2026-08-06T01:44:57.949958
pay_04805,cust_1111,999,netbanking,success,,1,2026-07-29T10:59:57.949963
pay_04806,cust_0429,999,netbanking,success,,1,2026-08-16T18:52:57.949969
pay_04807,cust_0568,1999,upi,success,,1,2026-07-24T17:47:57.949973
pay_04808,cust_1371,9999,upi,success,,2,2026-08-07T23:52:57.949978
pay_04809,cust_0028,299,card,success,,1,2026-08-12T18:08:57.949982
pay_04810,cust_1247,4999,netbanking,failed,bank_error,1,2026-07-31T03:12:57.949987
pay_04811,cust_0330,499,netbanking,success,,1,2026-08-21T19:36:57.949992
pay_04812,cust_0764,4999,netbanking,success,,1,2026-08-14T16:47:57.949996
pay_04813,cust_0781,9999,upi,success,,1,2026-07-24T08:22:57.950001
pay_04814,cust_0829,499,upi,success,,2,2026-08-14T12:49:57.950005
pay_04815,cust_1243,1499,netbanking,success,,1,2026-08-16T06:53:57.950010
pay_04816,cust_0748,499,wallet,success,,1,2026-08-14T00:53:57.950016
pay_04817,cust_0054,499,card,failed,limit_exceeded,2,2026-07-24T11:09:57.950021
pay_04818,cust_1046,9999,netbanking,failed,network_error,1,2026-08-07T20:41:57.950027
pay_04819,cust_1346,299,netbanking,failed,limit_exceeded,1,2026-08-21T22:48:57.950032
pay_04820,cust_0144,999,upi,success,,1,2026-07-26T01:33:57.950036
pay_04821,cust_1338,4999,card,success,,1,2026-08-03T07:31:57.950041
pay_04822,cust_1146,299,wallet,success,,1,2026-08-09T11:37:57.950046
pay_04823,cust_0447,199,netbanking,success,,1,2026-08-06T04:11:57.950050
pay_04824,cust_1485,1999,upi,success,,1,2026-08-10T14:34:57.950055
pay_04825,cust_1042,299,card,success,,1,2026-08-13T04:38:57.950059
pay_04826,cust_1461,1999,upi,failed,bank_error,1,2026-08-16T03:00:57.950064
pay_04827,cust_0460,299,wallet,success,,1,2026-07-24T10:00:57.950069
pay_04828,cust_0552,1999,upi,failed,insufficient_funds,1,2026-08-15T07:43:57.950074
pay_04829,cust_0309,199,upi,failed,network_error,1,2026-08-13T02:15:57.950079
pay_04830,cust_1121,199,card,failed,limit_exceeded,1,2026-07-31T18:25:57.950084
pay_04831,cust_1148,1999,wallet,success,,1,2026-08-04T02:12:57.950088
pay_04832,cust_1360,9999,wallet,success,,3,2026-08-04T00:28:57.950093
pay_04833,cust_0803,199,wallet,success,,1,2026-07-29T17:28:57.950098
pay_04834,cust_0598,199,upi,success,,2,2026-08-01T21:04:57.950103
pay_04835,cust_1006,1499,netbanking,failed,network_error,1,2026-08-03T16:37:57.950107
pay_04836,cust_0474,9999,card,success,,1,2026-08-12T04:56:57.950112
pay_04837,cust_1238,9999,card,failed,limit_exceeded,1,2026-08-01T11:51:57.950117
pay_04838,cust_1095,999,wallet,failed,limit_exceeded,1,2026-08-14T22:48:57.950122
pay_04839,cust_1400,299,upi,failed,authentication_failed,1,2026-08-03T05:25:57.950127
pay_04840,cust_0148,1999,upi,success,,1,2026-08-10T03:35:57.950131
pay_04841,cust_0282,9999,wallet,failed,insufficient_funds,1,2026-08-14T21:44:57.950136
pay_04842,cust_0152,1499,wallet,failed,limit_exceeded,2,2026-07-22T13:34:57.950141
pay_04843,cust_0537,999,netbanking,success,,1,2026-08-21T14:46:57.950146
pay_04844,cust_0206,299,netbanking,failed,bank_error,1,2026-08-01T10:40:57.950150
pay_04845,cust_0667,1999,netbanking,success,,1,2026-07-25T20:16:57.950155
pay_04846,cust_0642,499,card,failed,network_error,1,2026-08-15T07:52:57.950160
pay_04847,cust_0163,199,upi,success,,1,2026-07-23T04:18:57.950164
pay_04848,cust_0936,2499,netbanking,success,,1,2026-08-11T13:45:57.950170
pay_04849,cust_1078,1999,card,failed,limit_exceeded,1,2026-07-29T23:26:57.950175
pay_04850,cust_1218,499,card,success,,1,2026-07-29T11:53:57.950179
pay_04851,cust_1357,299,card,failed,authentication_failed,1,2026-08-05T02:29:57.950184
pay_04852,cust_0206,999,upi,success,,1,2026-08-02T14:45:57.950189
pay_04853,cust_0975,4999,card,success,,1,2026-07-23T02:31:57.950193
pay_04854,cust_1102,1499,upi,success,,2,2026-08-22T05:35:57.950198
pay_04855,cust_0764,1999,netbanking,failed,limit_exceeded,1,2026-07-29T06:52:57.950202
pay_04856,cust_0937,2499,upi,failed,network_error,1,2026-08-06T05:21:57.950207
pay_04857,cust_0154,4999,upi,success,,1,2026-08-07T19:18:57.950212
pay_04858,cust_0447,9999,netbanking,success,,1,2026-08-20T22:23:57.950217
pay_04859,cust_1149,9999,card,success,,1,2026-08-09T05:48:57.950222
pay_04860,cust_1413,199,card,success,,1,2026-08-01T07:40:57.950226
pay_04861,cust_0153,2499,upi,failed,limit_exceeded,2,2026-08-16T22:41:57.950231
pay_04862,cust_0453,4999,netbanking,success,,1,2026-08-01T18:06:57.950235
pay_04863,cust_0094,4999,netbanking,success,,1,2026-07-28T01:48:57.950239
pay_04864,cust_0452,499,wallet,success,,1,2026-08-15T14:53:57.950244
pay_04865,cust_0840,2499,netbanking,success,,1,2026-07-30T06:15:57.950249
pay_04866,cust_0735,299,upi,failed,network_error,1,2026-08-01T05:03:57.950253
pay_04867,cust_0652,1499,upi,failed,authentication_failed,1,2026-07-26T23:36:57.950259
pay_04868,cust_1350,4999,card,failed,bank_error,2,2026-08-21T15:57:57.950264
pay_04869,cust_1432,999,wallet,success,,1,2026-08-15T10:16:57.950269
pay_04870,cust_0270,1999,wallet,failed,insufficient_funds,1,2026-08-20T00:42:57.950274
pay_04871,cust_1335,1999,card,success,,1,2026-07-26T05:04:57.950279
pay_04872,cust_0792,299,wallet,success,,1,2026-08-18T08:18:57.950283
pay_04873,cust_1372,499,card,failed,insufficient_funds,1,2026-07-26T12:15:57.950288
pay_04874,cust_0973,1999,card,success,,1,2026-08-16T08:10:57.950293
pay_04875,cust_0348,9999,wallet,failed,timeout,1,2026-08-10T06:33:57.950297
pay_04876,cust_0934,2499,upi,success,,2,2026-08-03T13:33:57.950302
pay_04877,cust_0235,2499,wallet,success,,1,2026-07-25T18:13:57.950307
pay_04878,cust_1476,999,wallet,success,,1,2026-08-05T22:21:57.950312
pay_04879,cust_1046,499,wallet,success,,1,2026-07-23T21:59:57.950317
pay_04880,cust_0754,1999,upi,success,,1,2026-07-30T17:54:57.950322
pay_04881,cust_0310,4999,wallet,failed,insufficient_funds,2,2026-07-25T22:01:57.950327
pay_04882,cust_0446,9999,upi,success,,1,2026-08-22T08:10:57.950332
pay_04883,cust_1468,199,wallet,success,,1,2026-08-19T01:20:57.950336
pay_04884,cust_0141,999,netbanking,success,,2,2026-08-11T12:19:57.950341
pay_04885,cust_0670,999,wallet,failed,bank_error,1,2026-08-11T02:45:57.950345
pay_04886,cust_1006,999,wallet,success,,1,2026-08-07T21:17:57.950350
pay_04887,cust_1274,1999,netbanking,success,,2,2026-07-28T23:38:57.950355
pay_04888,cust_0158,1499,netbanking,success,,1,2026-08-04T06:18:57.950359
pay_04889,cust_0438,299,wallet,success,,1,2026-07-27T07:33:57.950364
pay_04890,cust_0172,9999,netbanking,success,,3,2026-08-08T19:31:57.950368
pay_04891,cust_0316,999,card,success,,1,2026-07-25T23:28:57.950374
pay_04892,cust_0051,1499,card,success,,1,2026-07-26T23:05:57.950379
pay_04893,cust_0524,2499,wallet,success,,1,2026-07-24T18:58:57.950383
pay_04894,cust_0833,2499,netbanking,success,,1,2026-08-20T12:53:57.950388
pay_04895,cust_0309,4999,netbanking,success,,1,2026-08-03T05:42:57.950392
pay_04896,cust_1391,999,netbanking,failed,insufficient_funds,2,2026-08-01T01:28:57.950397
pay_04897,cust_1234,199,wallet,success,,2,2026-08-18T04:10:57.950402
pay_04898,cust_1221,299,upi,failed,insufficient_funds,1,2026-08-21T08:12:57.950407
pay_04899,cust_0730,1999,upi,success,,1,2026-07-29T10:30:57.950411
pay_04900,cust_0132,1999,netbanking,failed,authentication_failed,1,2026-07-22T15:57:57.950416
pay_04901,cust_0586,4999,netbanking,success,,1,2026-07-31T13:53:57.950421
pay_04902,cust_1018,199,card,success,,3,2026-08-19T11:33:57.950425
pay_04903,cust_0683,199,card,success,,2,2026-08-21T10:22:57.950430
pay_04904,cust_0066,999,upi,success,,1,2026-08-18T16:23:57.950435
pay_04905,cust_0247,999,card,failed,timeout,1,2026-07-28T03:39:57.950440
pay_04906,cust_0956,2499,netbanking,success,,2,2026-08-16T15:59:57.950444
pay_04907,cust_0646,1999,wallet,success,,1,2026-07-30T23:21:57.950449
pay_04908,cust_1403,999,netbanking,success,,1,2026-07-23T22:08:57.950453
pay_04909,cust_1069,4999,card,failed,bank_error,2,2026-08-07T02:02:57.950458
pay_04910,cust_0786,199,netbanking,success,,1,2026-07-28T22:21:57.950463
pay_04911,cust_1155,1999,wallet,failed,limit_exceeded,1,2026-08-19T04:29:57.950468
pay_04912,cust_0377,9999,netbanking,success,,3,2026-07-23T03:28:57.950473
pay_04913,cust_0647,1999,upi,success,,1,2026-08-19T03:41:57.950478
pay_04914,cust_0168,9999,wallet,success,,1,2026-08-19T15:47:57.950483
pay_04915,cust_0755,4999,upi,success,,1,2026-08-15T02:09:57.950487
pay_04916,cust_0969,1999,wallet,success,,1,2026-08-06T20:06:57.950493
pay_04917,cust_0618,4999,netbanking,success,,1,2026-07-30T09:36:57.950497
pay_04918,cust_1349,1999,card,failed,authentication_failed,1,2026-08-16T05:07:57.950503
pay_04919,cust_0578,1999,netbanking,success,,1,2026-08-06T07:58:57.950508
pay_04920,cust_0721,999,upi,success,,1,2026-08-01T13:02:57.950512
pay_04921,cust_0051,2499,upi,success,,1,2026-07-24T08:19:57.950516
pay_04922,cust_0838,4999,netbanking,success,,1,2026-08-09T23:31:57.950521
pay_04923,cust_0590,199,upi,success,,1,2026-07-30T08:41:57.950525
pay_04924,cust_1422,1999,upi,success,,1,2026-07-28T06:42:57.950530
pay_04925,cust_0669,2499,wallet,success,,1,2026-07-30T18:48:57.950535
pay_04926,cust_0917,999,netbanking,success,,1,2026-08-06T23:06:57.950540
pay_04927,cust_0927,9999,upi,success,,1,2026-07-28T09:28:57.950545
pay_04928,cust_0113,4999,upi,failed,limit_exceeded,2,2026-07-23T02:00:57.950550
pay_04929,cust_1037,499,netbanking,success,,1,2026-07-27T06:30:57.950554
pay_04930,cust_0304,299,upi,success,,1,2026-08-13T07:41:57.950559
pay_04931,cust_0835,1999,wallet,failed,network_error,1,2026-07-26T08:08:57.950564
pay_04932,cust_1475,1999,card,success,,1,2026-08-07T01:04:57.950569
pay_04933,cust_1308,999,upi,success,,1,2026-08-14T22:26:57.950574
pay_04934,cust_0319,199,card,success,,1,2026-08-14T08:12:57.950579
pay_04935,cust_0882,199,netbanking,success,,2,2026-07-26T08:39:57.950585
pay_04936,cust_0494,4999,upi,success,,2,2026-07-25T18:26:57.950589
pay_04937,cust_1231,9999,upi,success,,1,2026-07-24T05:10:57.950594
pay_04938,cust_0230,499,wallet,success,,1,2026-08-06T12:54:57.950598
pay_04939,cust_0657,4999,wallet,success,,1,2026-07-29T14:25:57.950603
pay_04940,cust_0165,199,upi,failed,limit_exceeded,1,2026-07-26T00:05:57.950608
pay_04941,cust_1354,1499,card,success,,2,2026-08-16T14:35:57.950612
pay_04942,cust_0172,9999,netbanking,success,,1,2026-08-03T15:22:57.950617
pay_04943,cust_1090,1999,wallet,success,,3,2026-08-16T22:10:57.950621
pay_04944,cust_1275,999,upi,success,,1,2026-08-14T08:57:57.950626
pay_04945,cust_0090,2499,netbanking,success,,2,2026-07-24T05:26:57.950630
pay_04946,cust_0576,999,netbanking,success,,1,2026-08-02T02:07:57.950635
pay_04947,cust_1466,1999,upi,failed,network_error,1,2026-07-29T06:51:57.950640
pay_04948,cust_0632,1999,netbanking,failed,insufficient_funds,1,2026-08-15T03:29:57.950644
pay_04949,cust_1149,1499,wallet,success,,1,2026-08-14T01:55:57.950649
pay_04950,cust_0986,499,upi,failed,network_error,1,2026-08-18T17:46:57.950654
pay_04951,cust_0719,9999,upi,success,,1,2026-08-08T09:19:57.950658
pay_04952,cust_1342,1499,upi,failed,bank_error,2,2026-08-21T04:31:57.950663
pay_04953,cust_0039,499,netbanking,success,,2,2026-08-10T20:15:57.950668
pay_04954,cust_0024,2499,wallet,success,,1,2026-07-27T02:04:57.950673
pay_04955,cust_0393,299,netbanking,success,,1,2026-07-28T10:34:57.950679
pay_04956,cust_0227,999,upi,success,,1,2026-07-31T18:05:57.950684
pay_04957,cust_1083,499,card,failed,network_error,1,2026-08-16T20:24:57.950688
pay_04958,cust_1166,1999,wallet,success,,1,2026-08-02T01:55:57.950693
pay_04959,cust_1012,1499,card,success,,1,2026-08-16T22:02:57.950697
pay_04960,cust_1316,1499,netbanking,success,,1,2026-08-20T18:17:57.950702
pay_04961,cust_0206,2499,upi,failed,network_error,1,2026-07-31T08:58:57.950706
pay_04962,cust_0295,499,upi,failed,insufficient_funds,2,2026-07-25T13:12:57.950711
pay_04963,cust_0303,4999,card,success,,1,2026-08-17T16:34:57.950716
pay_04964,cust_1092,1999,upi,success,,1,2026-07-27T18:09:57.950720
pay_04965,cust_0384,1999,card,success,,1,2026-08-10T16:25:57.950725
pay_04966,cust_1398,1999,wallet,success,,1,2026-07-28T01:33:57.950730
pay_04967,cust_0810,999,card,failed,limit_exceeded,1,2026-07-23T13:54:57.950734
pay_04968,cust_1373,199,upi,success,,1,2026-07-30T19:03:57.950739
pay_04969,cust_0831,499,wallet,success,,1,2026-08-21T11:58:57.950744
pay_04970,cust_0493,9999,upi,failed,timeout,1,2026-07-25T22:36:57.950749
pay_04971,cust_0844,199,netbanking,success,,1,2026-08-08T21:21:57.950754
pay_04972,cust_0283,9999,upi,failed,limit_exceeded,1,2026-08-18T20:28:57.950759
pay_04973,cust_1144,4999,card,success,,1,2026-07-24T02:02:57.950764
pay_04974,cust_0643,199,upi,failed,limit_exceeded,2,2026-08-13T08:48:57.950769
pay_04975,cust_0656,299,card,success,,2,2026-08-11T13:51:57.950774
pay_04976,cust_0663,299,wallet,success,,1,2026-08-07T15:38:57.950780
pay_04977,cust_1030,199,upi,success,,1,2026-08-05T05:03:57.950785
pay_04978,cust_0262,9999,card,failed,authentication_failed,3,2026-08-20T19:06:57.950790
pay_04979,cust_1381,199,wallet,success,,1,2026-08-15T14:01:57.950794
pay_04980,cust_1015,499,card,success,,1,2026-08-09T16:53:57.950799
pay_04981,cust_0894,1999,upi,success,,1,2026-07-29T06:26:57.950803
pay_04982,cust_0451,199,netbanking,success,,1,2026-07-23T23:51:57.950808
pay_04983,cust_0035,1499,netbanking,success,,1,2026-08-19T11:54:57.950813
pay_04984,cust_0630,499,upi,success,,1,2026-08-22T02:56:57.950817
pay_04985,cust_1128,2499,upi,success,,1,2026-08-10T04:49:57.950822
pay_04986,cust_0987,9999,card,failed,authentication_failed,1,2026-07-23T15:46:57.950826
pay_04987,cust_1042,1499,netbanking,failed,authentication_failed,1,2026-08-08T14:11:57.950831
pay_04988,cust_1390,1999,wallet,success,,1,2026-07-30T19:12:57.950835
pay_04989,cust_0120,299,upi,failed,bank_error,1,2026-07-29T12:19:57.950840
pay_04990,cust_0288,4999,netbanking,success,,1,2026-08-03T14:56:57.950844
pay_04991,cust_1197,299,card,success,,1,2026-08-15T01:15:57.950849
pay_04992,cust_1423,1499,wallet,success,,1,2026-07-31T11:58:57.950853
pay_04993,cust_0432,4999,upi,success,,1,2026-08-20T15:45:57.950858
pay_04994,cust_0290,299,upi,failed,network_error,1,2026-08-07T17:26:57.950863
pay_04995,cust_1030,499,netbanking,failed,timeout,2,2026-08-16T21:01:57.950868
pay_04996,cust_0541,1999,card,success,,1,2026-08-04T13:59:57.950873
pay_04997,cust_0087,299,card,failed,insufficient_funds,1,2026-08-20T13:13:57.950879
pay_04998,cust_0123,9999,netbanking,failed,network_error,1,2026-07-25T18:30:57.950884
pay_04999,cust_0154,2499,upi,failed,network_error,1,2026-08-01T05:56:57.950888
pay_05000,cust_0148,1999,card,success,,1,2026-08-17T01:43:57.950893
